TP_FUNDO_CLASSE;CNPJ_FUNDO_CLASSE;DENOM_SOCIAL;DT_COMPTC;TP_APLIC;TP_ATIVO;EMISSOR_LIGADO;TP_NEGOC;QT_VENDA_NEGOC;VL_VENDA_NEGOC;QT_AQUIS_NEGOC;VL_AQUIS_NEGOC;QT_POS_FINAL;VL_MERC_POS_FINAL;VL_CUSTO_POS_FINAL;DT_CONFID_APLIC;PF_PJ_EMISSOR;CPF_CNPJ_EMISSOR;EMISSOR;DT_VENC;TITULO_POSFX;CD_INDEXADOR_POSFX;DS_INDEXADOR_POSFX;PR_INDEXADOR_POSFX;PR_CUPOM_POSFX;PR_TAXA_PREFX;TITULO_CETIP;TITULO_GARANTIA;CNPJ_INSTITUICAO_FINANC_COOBR
CLASSES - FIF;00.807.777/0001-62;DAYCOVAL RENDA FIXA FUNDO DE INVESTIMENTO FINANCEIRO;2025-11-30;Debêntures;Debênture simples;N;Para negociação;;;;;5198.000000;1133114.40;;;PJ;01.599.101/0001-93;SEQUOIA LOGÍSTICA E TRANSPORTES S.A.;2027-12-31;S;DI1;DI de um dia;100.000000;0.000000;;S;N;
CLASSES - FIF;00.807.777/0001-62;DAYCOVAL RENDA FIXA FUNDO DE INVESTIMENTO FINANCEIRO;2025-11-30;Títulos ligados ao agronegócio;CRA;N;Para negociação;;;;;520.000000;524091.84;;;PJ;10.753.164/0001-43;ECO SECURITIZADORA DIREITOS CREDITORIOS AGRONEGOCIO SA;2029-09-05;S;DI1;DI de um dia;100.000000;3.500000;;S;N;
CLASSES - FIF;00.807.777/0001-62;DAYCOVAL RENDA FIXA FUNDO DE INVESTIMENTO FINANCEIRO;2025-11-30;Títulos ligados ao agronegócio;CRA;N;Para negociação;;;;;20.000000;21611.52;;;PJ;25.005.683/0001-09;VERT COMPANHIA SECURITIZADORA;2034-02-10;S;DI1;DI de um dia;107.000000;0.000000;;S;N;
CLASSES - FIF;00.807.777/0001-62;DAYCOVAL RENDA FIXA FUNDO DE INVESTIMENTO FINANCEIRO;2025-11-30;Títulos ligados ao agronegócio;CRA;N;Para negociação;;;;;25.000000;25543.21;;;PJ;08.769.451/0001-08;VIRGO COMPANHIA DE SECURITIZAÇÃO;2029-04-12;S;DI1;DI de um dia;100.000000;0.000000;;S;N;
CLASSES - FIF;00.807.777/0001-62;DAYCOVAL RENDA FIXA FUNDO DE INVESTIMENTO FINANCEIRO;2025-11-30;Títulos ligados ao agronegócio;CRA;N;Para negociação;;;;;460.000000;474583.27;;;PJ;10.753.164/0001-43;ECO SECURITIZADORA DIREITOS CREDITORIOS AGRONEGOCIO SA;2030-08-15;S;DI1;DI de um dia;103.100000;0.000100;;S;N;
CLASSES - FIF;00.807.777/0001-62;DAYCOVAL RENDA FIXA FUNDO DE INVESTIMENTO FINANCEIRO;2025-11-30;Títulos ligados ao agronegócio;CRA;N;Para negociação;;;;;303.000000;155089.53;;;PJ;02.773.542/0001-22;OPEA SECURITIZADORA S.A.;2026-12-17;S;DI1;DI de um dia;100.000000;5.350000;;S;N;
CLASSES - FIF;00.832.435/0001-00;ITAÚ INSTITUCIONAL RENDA FIXA REFERENCIADO DI FIF RESP LIMITADA;2025-11-30;Debêntures;Debênture simples;N;Para negociação;;;;;4292.000000;4314402.46;;;PJ;43.776.517/0001-80;CIA SANEAMENTO BASICO EST SAO PAULO;2032-11-14;S;DI1;DI de um dia;100.000000;0.690000;;S;N;
CLASSES - FIF;00.852.311/0001-89;BB TOP DI RENDA FIXA REFERENCIADO DI LONGO PRAZO FIF RESPONSABILIDADE LIMITADA;2025-11-30;Debêntures;Debênture simples;N;Para negociação;;;;;40000.000000;40156690.11;;;PJ;61.856.571/0001-17;CIA GAS SAO PAULO COMGAS;2028-05-15;S;DI1;DI de um dia;100.000000;0.450000;;S;N;
CLASSES - FIF;00.888.897/0001-31;BTG PACTUAL HEDGE FUNDO DE INVESTIMENTO FINANCEIRO RENDA FIXA;2025-11-30;Debêntures;Debênture simples;N;Para negociação;;;;;2387.000000;2374576.07;;;PJ;09.288.252/0001-32;ANIMA HOLDING S.A.;2029-10-15;S;DI1;DI de um dia;100.000000;1.930200;;S;N;
CLASSES - FIF;00.888.897/0001-31;BTG PACTUAL HEDGE FUNDO DE INVESTIMENTO FINANCEIRO RENDA FIXA;2025-11-30;Debêntures;Debênture simples;N;Para negociação;;;;;9550.000000;9640678.07;;;PJ;55.085.811/0001-24;EXES SECURITIZADORA S.A.;2031-10-20;S;DI1;DI de um dia;100.000000;1.000000;;S;N;
CLASSES - FIF;00.974.902/0001-29;BOLT PREV FI FINANCEIRO MULTIMERCADO CRÉDITO PRIVADO RESPONSABILIDADE LIMITADA;2025-11-30;Debêntures;Debênture simples;N;Para negociação;;;;;629.000000;626362.57;;;PJ;61.585.865/0001-51;RAIA DROGASIL S.A. - RAIDROGASIL;2032-11-10;S;DI1;DI de um dia;100.000000;0.618481;;S;N;
CLASSES - FIF;01.375.954/0001-41;PLANNER REDWOOD FUNDO DE INVESTIMENTO RENDA FIXA LONGO PRAZO RESPOSABILIDADE LIMITADA;2025-11-30;Títulos de Crédito Privado;Nota Promissória/ Commercial Paper/ Export Note;N;Para negociação;;;;;3000.000000;1088850.61;;;PJ;19.347.360/0001-92;LEGACY NEG IMOB E PART SA;2026-03-19;S;DI1;DI de um dia;100.000000;0.000000;;N;N;
CLASSES - FIF;01.591.605/0001-67;SANTANDER INSTITUCIONAL RENDA FIXA REF DI - FIF RESP LIMITADA;2025-11-30;Títulos de Crédito Privado;Nota Promissória/ Commercial Paper/ Export Note;N;Para negociação;;;;;2057.000000;2216634.22;;;PJ;15.139.629/0001-94;COELBA;2027-06-20;S;DI1;DI de um dia;100.000000;1.413421;;S;N;
CLASSES - FIF;01.623.379/0001-59;ITAÚ FPP MODERADO FIF - CLASSE DE INVESTIMENTO MULTIMERCADO CRÉD PRIV - RESP LIMITADA;2025-11-30;Títulos de Crédito Privado;Nota Promissória/ Commercial Paper/ Export Note;N;Para negociação;;;;;574.000000;305679.84;;;PJ;07.282.377/0001-20;ENERGISA SUL SU;2026-07-06;S;DI1;DI de um dia;100.000000;1.552637;;S;N;
CLASSES - FIF;01.623.379/0001-59;ITAÚ FPP MODERADO FIF - CLASSE DE INVESTIMENTO MULTIMERCADO CRÉD PRIV - RESP LIMITADA;2025-11-30;Títulos de Crédito Privado;Nota Promissória/ Commercial Paper/ Export Note;N;Para negociação;;;;;766.000000;406930.45;;;PJ;15.413.826/0001-50;ENERSUL;2026-07-11;S;DI1;DI de um dia;100.000000;1.552632;;S;N;
CLASSES - FIF;01.623.379/0001-59;ITAÚ FPP MODERADO FIF - CLASSE DE INVESTIMENTO MULTIMERCADO CRÉD PRIV - RESP LIMITADA;2025-11-30;Títulos de Crédito Privado;Nota Promissória/ Commercial Paper/ Export Note;N;Para negociação;;;;;1790.000000;1837090.04;;;PJ;97.837.181/0001-47;DEXCO S.A;2028-03-30;S;DI1;DI de um dia;100.000000;1.708884;;S;N;
CLASSES - FIF;01.630.558/0001-13;SANTANDER RENDA FIXA REFERENCIADO DI - FIF RESP LIMITADA;2025-11-30;Títulos de Crédito Privado;Nota Promissória/ Commercial Paper/ Export Note;N;Para negociação;;;;;21178.000000;22821526.24;;;PJ;15.139.629/0001-94;COELBA;2027-06-20;S;DI1;DI de um dia;100.000000;1.413421;;S;N;
CLASSES - FIF;01.630.558/0001-13;SANTANDER RENDA FIXA REFERENCIADO DI - FIF RESP LIMITADA;2025-11-30;Títulos de Crédito Privado;Nota Promissória/ Commercial Paper/ Export Note;N;Para negociação;;;;;71676.000000;76139336.15;;;PJ;15.483.161/0001-50;ALSOL ENERGIAS;2027-06-23;S;DI1;DI de um dia;100.000000;0.597238;;S;N;
CLASSES - FIF;01.822.655/0001-08;BANRISUL MASTER FUNDO DE INVESTIMENTO FINANCEIRO RENDA FIXA REFERENCIADO DI LONGO PRAZO RESPONSABILI;2025-11-30;Debêntures;Debênture simples;N;Para negociação;;;;;10000.000000;10183498.35;;;PJ;02.600.854/0001-34;TIM BRASIL PART;2030-07-23;S;DI1;DI de um dia;100.000000;0.528012;;S;N;
CLASSES - FIF;01.822.655/0001-08;BANRISUL MASTER FUNDO DE INVESTIMENTO FINANCEIRO RENDA FIXA REFERENCIADO DI LONGO PRAZO RESPONSABILI;2025-11-30;Debêntures;Debênture simples;N;Para negociação;;;;;19900.000000;20265161.72;;;PJ;02.600.854/0001-34;TIM BRASIL PART;2030-07-23;S;DI1;DI de um dia;100.000000;0.551000;;S;N;
CLASSES - FIF;01.822.655/0001-08;BANRISUL MASTER FUNDO DE INVESTIMENTO FINANCEIRO RENDA FIXA REFERENCIADO DI LONGO PRAZO RESPONSABILI;2025-11-30;Debêntures;Debênture simples;N;Para negociação;;;;;1600.000000;1632895.03;;;PJ;89.086.144/0011-98;RANDON SA;2029-11-09;S;DI1;DI de um dia;100.000000;1.309397;;S;N;
CLASSES - FIF;01.822.655/0001-08;BANRISUL MASTER FUNDO DE INVESTIMENTO FINANCEIRO RENDA FIXA REFERENCIADO DI LONGO PRAZO RESPONSABILI;2025-11-30;Debêntures;Debênture simples;N;Para negociação;;;;;17400.000000;17757733.46;;;PJ;89.086.144/0011-98;RANDON SA;2029-11-09;S;DI1;DI de um dia;100.000000;1.167618;;S;N;
CLASSES - FIF;01.822.655/0001-08;BANRISUL MASTER FUNDO DE INVESTIMENTO FINANCEIRO RENDA FIXA REFERENCIADO DI LONGO PRAZO RESPONSABILI;2025-11-30;Debêntures;Debênture simples;N;Para negociação;;;;;10496.000000;10711791.40;;;PJ;89.086.144/0011-98;RANDON SA;2029-11-09;S;DI1;DI de um dia;100.000000;1.150342;;S;N;
CLASSES - FIF;01.822.655/0001-08;BANRISUL MASTER FUNDO DE INVESTIMENTO FINANCEIRO RENDA FIXA REFERENCIADO DI LONGO PRAZO RESPONSABILI;2025-11-30;Debêntures;Debênture simples;N;Para negociação;;;;;901.000000;955316.28;;;PJ;06.057.223/0001-71;SENDAS DISTRIB;2029-06-20;S;DI1;DI de um dia;100.000000;1.258100;;S;N;
CLASSES - FIF;01.822.655/0001-08;BANRISUL MASTER FUNDO DE INVESTIMENTO FINANCEIRO RENDA FIXA REFERENCIADO DI LONGO PRAZO RESPONSABILI;2025-11-30;Debêntures;Debênture simples;N;Para negociação;;;;;27200.000000;28839736.90;;;PJ;06.057.223/0001-71;SENDAS DISTRIB;2029-06-20;S;DI1;DI de um dia;100.000000;1.643468;;S;N;
CLASSES - FIF;01.822.655/0001-08;BANRISUL MASTER FUNDO DE INVESTIMENTO FINANCEIRO RENDA FIXA REFERENCIADO DI LONGO PRAZO RESPONSABILI;2025-11-30;Debêntures;Debênture simples;N;Para negociação;;;;;24000.000000;26215658.59;;;PJ;75.609.123/0001-23;UNIDAS LOCAÇÕES;2029-06-10;S;DI1;DI de um dia;100.000000;2.418474;;S;N;
CLASSES - FIF;02.224.382/0001-62;SANTANDER  EQUILÍBRIO RENDA FIXA REF DI CRÉDITO PRIVADO - FIF RESP LIMITADA;2025-11-30;Títulos de Crédito Privado;Nota Promissória/ Commercial Paper/ Export Note;N;Para negociação;;;;;25930.000000;27544687.01;;;PJ;15.483.161/0001-50;ALSOL ENERGIAS;2027-06-23;S;DI1;DI de um dia;100.000000;0.597238;;S;N;
CLASSES - FIF;02.296.928/0001-90;BB INSTITUCIONAL FUNDO DE INVESTIMENTO FINANCEIRO RENDA FIXA RESPONSABILIDADE LIMITADA;2025-11-30;Debêntures;Debênture simples;N;Para negociação;;;;;6000.000000;6023503.52;;;PJ;61.856.571/0001-17;CIA GAS SAO PAULO COMGAS;2028-05-15;S;DI1;DI de um dia;100.000000;0.450000;;S;N;
CLASSES - FIF;02.296.928/0001-90;BB INSTITUCIONAL FUNDO DE INVESTIMENTO FINANCEIRO RENDA FIXA RESPONSABILIDADE LIMITADA;2025-11-30;Debêntures;Debênture simples;N;Para negociação;;;;;5000.000000;5043295.85;;;PJ;88.610.126/0001-29;FRAS-LE SA;2030-10-25;S;DI1;DI de um dia;100.000000;0.750000;;S;N;
CLASSES - FIF;02.296.928/0001-90;BB INSTITUCIONAL FUNDO DE INVESTIMENTO FINANCEIRO RENDA FIXA RESPONSABILIDADE LIMITADA;2025-11-30;Debêntures;Debênture simples;N;Para negociação;;;;;7000.000000;7062747.28;;;PJ;08.402.943/0001-52;GUARARAPES CONFECCOES SA (EX CONFECCOES GUARARAPES SA);2028-10-15;S;DI1;DI de um dia;100.000000;0.950000;;S;N;
CLASSES - FIF;02.296.928/0001-90;BB INSTITUCIONAL FUNDO DE INVESTIMENTO FINANCEIRO RENDA FIXA RESPONSABILIDADE LIMITADA;2025-11-30;Debêntures;Debênture simples;N;Para negociação;;;;;5000.000000;5050779.94;;;PJ;43.776.517/0001-80;COMPANHIA SANEAMENTO BASICO ESTADO SAO PAULO SABESP;2035-11-14;S;DI1;DI de um dia;100.000000;0.900000;;S;N;
CLASSES - FIF;02.296.928/0001-90;BB INSTITUCIONAL FUNDO DE INVESTIMENTO FINANCEIRO RENDA FIXA RESPONSABILIDADE LIMITADA;2025-11-30;Debêntures;Debênture simples;N;Para negociação;;;;;2765.000000;2765993.96;;;PJ;01.637.895/0001-32;VOTORANTIM CIMENTOS SA;2033-01-25;S;DI1;DI de um dia;100.000000;0.600000;;S;N;
CLASSES - FIF;02.846.259/0001-83;TIBAGI FI FINANCEIRO - CI MULT CRED PRIV - RESP LIMITADA;2025-11-30;Títulos de Crédito Privado;Nota Promissória/ Commercial Paper/ Export Note;N;Para negociação;;;;;1234.000000;1312850.59;;;PJ;33.000.167/0001-01;PETROLEO BRASILEIRO S.A. PETROBRAS;2030-02-25;S;DI1;DI de um dia;100.000000;1.650000;;S;N;
CLASSES - FIF;03.001.786/0001-50;BB EXCLUSIVE 11 FUNDO DE INVESTIMENTO FINANCEIRO RENDA FIXA CRÉDITO PRIVADO RESP LIMITADA;2025-11-30;Debêntures;Debênture Permutável;N;Para negociação;;;;;2559.000000;106455.64;;;PJ;01.599.101/0001-93;SEQUOIA LOGÍSTICA E TRANSPORTES S.A.;2025-12-31;S;PRE;Taxa de juro prefixada;100.000000;12.682500;;S;N;
CLASSES - FIF;03.303.563/0001-47;PERSONAL FIF - CLASSE DE INVESTIMENTO MULTIMERCADO - RESP LIMITADA;2025-11-30;Títulos de Crédito Privado;CCB;N;Para negociação;;;;;1.000000;129598.58;;;PJ;83.475.913/0001-91;PORTO BELO S/A;2026-03-11;S;DI1;DI de um dia;100.000000;2.742599;;S;N;
CLASSES - FIF;03.303.563/0001-47;PERSONAL FIF - CLASSE DE INVESTIMENTO MULTIMERCADO - RESP LIMITADA;2025-11-30;Títulos de Crédito Privado;CCCB;N;Para negociação;;;;;1.000000;302020.88;;;PJ;15.114.366/0001-69;BANCO BOCOM BBM;2026-08-04;S;DI1;DI de um dia;100.000000;3.157276;;S;N;
CLASSES - FIF;03.303.563/0001-47;PERSONAL FIF - CLASSE DE INVESTIMENTO MULTIMERCADO - RESP LIMITADA;2025-11-30;Títulos de Crédito Privado;Nota Promissória/ Commercial Paper/ Export Note;N;Para negociação;;;;;500.000000;513568.63;;;PJ;27.317.702/0001-50;SPIC BRASIL ENE;2026-03-30;S;DI1;DI de um dia;100.000000;2.227774;;S;N;
CLASSES - FIF;03.389.374/0001-39;BB TOP RF ARROJADO FUNDO DE INVESTIMENTO FINANCEIRO RENDA FIXA LONGO PRAZO RESPONSABILIDADE LIMITADA;2025-11-30;Debêntures;Debênture simples;N;Para negociação;;;;;20000.000000;22007620.25;;;PJ;50.365.355/0001-52;BIOMETANO VERDE PAULINIA SA;2025-12-31;S;DI1;DI de um dia;100.000000;1.200000;;S;N;
CLASSES - FIF;03.389.374/0001-39;BB TOP RF ARROJADO FUNDO DE INVESTIMENTO FINANCEIRO RENDA FIXA LONGO PRAZO RESPONSABILIDADE LIMITADA;2025-11-30;Títulos ligados ao agronegócio;CRA;N;Para negociação;;;;;63380.000000;67618373.61;;;PJ;10.753.164/0001-43;ECO SECURITIZADORA DIREITOS CREDITORIOS AGRONEGOCIO SA;2029-06-15;S;DI1;DI de um dia;95.000000;0.000000;;S;N;
CLASSES - FIF;03.389.374/0001-39;BB TOP RF ARROJADO FUNDO DE INVESTIMENTO FINANCEIRO RENDA FIXA LONGO PRAZO RESPONSABILIDADE LIMITADA;2025-11-30;Títulos ligados ao agronegócio;CRA;N;Para negociação;;;;;162.000000;202920.86;;;PJ;02.773.542/0001-22;OPEA SECURITIZADORA S.A.;2027-09-15;S;IAP;Índice de Preços ao Consumidor Amplo (IPCA/IBGE);100.000000;7.194500;;S;N;
CLASSES - FIF;03.389.374/0001-39;BB TOP RF ARROJADO FUNDO DE INVESTIMENTO FINANCEIRO RENDA FIXA LONGO PRAZO RESPONSABILIDADE LIMITADA;2025-11-30;Títulos ligados ao agronegócio;CRA;N;Para negociação;;;;;30000.000000;31382696.15;;;PJ;02.773.542/0001-22;OPEA SECURITIZADORA S.A.;2030-02-15;S;DI1;DI de um dia;96.000000;0.000000;;S;N;
CLASSES - FIF;03.389.374/0001-39;BB TOP RF ARROJADO FUNDO DE INVESTIMENTO FINANCEIRO RENDA FIXA LONGO PRAZO RESPONSABILIDADE LIMITADA;2025-11-30;Títulos ligados ao agronegócio;CRA;N;Para negociação;;;;;140000.000000;144431321.13;;;PJ;02.773.542/0001-22;OPEA SECURITIZADORA S.A.;2035-09-25;S;DI1;DI de um dia;103.000000;0.000000;;S;N;
CLASSES - FIF;03.389.374/0001-39;BB TOP RF ARROJADO FUNDO DE INVESTIMENTO FINANCEIRO RENDA FIXA LONGO PRAZO RESPONSABILIDADE LIMITADA;2025-11-30;Títulos ligados ao agronegócio;CRA;N;Para negociação;;;;;240000.000000;262423658.32;;;PJ;02.773.542/0001-22;OPEA SECURITIZADORA S.A.;2035-03-29;S;DI1;DI de um dia;103.000000;0.000000;;S;N;
CLASSES - FIF;03.389.374/0001-39;BB TOP RF ARROJADO FUNDO DE INVESTIMENTO FINANCEIRO RENDA FIXA LONGO PRAZO RESPONSABILIDADE LIMITADA;2025-11-30;Títulos ligados ao agronegócio;CRA;N;Para negociação;;;;;78393.000000;81360090.34;;;PJ;08.769.451/0001-08;VIRGO COMPANHIA DE SECURITIZA  O;2029-10-15;S;DI1;DI de um dia;100.000000;1.500000;;S;N;
CLASSES - FIF;03.389.374/0001-39;BB TOP RF ARROJADO FUNDO DE INVESTIMENTO FINANCEIRO RENDA FIXA LONGO PRAZO RESPONSABILIDADE LIMITADA;2025-11-30;Títulos ligados ao agronegócio;CRA;N;Para negociação;;;;;20000.000000;19886183.28;;;PJ;08.769.451/0001-08;VIRGO COMPANHIA DE SECURITIZA  O;2030-02-25;S;DI1;DI de um dia;100.000000;1.350000;;S;N;
CLASSES - FIF;03.389.374/0001-39;BB TOP RF ARROJADO FUNDO DE INVESTIMENTO FINANCEIRO RENDA FIXA LONGO PRAZO RESPONSABILIDADE LIMITADA;2025-11-30;Títulos ligados ao agronegócio;CRA;N;Para negociação;;;;;29742.000000;32636778.85;;;PJ;02.773.542/0001-22;OPEA SECURITIZADORA S.A.;2028-12-15;S;DI1;DI de um dia;100.000000;1.700000;;S;N;
CLASSES - FIF;03.389.374/0001-39;BB TOP RF ARROJADO FUNDO DE INVESTIMENTO FINANCEIRO RENDA FIXA LONGO PRAZO RESPONSABILIDADE LIMITADA;2025-11-30;Títulos ligados ao agronegócio;CRA;N;Para negociação;;;;;550.000000;571019.53;;;PJ;02.773.542/0001-22;OPEA SECURITIZADORA S.A.;2028-06-16;S;DI1;DI de um dia;100.000000;1.500000;;S;N;
CLASSES - FIF;03.389.374/0001-39;BB TOP RF ARROJADO FUNDO DE INVESTIMENTO FINANCEIRO RENDA FIXA LONGO PRAZO RESPONSABILIDADE LIMITADA;2025-11-30;Títulos ligados ao agronegócio;CRA;N;Para negociação;;;;;29044.000000;29244810.28;;;PJ;02.773.542/0001-22;OPEA SECURITIZADORA S.A.;2028-10-16;S;DI1;DI de um dia;100.000000;1.450000;;S;N;
CLASSES - FIF;03.389.374/0001-39;BB TOP RF ARROJADO FUNDO DE INVESTIMENTO FINANCEIRO RENDA FIXA LONGO PRAZO RESPONSABILIDADE LIMITADA;2025-11-30;Títulos ligados ao agronegócio;CRA;N;Para negociação;;;;;53000.000000;44311583.49;;;PJ;12.130.744/0001-00;TRUE SECURITIZADORA S.A.;2026-09-15;S;DI1;DI de um dia;100.000000;0.600000;;S;N;
CLASSES - FIF;03.389.374/0001-39;BB TOP RF ARROJADO FUNDO DE INVESTIMENTO FINANCEIRO RENDA FIXA LONGO PRAZO RESPONSABILIDADE LIMITADA;2025-11-30;Títulos ligados ao agronegócio;CRA;N;Para negociação;;;;;48120.000000;51464359.89;;;PJ;12.130.744/0001-00;TRUE SECURITIZADORA S.A.;2028-12-15;S;DI1;DI de um dia;100.000000;1.250000;;S;N;
CLASSES - FIF;03.389.374/0001-39;BB TOP RF ARROJADO FUNDO DE INVESTIMENTO FINANCEIRO RENDA FIXA LONGO PRAZO RESPONSABILIDADE LIMITADA;2025-11-30;Títulos ligados ao agronegócio;CRA;N;Para negociação;;;;;7841.000000;4071726.81;;;PJ;12.130.744/0001-00;TRUE SECURITIZADORA S.A.;2027-08-16;S;DI1;DI de um dia;100.000000;1.250000;;S;N;
CLASSES - FIF;03.389.374/0001-39;BB TOP RF ARROJADO FUNDO DE INVESTIMENTO FINANCEIRO RENDA FIXA LONGO PRAZO RESPONSABILIDADE LIMITADA;2025-11-30;Títulos ligados ao agronegócio;CRA;N;Para negociação;;;;;49604.000000;12687626.25;;;PJ;12.130.744/0001-00;TRUE SECURITIZADORA S.A.;2028-10-16;S;DI1;DI de um dia;100.000000;1.300000;;S;N;
CLASSES - FIF;03.389.374/0001-39;BB TOP RF ARROJADO FUNDO DE INVESTIMENTO FINANCEIRO RENDA FIXA LONGO PRAZO RESPONSABILIDADE LIMITADA;2025-11-30;Títulos ligados ao agronegócio;CRA;N;Para negociação;;;;;19343.000000;19391314.72;;;PJ;12.130.744/0001-00;TRUE SECURITIZADORA S.A.;2028-11-16;S;DI1;DI de um dia;100.000000;1.550000;;S;N;
CLASSES - FIF;03.597.122/0001-03;RESULT FIF - CLASSE DE INVESTIMENTO MULTIMERCADO CRÉDITO PRIVADO - RESP LIMITADA;2025-11-30;Títulos de Crédito Privado;CCCB;N;Para negociação;;;;;1.000000;135475.57;;;PJ;15.114.366/0001-69;BANCO BOCOM BBM;2026-12-28;S;DI1;DI de um dia;100.000000;4.730982;;S;N;
CLASSES - FIF;03.960.320/0001-81;UNIMED RF 100 C EM FUNDO DE INVESTIMENTO FINANCEIRO RENDA FIXA RESPONSABILIDADE LIMITADA;2025-11-30;Debêntures;Debênture simples;N;Para negociação;;;;;3020.000000;3004281.41;;;PJ;09.288.252/0001-32;ANIMA HOLDING S.A.;2029-10-15;S;DI1;DI de um dia;100.000000;1.500000;;S;N;
CLASSES - FIF;03.960.320/0001-81;UNIMED RF 100 C EM FUNDO DE INVESTIMENTO FINANCEIRO RENDA FIXA RESPONSABILIDADE LIMITADA;2025-11-30;Debêntures;Debênture simples;N;Para negociação;;;;;11933.000000;12046305.05;;;PJ;55.085.811/0001-24;EXES SECURITIZADORA SA;2031-10-20;S;DI1;DI de um dia;100.000000;1.000000;;S;N;
CLASSES - FIF;03.960.320/0001-81;UNIMED RF 100 C EM FUNDO DE INVESTIMENTO FINANCEIRO RENDA FIXA RESPONSABILIDADE LIMITADA;2025-11-30;Títulos de Crédito Privado;Nota Promissória/ Commercial Paper/ Export Note;N;Para negociação;;;;;2924.000000;3085448.46;;;PJ;50.746.577/0001-15;COSAN SA INDUSTRIA E COMERCIO;2031-01-30;S;DI1;DI de um dia;100.000000;1.800000;;S;N;
CLASSES - FIF;04.113.821/0001-95;FUNDO DE INVESTIMENTO RENDA FIXA CREDITO PRIVADO COLÔNIA;2025-11-30;Títulos de Crédito Privado;Nota Promissória/ Commercial Paper/ Export Note;N;Para negociação;;;;;805.000000;851330.71;;;PJ;33.000.167/0001-01;PETROLEO BRASIL;2030-02-25;S;DI1;DI de um dia;100.000000;1.647785;;S;N;
CLASSES - FIF;04.113.821/0001-95;FUNDO DE INVESTIMENTO RENDA FIXA CREDITO PRIVADO COLÔNIA;2025-11-30;Títulos de Crédito Privado;Nota Promissória/ Commercial Paper/ Export Note;N;Para negociação;;;;;393.000000;415618.59;;;PJ;33.000.167/0001-01;PETROLEO BRASIL;2030-02-25;S;DI1;DI de um dia;100.000000;1.654398;;S;N;
CLASSES - FIF;04.444.179/0001-27;ANTARCTICA FUNDO DE INVESTIMENTO FINANCEIRO MULTIMERCADO CRÉDITO PRIVADO RESPONSABILIDADE LIMITADA;2025-11-30;Títulos ligados ao agronegócio;CRA;N;Para negociação;;;;;528.000000;471171.85;;;PJ;12.130.744/0001-00;TRUE SECURITIZADORA S.A.;2032-08-15;S;OUT;OUTROS;100.000000;6.588500;;S;N;
CLASSES - FIF;04.444.179/0001-27;ANTARCTICA FUNDO DE INVESTIMENTO FINANCEIRO MULTIMERCADO CRÉDITO PRIVADO RESPONSABILIDADE LIMITADA;2025-11-30;Títulos ligados ao agronegócio;CRA;N;Para negociação;;;;;62.000000;47259.20;;;PJ;12.130.744/0001-00;TRUE SECURITIZADORA S.A.;2033-10-17;S;OUT;OUTROS;100.000000;6.251300;;S;N;
CLASSES - FIF;04.444.179/0001-27;ANTARCTICA FUNDO DE INVESTIMENTO FINANCEIRO MULTIMERCADO CRÉDITO PRIVADO RESPONSABILIDADE LIMITADA;2025-11-30;Títulos ligados ao agronegócio;CRA;N;Para negociação;;;;;450.000000;518446.21;;;PJ;12.130.744/0001-00;TRUE SECURITIZADORA S.A.;2029-07-16;S;IAP;Índice de Preços ao Consumidor Amplo (IPCA/IBGE);100.000000;3.602000;;S;N;
CLASSES - FIF;04.621.721/0001-70;XP CORPORATE TOP CRÉDITO PRIVADO FI FINANCEIRO EM RENDA FIXA LONGO PRAZO - RESPONSABILIDADE LIMITADA;2025-11-30;Debêntures;Debênture simples;N;Para negociação;;;;;12000.000000;12114446.38;;;PJ;55.085.811/0001-24;ÉXES SECURITIZADORA S.A.;2031-10-20;S;DI1;DI de um dia;100.000000;1.121225;;S;N;
CLASSES - FIF;04.621.721/0001-70;XP CORPORATE TOP CRÉDITO PRIVADO FI FINANCEIRO EM RENDA FIXA LONGO PRAZO - RESPONSABILIDADE LIMITADA;2025-11-30;Títulos de Crédito Privado;Nota Promissória/ Commercial Paper/ Export Note;N;Para negociação;;;;;10510.000000;11100917.18;;;PJ;29.198.324/0001-68;ABC BRASIL COMERCIALIZADORA DE ENER;2026-07-22;S;DI1;DI de um dia;100.000000;1.198333;;S;N;
CLASSES - FIF;04.621.721/0001-70;XP CORPORATE TOP CRÉDITO PRIVADO FI FINANCEIRO EM RENDA FIXA LONGO PRAZO - RESPONSABILIDADE LIMITADA;2025-11-30;Títulos de Crédito Privado;Nota Promissória/ Commercial Paper/ Export Note;N;Para negociação;;;;;9871.000000;10546704.67;;;PJ;29.198.324/0001-68;ABC BRASIL COMERCIALIZADORA DE ENER;2026-12-20;S;DI1;DI de um dia;100.000000;0.748951;;S;N;
CLASSES - FIF;04.621.721/0001-70;XP CORPORATE TOP CRÉDITO PRIVADO FI FINANCEIRO EM RENDA FIXA LONGO PRAZO - RESPONSABILIDADE LIMITADA;2025-11-30;Títulos de Crédito Privado;Nota Promissória/ Commercial Paper/ Export Note;N;Para negociação;;;;;4000.000000;4332700.14;;;PJ;50.746.577/0001-15;COSAN SA INDUSTRIA E COMERCIO;2028-12-27;S;DI1;DI de um dia;100.000000;1.729147;;S;N;
CLASSES - FIF;04.621.721/0001-70;XP CORPORATE TOP CRÉDITO PRIVADO FI FINANCEIRO EM RENDA FIXA LONGO PRAZO - RESPONSABILIDADE LIMITADA;2025-11-30;Títulos de Crédito Privado;Nota Promissória/ Commercial Paper/ Export Note;N;Para negociação;;;;;1800.000000;1949715.06;;;PJ;50.746.577/0001-15;COSAN SA INDUSTRIA E COMERCIO;2028-12-27;S;DI1;DI de um dia;100.000000;1.738334;;S;N;
CLASSES - FIF;04.786.966/0001-57;DUCAPE FUNDO DE INVESTIMENTO FINANCEIRO;2025-11-30;Debêntures;Debênture simples;N;Para negociação;;;;;4233.000000;19192.06;;;PJ;60.444.437/0001-46;LIGHT SERVICOS ELETRICIDADE SA;2027-08-31;S;PRE;Taxa de juro prefixada;100.000000;0.000000;;S;N;
CLASSES - FIF;04.786.966/0001-57;DUCAPE FUNDO DE INVESTIMENTO FINANCEIRO;2025-11-30;Debêntures;Debênture simples;N;Para negociação;;;;;115.000000;25068.90;;;PJ;01.599.101/0001-93;SEQUOIA LOGÍSTICA E TRANSPORTES S.A.;2027-12-31;S;DI1;DI de um dia;100.000000;0.000000;;S;N;
CLASSES - FIF;04.786.966/0001-57;DUCAPE FUNDO DE INVESTIMENTO FINANCEIRO;2025-11-30;Títulos ligados ao agronegócio;CRA;N;Para negociação;;;;;51.000000;26104.18;;;PJ;02.773.542/0001-22;OPEA SECURITIZADORA S.A.;2026-12-17;S;DI1;DI de um dia;100.000000;5.350000;;S;N;
CLASSES - FIF;04.871.799/0001-42;BRASIL FUNDO DE INVESTIMENTO EM COTAS DE FUNDOS DE INVESTIMENTO FINANCEIRO MULTIMERCADO CP;2025-11-30;Debêntures;Debênture simples;N;Para negociação;;;;;18281.000000;82884.48;;;PJ;60.444.437/0001-46;LIGHT SERVICOS ELETRICIDADE SA;2027-08-31;S;PRE;Taxa de juro prefixada;100.000000;0.000000;;S;N;
CLASSES - FIF;04.957.589/0001-71;CIFRÃO CLASSE DE INVESTIMENTO  MULTIMERCADO PREVIDÊNCIÁRIO - RESP LIMITADA;2025-11-30;Títulos de Crédito Privado;Nota Promissória/ Commercial Paper/ Export Note;N;Para negociação;0.000000;0.00;0.000000;0.00;30.000000;16016.93;;;PJ;15.413.826/0001-50;ENERGISA MS;2026-07-11;S;DI1;DI de um dia;100.000000;1.552632;;S;N;
CLASSES - FIF;04.957.589/0001-71;CIFRÃO CLASSE DE INVESTIMENTO  MULTIMERCADO PREVIDÊNCIÁRIO - RESP LIMITADA;2025-11-30;Títulos de Crédito Privado;Nota Promissória/ Commercial Paper/ Export Note;N;Para negociação;0.000000;0.00;0.000000;0.00;47.000000;48708.09;;;PJ;97.837.181/0001-47;DEXCO S.A;2028-03-30;S;DI1;DI de um dia;100.000000;1.708884;;S;N;
CLASSES - FIF;05.011.902/0001-47;BRADESCO FIF - CLASSE DE INVESTIMENTO MULTI DUBLIN - RESP LIMITADA;2025-11-30;Títulos de Crédito Privado;Nota Promissória/ Commercial Paper/ Export Note;N;Para negociação;;;;;1460.000000;1556729.31;;;PJ;29.198.324/0001-68;ABC BRASIL COME;2026-12-20;S;DI1;DI de um dia;100.000000;0.749999;;S;N;
CLASSES - FIF;05.117.292/0001-60;FUNDO DE INVESTIMENTO MULTIMERCADO PETROS CRÉDITO PRIVADO;2025-11-30;Títulos de Crédito Privado;CCB;N;Para negociação;;;;;1.000000;43645677.56;;;PJ;04.245.220/0001-36;NEW ENERGY OPT;2028-05-25;S;IGP;Índice de preços;100.000000;8.829078;;S;N;
CLASSES - FIF;05.217.490/0001-04;MONTELLANO FUNDO DE INVESTIMENTO FINANCEIRO - CLASSE DE INVESTIMENTO MULTIMERCADO - RESP LIMITADA;2025-11-30;Debêntures;Debênture simples;N;Para negociação;;;;;3620.000000;3638894.85;;;PJ;43.776.517/0001-80;SABESP;2032-11-14;S;DI1;DI de um dia;100.000000;0.690000;;S;N;
CLASSES - FIF;05.357.507/0001-10;BANESTES INSTITUCIONAL FIF RENDA FIXA RESPONSABILIDADE LIMITADA;2025-11-30;Debêntures;Debênture simples;N;Para negociação;0.000000;0.00;0.000000;0.00;1000.000000;1083189.95;;;PJ;17.281.106/0001-03;COMPANHIA DE SANEAMENTO DE MINAS GERAIS COPASA MG;2030-09-15;S;IAP;Índice de Preços ao Consumidor Amplo (IPCA/IBGE);100.000000;7.100000;;S;N;
CLASSES - FIF;05.508.422/0001-96;EQTPREV STRATEGY FIF MULTIMERCADO CRÉDITO PRIVADO DE RESPONSABILIDADE LIMITADA;2025-11-30;Títulos de Crédito Privado;Nota Promissória/ Commercial Paper/ Export Note;N;Para negociação;;;;;427.000000;454284.61;;;PJ;33.000.167/0001-01;PETROLEO BRASILEIRO S.A. PETROBRAS;2030-02-25;S;DI1;DI de um dia;100.000000;1.650000;;S;N;
CLASSES - FIF;05.832.360/0001-73;BB ATACADO MISTO FUNDO DE INVESTIMENTO FINANCEIRO RENDA FIXA LONGO PRAZO CRÉDITO PRIVADO RESP LIM;2025-11-30;Debêntures;Debênture simples;N;Para negociação;;;;;20000.000000;22007620.25;;;PJ;50.365.355/0001-52;BIOMETANO VERDE PAULINIA SA;2025-12-31;S;DI1;DI de um dia;100.000000;1.200000;;S;N;
CLASSES - FIF;05.832.360/0001-73;BB ATACADO MISTO FUNDO DE INVESTIMENTO FINANCEIRO RENDA FIXA LONGO PRAZO CRÉDITO PRIVADO RESP LIM;2025-11-30;Títulos ligados ao agronegócio;CRA;N;Para negociação;;;;;30000.000000;32006172.43;;;PJ;10.753.164/0001-43;ECO SECURITIZADORA DIREITOS CREDITORIOS AGRONEGOCIO SA;2029-06-15;S;DI1;DI de um dia;95.000000;0.000000;;S;N;
CLASSES - FIF;06.015.421/0001-72;BB TOP CRÉDITO PRIVADO FUNDO DE INVESTIMENTO FINANCEIRO DE RENDA FIXA LONGO PRAZO RESP LIMITADA;2025-11-30;Debêntures;Debênture simples;N;Para negociação;;;;;2000.000000;2200762.02;;;PJ;50.365.355/0001-52;BIOMETANO VERDE PAULINIA SA;2025-12-31;S;DI1;DI de um dia;100.000000;1.200000;;S;N;
CLASSES - FIF;06.015.421/0001-72;BB TOP CRÉDITO PRIVADO FUNDO DE INVESTIMENTO FINANCEIRO DE RENDA FIXA LONGO PRAZO RESP LIMITADA;2025-11-30;Títulos ligados ao agronegócio;CRA;N;Para negociação;;;;;1000.000000;1066872.41;;;PJ;10.753.164/0001-43;ECO SECURITIZADORA DIREITOS CREDITORIOS AGRONEGOCIO SA;2029-06-15;S;DI1;DI de um dia;95.000000;0.000000;;S;N;
CLASSES - FIF;07.322.826/0001-16;BB URANO 1 FUNDO DE INVESTIMENTO FINANCEIRO RENDA FIXA RESPONSABILIDADE LIMITADA;2025-11-30;Debêntures;Debênture Permutável;N;Para negociação;;;;;2559.000000;106455.64;;;PJ;01.599.101/0001-93;SEQUOIA LOGÍSTICA E TRANSPORTES S.A.;2025-12-31;S;PRE;Taxa de juro prefixada;100.000000;12.682500;;S;N;
CLASSES - FIF;07.593.967/0001-73;BRASILPREV TOP TP FUNDO DE INVESTIMENTO FINANCEIRO RENDA FIXA CRÉDITO PRIVADO RESP LIMITADA;2025-11-30;Debêntures;Debênture simples;N;Para negociação;;;;;38000.000000;38148855.61;;;PJ;61.856.571/0001-17;CIA GAS SAO PAULO COMGAS;2028-05-15;S;DI1;DI de um dia;100.000000;0.450000;;S;N;
CLASSES - FIF;07.593.967/0001-73;BRASILPREV TOP TP FUNDO DE INVESTIMENTO FINANCEIRO RENDA FIXA CRÉDITO PRIVADO RESP LIMITADA;2025-11-30;Debêntures;Debênture simples;N;Para negociação;;;;;130000.000000;131260478.87;;;PJ;55.085.811/0001-24;ÉXES SECURITIZADORA;2031-10-20;S;DI1;DI de um dia;100.000000;1.000000;;S;N;
CLASSES - FIF;07.593.967/0001-73;BRASILPREV TOP TP FUNDO DE INVESTIMENTO FINANCEIRO RENDA FIXA CRÉDITO PRIVADO RESP LIMITADA;2025-11-30;Debêntures;Debênture simples;N;Para negociação;;;;;35000.000000;35303070.94;;;PJ;88.610.126/0001-29;FRAS-LE SA;2030-10-25;S;DI1;DI de um dia;100.000000;0.750000;;S;N;
CLASSES - FIF;07.593.967/0001-73;BRASILPREV TOP TP FUNDO DE INVESTIMENTO FINANCEIRO RENDA FIXA CRÉDITO PRIVADO RESP LIMITADA;2025-11-30;Debêntures;Debênture simples;N;Para negociação;;;;;30000.000000;29988796.47;;;PJ;61.585.865/0001-51;RAIA DROGASIL SA;2032-11-10;S;DI1;DI de um dia;100.000000;0.440000;;S;N;
CLASSES - FIF;07.593.967/0001-73;BRASILPREV TOP TP FUNDO DE INVESTIMENTO FINANCEIRO RENDA FIXA CRÉDITO PRIVADO RESP LIMITADA;2025-11-30;Debêntures;Debênture simples;N;Para negociação;;;;;100000.000000;101015598.89;;;PJ;43.776.517/0001-80;COMPANHIA SANEAMENTO BASICO ESTADO SAO PAULO SABESP;2035-11-14;S;DI1;DI de um dia;100.000000;0.900000;;S;N;
CLASSES - FIF;07.593.967/0001-73;BRASILPREV TOP TP FUNDO DE INVESTIMENTO FINANCEIRO RENDA FIXA CRÉDITO PRIVADO RESP LIMITADA;2025-11-30;Debêntures;Debênture simples;N;Para negociação;;;;;51048.000000;51066350.77;;;PJ;01.637.895/0001-32;VOTORANTIM CIMENTOS SA;2033-01-25;S;DI1;DI de um dia;100.000000;0.600000;;S;N;
CLASSES - FIF;07.593.967/0001-73;BRASILPREV TOP TP FUNDO DE INVESTIMENTO FINANCEIRO RENDA FIXA CRÉDITO PRIVADO RESP LIMITADA;2025-11-30;Títulos ligados ao agronegócio;CRA;N;Para negociação;;;;;50732.000000;53654372.41;;;PJ;10.753.164/0001-43;ECO SECURITIZADORA DIREITOS CREDITORIOS AGRONEGOCIO SA;2027-08-16;S;DI1;DI de um dia;100.000000;1.400000;;S;N;
CLASSES - FIF;07.593.967/0001-73;BRASILPREV TOP TP FUNDO DE INVESTIMENTO FINANCEIRO RENDA FIXA CRÉDITO PRIVADO RESP LIMITADA;2025-11-30;Títulos ligados ao agronegócio;CRA;N;Para negociação;;;;;60000.000000;70508122.69;;;PJ;02.773.542/0001-22;OPEA SECURITIZADORA S.A.;2028-07-15;S;IAP;Índice de Preços ao Consumidor Amplo (IPCA/IBGE);100.000000;4.500000;;S;N;
CLASSES - FIF;07.889.704/0001-06;WESTERN ASSET INCOME GENERATION ICATU PREV RENDA FIXA FIF CRED PRIV RESP LIMITADA;2025-11-30;Debêntures;Debênture simples;N;Para negociação;;;;;69.000000;69618.50;;;PJ;08.402.943/0001-52;GUARARAPES CONFECCOES S/A;2028-10-15;S;DI1;DI de um dia;100.000000;0.950000;;S;N;
CLASSES - FIF;07.996.510/0001-00;INSTITUCIONAL CRÉDITO PRIVADO FUNDO DE INVESTIMENTO FINANCEIRO RENDA FIXA;2025-11-30;Títulos de Crédito Privado;CCB;S;Para negociação;;;;;1.000000;0.00;;;PJ;00.350.195/0001-08;IMPRINTA EXP.;2050-01-05;S;DI1;DI de um dia;100.000000;19.659280;;S;N;
CLASSES - FIF;07.996.510/0001-00;INSTITUCIONAL CRÉDITO PRIVADO FUNDO DE INVESTIMENTO FINANCEIRO RENDA FIXA;2025-11-30;Títulos de Crédito Privado;CCB;N;Para negociação;;;;;1.000000;0.00;;;PJ;44.145.886/0001-37;ZOOMP S/A;2050-02-15;S;DI1;DI de um dia;100.000000;12.531830;;S;N;
CLASSES - FIF;07.996.510/0001-00;INSTITUCIONAL CRÉDITO PRIVADO FUNDO DE INVESTIMENTO FINANCEIRO RENDA FIXA;2025-11-30;Títulos de Crédito Privado;CCB;N;Para negociação;;;;;1.000000;0.00;;;PJ;44.145.886/0001-37;ZOOMP S/A;2050-03-12;N;;;;;0.000000;S;N;
CLASSES - FIF;07.996.510/0001-00;INSTITUCIONAL CRÉDITO PRIVADO FUNDO DE INVESTIMENTO FINANCEIRO RENDA FIXA;2025-11-30;Títulos de Crédito Privado;CCB;N;Para negociação;;;;;1.000000;0.00;;;PJ;05.644.704/0001-10;NEWPET;2050-04-30;S;DI1;DI de um dia;100.000000;12.665044;;S;N;
CLASSES - FIF;07.996.510/0001-00;INSTITUCIONAL CRÉDITO PRIVADO FUNDO DE INVESTIMENTO FINANCEIRO RENDA FIXA;2025-11-30;Títulos de Crédito Privado;CCB;N;Para negociação;;;;;2.000000;0.00;;;PJ;00.829.418/0001-06;ALUTHECH;2050-04-30;S;DI1;DI de um dia;100.000000;12.665044;;S;N;
CLASSES - FIF;07.996.510/0001-00;INSTITUCIONAL CRÉDITO PRIVADO FUNDO DE INVESTIMENTO FINANCEIRO RENDA FIXA;2025-11-30;Títulos de Crédito Privado;CCB;N;Para negociação;;;;;3.000000;0.00;;;PJ;07.482.627/0001-75;EXPRESSO CRUZEIRO DO SUL LTDA;2050-05-15;N;;;;;0.000000;S;N;
CLASSES - FIF;07.996.510/0001-00;INSTITUCIONAL CRÉDITO PRIVADO FUNDO DE INVESTIMENTO FINANCEIRO RENDA FIXA;2025-11-30;Títulos de Crédito Privado;CCB;N;Para negociação;;;;;1.000000;0.00;;;PJ;44.145.886/0001-37;ZOOMP S/A;2050-05-30;N;;;;;66.109914;S;N;
CLASSES - FIF;07.996.510/0001-00;INSTITUCIONAL CRÉDITO PRIVADO FUNDO DE INVESTIMENTO FINANCEIRO RENDA FIXA;2025-11-30;Títulos de Crédito Privado;CCB;N;Para negociação;;;;;2.000000;0.00;;;PJ;44.145.886/0001-37;ZOOMP S/A;2050-05-30;N;;;;;66.124257;S;N;
CLASSES - FIF;07.996.510/0001-00;INSTITUCIONAL CRÉDITO PRIVADO FUNDO DE INVESTIMENTO FINANCEIRO RENDA FIXA;2025-11-30;Títulos de Crédito Privado;CCB;N;Para negociação;;;;;1.000000;0.00;;;PJ;44.145.886/0001-37;ZOOMP S/A;2050-06-22;N;;;;;58.024512;S;N;
CLASSES - FIF;07.996.510/0001-00;INSTITUCIONAL CRÉDITO PRIVADO FUNDO DE INVESTIMENTO FINANCEIRO RENDA FIXA;2025-11-30;Títulos de Crédito Privado;CCB;N;Para negociação;;;;;1.000000;0.00;;;PJ;44.145.886/0001-37;ZOOMP S/A;2050-06-22;N;;;;;11.950809;S;N;
CLASSES - FIF;07.996.510/0001-00;INSTITUCIONAL CRÉDITO PRIVADO FUNDO DE INVESTIMENTO FINANCEIRO RENDA FIXA;2025-11-30;Títulos de Crédito Privado;CCB;N;Para negociação;;;;;1.000000;0.00;;;PJ;44.145.886/0001-37;ZOOMP S/A;2050-09-22;S;DI1;DI de um dia;100.000000;4.199398;;S;N;
CLASSES - FIF;07.996.510/0001-00;INSTITUCIONAL CRÉDITO PRIVADO FUNDO DE INVESTIMENTO FINANCEIRO RENDA FIXA;2025-11-30;Títulos de Crédito Privado;CCB;N;Para negociação;;;;;1.000000;0.00;;;PJ;44.145.886/0001-37;ZOOMP S/A;2050-09-24;S;DI1;DI de um dia;100.000000;2.426890;;S;N;
CLASSES - FIF;07.996.510/0001-00;INSTITUCIONAL CRÉDITO PRIVADO FUNDO DE INVESTIMENTO FINANCEIRO RENDA FIXA;2025-11-30;Títulos de Crédito Privado;CCB;N;Para negociação;;;;;1.000000;0.00;;;PJ;04.996.209/0001-08;ELETRODIRETO;2050-11-01;N;;;;;32.985862;S;N;
CLASSES - FIF;07.996.510/0001-00;INSTITUCIONAL CRÉDITO PRIVADO FUNDO DE INVESTIMENTO FINANCEIRO RENDA FIXA;2025-11-30;Títulos de Crédito Privado;CCB;N;Para negociação;;;;;1.000000;0.00;;;PJ;04.996.209/0001-08;ELETRODIRETO;2050-11-17;S;DI1;DI de um dia;100.000000;30.346288;;S;N;
CLASSES - FIF;07.996.510/0001-00;INSTITUCIONAL CRÉDITO PRIVADO FUNDO DE INVESTIMENTO FINANCEIRO RENDA FIXA;2025-11-30;Títulos de Crédito Privado;CCB;N;Para negociação;;;;;3.000000;0.00;;;PJ;17.163.734/0001-94;EBATE CONST.;2050-11-30;N;;;;;0.000000;S;N;
CLASSES - FIF;07.996.510/0001-00;INSTITUCIONAL CRÉDITO PRIVADO FUNDO DE INVESTIMENTO FINANCEIRO RENDA FIXA;2025-11-30;Títulos de Crédito Privado;CCB;N;Para negociação;;;;;1.000000;0.00;;;PJ;66.011.883/0001-43;JULIAN MARCUIR INDUSTRIA E COMERCIO;2050-12-20;S;DI1;DI de um dia;100.000000;0.295437;;S;N;
CLASSES - FIF;08.252.580/0001-16;ASPECIR PGBL FUNDO DE INVESTIMENTO RENDA FIXA CRÉDITO PRIVADO PREVIDENCIÁRIO - RESPONSABILIDADE LIMI;2025-11-30;Debêntures;Debênture simples;N;Para negociação;;;;;630.000000;634892.57;;;PJ;88.610.126/0001-29;FRAS-LE SA;2030-10-25;S;DI1;DI de um dia;100.000000;0.788549;;S;N;
CLASSES - FIF;08.252.580/0001-16;ASPECIR PGBL FUNDO DE INVESTIMENTO RENDA FIXA CRÉDITO PRIVADO PREVIDENCIÁRIO - RESPONSABILIDADE LIMI;2025-11-30;Debêntures;Debênture simples;N;Para negociação;;;;;200.000000;202031.20;;;PJ;43.776.517/0001-80;SABESP;2035-11-14;S;DI1;DI de um dia;100.000000;0.900000;;S;N;
CLASSES - FIF;08.370.193/0001-84;ARGENT FUNDO DE INVESTIMENTO FINANCEIRO;2025-11-30;Debêntures;Debênture simples;N;Para negociação;;;;;3473.000000;15746.28;;;PJ;60.444.437/0001-46;LIGHT SERVICOS ELETRICIDADE SA;2027-08-31;S;PRE;Taxa de juro prefixada;100.000000;0.000000;;S;N;
CLASSES - FIF;08.831.681/0001-41;IPANEMA FI FINANCEIRO - CI MULT CRED PRIV - RESP LIMITADA;2025-11-30;Debêntures;Debênture simples;N;Para negociação;;;;;1124.000000;392732.47;;;PJ;02.773.542/0001-22;Opea Securitiza;2025-12-03;S;DI1;DI de um dia;100.000000;5.849999;;S;N;
CLASSES - FIF;08.913.187/0001-26;BTG PACTUAL CREDITO CORPORATIVO FIFE PREVIDENCIA FUNDO DE INVESTIMENTO FINANCEIRO RENDA FIXA;2025-11-30;Debêntures;Debênture simples;N;Para negociação;;;;;379.000000;417044.35;;;PJ;50.365.355/0001-52;BIOMETANO VERDE PAULINIA SA;2025-12-31;S;DI1;DI de um dia;100.000000;1.200000;;S;N;
CLASSES - FIF;08.931.953/0001-85;BNP PARIBAS AURORA CLASSE DE  INVESTIMENTO MULTIMERCADO - RESPONSABILIDADE  LIMITADA;2025-11-30;Debêntures;Debênture simples;N;Para negociação;;;;;1301.000000;703820.04;;;PJ;06.981.180/0001-16;CEMIG DISTRIBUI;2026-05-15;S;DI1;DI de um dia;100.000000;2.054997;;S;N;
CLASSES - FIF;08.931.953/0001-85;BNP PARIBAS AURORA CLASSE DE  INVESTIMENTO MULTIMERCADO - RESPONSABILIDADE  LIMITADA;2025-11-30;Debêntures;Debênture simples;N;Para negociação;;;;;250.000000;171039.01;;;PJ;02.919.555/0001-67;ARTERIS SA;2027-03-11;S;DI1;DI de um dia;100.000000;1.666606;;S;N;
CLASSES - FIF;08.931.953/0001-85;BNP PARIBAS AURORA CLASSE DE  INVESTIMENTO MULTIMERCADO - RESPONSABILIDADE  LIMITADA;2025-11-30;Debêntures;Debênture simples;N;Para negociação;;;;;260.000000;266240.72;;;PJ;00.194.724/0001-13;AUREN OPERACOES;2027-03-15;S;DI1;DI de um dia;100.000000;1.732281;;S;N;
CLASSES - FIF;08.931.953/0001-85;BNP PARIBAS AURORA CLASSE DE  INVESTIMENTO MULTIMERCADO - RESPONSABILIDADE  LIMITADA;2025-11-30;Debêntures;Debênture simples;N;Para negociação;;;;;522.000000;546642.40;;;PJ;08.324.196/0001-81;COSERN;2027-07-15;S;DI1;DI de um dia;100.000000;1.313923;;S;N;
CLASSES - FIF;08.931.953/0001-85;BNP PARIBAS AURORA CLASSE DE  INVESTIMENTO MULTIMERCADO - RESPONSABILIDADE  LIMITADA;2025-11-30;Debêntures;Debênture simples;N;Para negociação;;;;;347.000000;160352.51;;;PJ;35.522.178/0001-87;CRCG;2027-08-10;S;DI1;DI de um dia;100.000000;1.976650;;S;N;
CLASSES - FIF;08.931.953/0001-85;BNP PARIBAS AURORA CLASSE DE  INVESTIMENTO MULTIMERCADO - RESPONSABILIDADE  LIMITADA;2025-11-30;Debêntures;Debênture simples;N;Para negociação;;;;;423.000000;327936.67;;;PJ;09.325.109/0001-73;AUTOPISTA PLANA;2028-09-15;S;DI1;DI de um dia;100.000000;2.440947;;S;N;
CLASSES - FIF;08.931.953/0001-85;BNP PARIBAS AURORA CLASSE DE  INVESTIMENTO MULTIMERCADO - RESPONSABILIDADE  LIMITADA;2025-11-30;Debêntures;Debênture simples;N;Para negociação;;;;;345.000000;221965.69;;;PJ;37.368.315/0001-04;COMPANHIA SECUR;2028-09-15;S;DI1;DI de um dia;100.000000;3.159344;;S;N;
CLASSES - FIF;08.931.953/0001-85;BNP PARIBAS AURORA CLASSE DE  INVESTIMENTO MULTIMERCADO - RESPONSABILIDADE  LIMITADA;2025-11-30;Debêntures;Debênture simples;N;Para negociação;;;;;376.000000;387582.52;;;PJ;00.864.214/0001-06;ENERGISA;2030-02-25;S;DI1;DI de um dia;100.000000;0.799353;;S;N;
CLASSES - FIF;08.931.953/0001-85;BNP PARIBAS AURORA CLASSE DE  INVESTIMENTO MULTIMERCADO - RESPONSABILIDADE  LIMITADA;2025-11-30;Debêntures;Debênture simples;N;Para negociação;;;;;398.000000;417711.71;;;PJ;08.467.115/0001-00;CEEE-D;2030-08-05;S;DI1;DI de um dia;100.000000;1.001774;;S;N;
CLASSES - FIF;08.931.953/0001-85;BNP PARIBAS AURORA CLASSE DE  INVESTIMENTO MULTIMERCADO - RESPONSABILIDADE  LIMITADA;2025-11-30;Debêntures;Debênture simples;N;Para negociação;;;;;372.000000;389069.14;;;PJ;08.873.873/0001-10;ECORODOVIAS;2031-07-15;S;DI1;DI de um dia;100.000000;1.557669;;S;N;
CLASSES - FIF;08.960.971/0001-95;BANRISUL PREMIUM FUNDO DE INVESTIMENTO RENDA FIXA DE LONGO PRAZO RESPONSABILIDADE LIMITADA;2025-11-30;Debêntures;Debênture simples;N;Para negociação;;;;;12600.000000;12859048.36;;;PJ;89.086.144/0011-98;RANDON SA;2029-11-09;S;DI1;DI de um dia;100.000000;1.167618;;S;N;
CLASSES - FIF;08.960.971/0001-95;BANRISUL PREMIUM FUNDO DE INVESTIMENTO RENDA FIXA DE LONGO PRAZO RESPONSABILIDADE LIMITADA;2025-11-30;Debêntures;Debênture simples;N;Para negociação;;;;;950.000000;965136.25;;;PJ;06.057.223/0001-71;SENDAS DISTRIB;2029-09-25;S;DI1;DI de um dia;100.000000;1.137231;;S;N;
CLASSES - FIF;08.960.971/0001-95;BANRISUL PREMIUM FUNDO DE INVESTIMENTO RENDA FIXA DE LONGO PRAZO RESPONSABILIDADE LIMITADA;2025-11-30;Debêntures;Debênture simples;N;Para negociação;;;;;12000.000000;12723413.34;;;PJ;06.057.223/0001-71;SENDAS DISTRIB;2029-06-20;S;DI1;DI de um dia;100.000000;1.643468;;S;N;
CLASSES - FIF;08.960.971/0001-95;BANRISUL PREMIUM FUNDO DE INVESTIMENTO RENDA FIXA DE LONGO PRAZO RESPONSABILIDADE LIMITADA;2025-11-30;Debêntures;Debênture simples;N;Para negociação;;;;;7400.000000;8083161.40;;;PJ;75.609.123/0001-23;UNIDAS LOCAÇÕES;2029-06-10;S;DI1;DI de um dia;100.000000;2.418474;;S;N;
CLASSES - FIF;08.960.971/0001-95;BANRISUL PREMIUM FUNDO DE INVESTIMENTO RENDA FIXA DE LONGO PRAZO RESPONSABILIDADE LIMITADA;2025-11-30;Debêntures;Debênture simples;N;Para negociação;;;;;2520.000000;2752644.15;;;PJ;75.609.123/0001-23;UNIDAS LOCAÇÕES;2029-06-10;S;DI1;DI de um dia;100.000000;2.402599;;S;N;
CLASSES - FIF;08.960.978/0001-07;BANRISUL FLEX CREDITO PRIVADO FUNDO DE INVESTIMENTO RENDA FIXA DE LONGO PRAZO RESPONS LIMITADA;2025-11-30;Debêntures;Debênture simples;N;Para negociação;;;;;2500.000000;2545874.59;;;PJ;02.600.854/0001-34;TIM BRASIL PART;2030-07-23;S;DI1;DI de um dia;100.000000;0.551000;;S;N;
CLASSES - FIF;08.960.978/0001-07;BANRISUL FLEX CREDITO PRIVADO FUNDO DE INVESTIMENTO RENDA FIXA DE LONGO PRAZO RESPONS LIMITADA;2025-11-30;Debêntures;Debênture simples;N;Para negociação;;;;;2500.000000;2551398.49;;;PJ;89.086.144/0011-98;RANDON SA;2029-11-09;S;DI1;DI de um dia;100.000000;1.150342;;S;N;
CLASSES - FIF;08.960.978/0001-07;BANRISUL FLEX CREDITO PRIVADO FUNDO DE INVESTIMENTO RENDA FIXA DE LONGO PRAZO RESPONS LIMITADA;2025-11-30;Debêntures;Debênture simples;N;Para negociação;;;;;400.000000;408223.76;;;PJ;89.086.144/0011-98;RANDON SA;2029-11-09;S;DI1;DI de um dia;100.000000;1.309397;;S;N;
CLASSES - FIF;08.960.978/0001-07;BANRISUL FLEX CREDITO PRIVADO FUNDO DE INVESTIMENTO RENDA FIXA DE LONGO PRAZO RESPONS LIMITADA;2025-11-30;Debêntures;Debênture simples;N;Para negociação;;;;;3800.000000;4029080.90;;;PJ;06.057.223/0001-71;SENDAS DISTRIB;2029-06-20;S;DI1;DI de um dia;100.000000;1.643468;;S;N;
CLASSES - FIF;08.960.978/0001-07;BANRISUL FLEX CREDITO PRIVADO FUNDO DE INVESTIMENTO RENDA FIXA DE LONGO PRAZO RESPONS LIMITADA;2025-11-30;Debêntures;Debênture simples;N;Para negociação;;;;;2600.000000;2840029.68;;;PJ;75.609.123/0001-23;UNIDAS LOCAÇÕES;2029-06-10;S;DI1;DI de um dia;100.000000;2.418474;;S;N;
CLASSES - FIF;08.960.978/0001-07;BANRISUL FLEX CREDITO PRIVADO FUNDO DE INVESTIMENTO RENDA FIXA DE LONGO PRAZO RESPONS LIMITADA;2025-11-30;Debêntures;Debênture simples;N;Para negociação;;;;;1146.000000;1171448.30;;;PJ;03.467.321/0001-99;ENERGISA MT;2029-04-15;S;DI1;DI de um dia;100.000000;0.655638;;S;N;
CLASSES - FIF;08.960.978/0001-07;BANRISUL FLEX CREDITO PRIVADO FUNDO DE INVESTIMENTO RENDA FIXA DE LONGO PRAZO RESPONS LIMITADA;2025-11-30;Debêntures;Debênture simples;N;Para negociação;;;;;1355.000000;1393178.65;;;PJ;00.864.214/0001-06;ENERGISA S.A.;2026-10-15;S;DI1;DI de um dia;100.000000;0.503415;;S;N;
CLASSES - FIF;09.075.563/0001-13;JPP FI FINANCEIRO - CI MULT CRED PRIV - RESP LIMITADA;2025-11-30;Títulos de Crédito Privado;Nota Promissória/ Commercial Paper/ Export Note;N;Para negociação;;;;;1.000000;12520802.14;;;PJ;61.866.928/0001-48;COLINA AGROPECU;2030-11-13;S;DI1;DI de um dia;100.000000;0.078248;;N;N;
CLASSES - FIF;09.077.585/0001-12;JPP II FI FINANCEIRO - CI MULT CRED PRIV - RESP LIMITADA;2025-11-30;Títulos de Crédito Privado;CCB;N;Para negociação;;;;;1.000000;18515488.40;;;PJ;07.219.769/0001-44;JAIME PINHEIRO;2027-11-01;S;DI1;DI de um dia;108.000000;33.659819;;S;N;
CLASSES - FIF;09.077.585/0001-12;JPP II FI FINANCEIRO - CI MULT CRED PRIV - RESP LIMITADA;2025-11-30;Títulos de Crédito Privado;CCB;N;Para negociação;;;;;1.000000;42221906.27;;;PJ;07.219.769/0001-44;JAIME PINHEIRO;2028-03-30;S;DI1;DI de um dia;108.000000;0.013007;;S;N;
CLASSES - FIF;09.087.708/0001-04;WESTERN ASSET PREV CREDIT RENDA FIXA CRÉDITO PRIVADO FUNDO DE INVESTIMENTO FINANCEIRO RESP LIMITADA;2025-11-30;Debêntures;Debênture simples;N;Para negociação;;;;;715.000000;721409.14;;;PJ;08.402.943/0001-52;GUARARAPES CONFECCOES S/A;2028-10-15;S;DI1;DI de um dia;100.000000;0.950000;;S;N;
CLASSES - FIF;09.087.799/0001-70;BALTIMORE FUNDO DE INVESTIMENTO FINANCEIRO MULTIMERCADO CRÉDITO PRIVADO RESPONSABILIDADE LIMITADA;2025-11-30;Debêntures;Debênture simples;N;Para negociação;;;;;1458.000000;1471069.26;;;PJ;08.402.943/0001-52;GUARARAPES CONFECCOES S/A;2028-10-15;S;DI1;DI de um dia;100.000000;0.950000;;S;N;
CLASSES - FIF;09.145.340/0001-85;ITAÚ FLEXPREV MANTIQUEIRA FUNDO DE INVESTIMENTO FINANCEIRO MULT CRÉD PRIV - RESP LIMITADA;2025-11-30;Títulos ligados ao agronegócio;CRA;N;Para negociação;;;;;502.000000;447970.20;;;PJ;12.130.744/0001-00;TRUE SECURITIZADORA S.A.;2032-08-15;S;OUT;OUTROS;100.000000;6.588500;;S;N;
CLASSES - FIF;09.275.554/0001-76;RM FUTURA MULTIMERCADO FUNDO DE INVESTIMENTO FINANCEIRO CRÉDITO PRIVADO - RESPONSABILIDADE LIMITADA;2025-11-30;Debêntures;Debênture conversível;N;Para negociação;;;;;125149.000000;1380569.60;;;PJ;32.185.496/0001-01;AMATA NA CIDADE;2050-12-30;S;IAP;Índice de Preços ao Consumidor Amplo (IPCA/IBGE);100.000000;6.840000;;S;N;
CLASSES - FIF;09.275.554/0001-76;RM FUTURA MULTIMERCADO FUNDO DE INVESTIMENTO FINANCEIRO CRÉDITO PRIVADO - RESPONSABILIDADE LIMITADA;2025-11-30;Debêntures;Debênture conversível;N;Para negociação;;;;;3100721.000000;11962887.04;;;PJ;07.909.776/0001-78;AMATA SA;2049-12-31;S;DI1;DI de um dia;100.000000;0.000000;;S;N;
CLASSES - FIF;09.315.625/0001-17;FUNDO DE INVESTIMENTO FINANCEIRO SECURITY RENDA FIXA REFERENCIADO DI LONGO PRAZO CRÉDITO PRIVADO;2025-11-30;Títulos de Crédito Privado;CCB;N;Para negociação;;;;;1.000000;0.00;;;PJ;06.522.072/0001-85;KV INST;2050-12-25;S;DI1;DI de um dia;100.000000;1.040287;;S;N;
CLASSES - FIF;09.315.625/0001-17;FUNDO DE INVESTIMENTO FINANCEIRO SECURITY RENDA FIXA REFERENCIADO DI LONGO PRAZO CRÉDITO PRIVADO;2025-11-30;Títulos de Crédito Privado;CCB;N;Para negociação;;;;;1.000000;0.00;;;PJ;76.492.578/0001-74;RONCONI IND. COM. MOVEIS COLCHOES L;2050-07-23;S;DI1;DI de um dia;115.000000;63.140939;;S;N;
CLASSES - FIF;09.315.625/0001-17;FUNDO DE INVESTIMENTO FINANCEIRO SECURITY RENDA FIXA REFERENCIADO DI LONGO PRAZO CRÉDITO PRIVADO;2025-11-30;Títulos de Crédito Privado;CCI;N;Para negociação;;;;;2.000000;1010542.78;;;PJ;07.143.033/0001-30;GESTORA DE RECEBIVEIS TETTO HABITAC;2027-01-01;S;TR;Taxa Referencial;100.000000;7.637018;;S;N;
CLASSES - FIF;09.315.625/0001-17;FUNDO DE INVESTIMENTO FINANCEIRO SECURITY RENDA FIXA REFERENCIADO DI LONGO PRAZO CRÉDITO PRIVADO;2025-11-30;Títulos de Crédito Privado;CCI;N;Para negociação;;;;;8.000000;3990177.12;;;PJ;07.143.033/0001-30;GESTORA DE RECEBIVEIS TETTO HABITAC;2027-01-01;S;TR;Taxa Referencial;100.000000;7.638843;;S;N;
CLASSES - FIF;09.463.539/0001-51;HPB FUNDO DE INVESTIMENTO FINANCEIRO EM AÇÕES INVESTIMENTO NO EXTERIOR RESPONSABILIDADE LIMITADA;2025-11-30;Títulos ligados ao agronegócio;CRA;N;Para negociação;;;;;289.000000;332957.68;;;PJ;12.130.744/0001-00;TRUE SECURITIZADORA S.A.;2029-07-16;S;IAP;Índice de Preços ao Consumidor Amplo (IPCA/IBGE);100.000000;3.602000;;S;N;
CLASSES - FIF;09.498.697/0001-47;SICREDI SULAMÉRICA FIF MULTIMERCADO MULTI CLASSES LONGO PRAZO - RESPONSABILIDADE LIMITADA;2025-11-30;Debêntures;Debênture simples;N;Para negociação;;;;;329.000000;335886.26;;;PJ;21.314.559/0001-66;MOVIDA S.A;2027-04-05;S;DI1;DI de um dia;100.000000;3.408408;;S;N;
CLASSES - FIF;09.498.697/0001-47;SICREDI SULAMÉRICA FIF MULTIMERCADO MULTI CLASSES LONGO PRAZO - RESPONSABILIDADE LIMITADA;2025-11-30;Debêntures;Debênture simples;N;Para negociação;;;;;40.000000;42872.12;;;PJ;21.314.559/0001-66;MOVIDA S.A;2027-12-22;S;DI1;DI de um dia;100.000000;2.900000;;S;N;
CLASSES - FIF;09.498.697/0001-47;SICREDI SULAMÉRICA FIF MULTIMERCADO MULTI CLASSES LONGO PRAZO - RESPONSABILIDADE LIMITADA;2025-11-30;Debêntures;Debênture simples;N;Para negociação;;;;;525.000000;530265.35;;;PJ;06.057.223/0001-71;SENDAS DISTRIBU;2028-05-20;S;DI1;DI de um dia;100.000000;2.487931;;S;N;
CLASSES - FIF;09.498.697/0001-47;SICREDI SULAMÉRICA FIF MULTIMERCADO MULTI CLASSES LONGO PRAZO - RESPONSABILIDADE LIMITADA;2025-11-30;Debêntures;Debênture simples;N;Para negociação;;;;;1545.000000;1561215.44;;;PJ;23.373.000/0001-32;VAMOS;2029-02-21;S;DI1;DI de um dia;100.000000;2.391902;;S;N;
CLASSES - FIF;09.498.697/0001-47;SICREDI SULAMÉRICA FIF MULTIMERCADO MULTI CLASSES LONGO PRAZO - RESPONSABILIDADE LIMITADA;2025-11-30;Debêntures;Debênture simples;N;Para negociação;;;;;611.000000;616198.33;;;PJ;01.027.058/0001-91;CIELO S.A;2029-05-08;S;DI1;DI de um dia;100.000000;0.484402;;S;N;
CLASSES - FIF;09.498.697/0001-47;SICREDI SULAMÉRICA FIF MULTIMERCADO MULTI CLASSES LONGO PRAZO - RESPONSABILIDADE LIMITADA;2025-11-30;Debêntures;Debênture simples;N;Para negociação;;;;;485.000000;513322.18;;;PJ;06.057.223/0001-71;SENDAS DISTRIBU;2029-06-05;S;DI1;DI de um dia;100.000000;1.281088;;S;N;
CLASSES - FIF;09.498.697/0001-47;SICREDI SULAMÉRICA FIF MULTIMERCADO MULTI CLASSES LONGO PRAZO - RESPONSABILIDADE LIMITADA;2025-11-30;Debêntures;Debênture simples;N;Para negociação;;;;;121.000000;122487.96;;;PJ;21.314.559/0001-66;MOVIDA S.A;2029-09-15;S;DI1;DI de um dia;100.000000;3.392945;;S;N;
CLASSES - FIF;09.498.697/0001-47;SICREDI SULAMÉRICA FIF MULTIMERCADO MULTI CLASSES LONGO PRAZO - RESPONSABILIDADE LIMITADA;2025-11-30;Debêntures;Debênture simples;N;Para negociação;;;;;289.000000;299865.24;;;PJ;34.274.233/0001-02;VIBRA ENERGIA;2029-10-03;S;DI1;DI de um dia;100.000000;1.500000;;S;N;
CLASSES - FIF;09.498.697/0001-47;SICREDI SULAMÉRICA FIF MULTIMERCADO MULTI CLASSES LONGO PRAZO - RESPONSABILIDADE LIMITADA;2025-11-30;Debêntures;Debênture simples;N;Para negociação;;;;;408.000000;411230.56;;;PJ;35.522.178/0001-87;CIASECURIT;2030-06-14;S;DI1;DI de um dia;100.000000;0.999999;;S;N;
CLASSES - FIF;09.498.697/0001-47;SICREDI SULAMÉRICA FIF MULTIMERCADO MULTI CLASSES LONGO PRAZO - RESPONSABILIDADE LIMITADA;2025-11-30;Debêntures;Debênture simples;N;Para negociação;;;;;596.000000;606936.50;;;PJ;02.600.854/0001-34;TIM BRASIL;2030-07-23;S;DI1;DI de um dia;100.000000;0.700000;;S;N;
CLASSES - FIF;09.498.697/0001-47;SICREDI SULAMÉRICA FIF MULTIMERCADO MULTI CLASSES LONGO PRAZO - RESPONSABILIDADE LIMITADA;2025-11-30;Debêntures;Debênture simples;N;Para negociação;;;;;328.000000;345524.21;;;PJ;89.086.144/0001-16;RANDON PART;2030-07-25;S;DI1;DI de um dia;100.000000;0.849999;;S;N;
CLASSES - FIF;09.498.697/0001-47;SICREDI SULAMÉRICA FIF MULTIMERCADO MULTI CLASSES LONGO PRAZO - RESPONSABILIDADE LIMITADA;2025-11-30;Debêntures;Debênture simples;N;Para negociação;;;;;309.000000;316392.24;;;PJ;09.346.601/0001-25;B3 S.A.;2030-09-18;S;DI1;DI de um dia;100.000000;0.449999;;S;N;
CLASSES - FIF;09.498.697/0001-47;SICREDI SULAMÉRICA FIF MULTIMERCADO MULTI CLASSES LONGO PRAZO - RESPONSABILIDADE LIMITADA;2025-11-30;Debêntures;Debênture simples;N;Para negociação;;;;;506.000000;533581.47;;;PJ;08.873.873/0001-10;ECORODOVIAS S.A;2030-10-15;S;DI1;DI de um dia;100.000000;2.350000;;S;N;
CLASSES - FIF;09.498.697/0001-47;SICREDI SULAMÉRICA FIF MULTIMERCADO MULTI CLASSES LONGO PRAZO - RESPONSABILIDADE LIMITADA;2025-11-30;Debêntures;Debênture simples;N;Para negociação;;;;;1224.000000;1262172.30;;;PJ;61.190.096/0001-92;EUROFARMA;2031-03-18;S;DI1;DI de um dia;100.000000;1.377783;;S;N;
CLASSES - FIF;09.498.697/0001-47;SICREDI SULAMÉRICA FIF MULTIMERCADO MULTI CLASSES LONGO PRAZO - RESPONSABILIDADE LIMITADA;2025-11-30;Debêntures;Debênture simples;N;Para negociação;;;;;106.000000;109575.19;;;PJ;16.670.085/0001-55;LOCALIZA RENT;2031-05-20;S;DI1;DI de um dia;100.000000;2.282445;;S;N;
CLASSES - FIF;09.498.697/0001-47;SICREDI SULAMÉRICA FIF MULTIMERCADO MULTI CLASSES LONGO PRAZO - RESPONSABILIDADE LIMITADA;2025-11-30;Debêntures;Debênture simples;N;Para negociação;;;;;682.000000;705002.65;;;PJ;16.670.085/0001-55;LOCALIZA RENT;2031-05-20;S;DI1;DI de um dia;100.000000;2.282415;;S;N;
CLASSES - FIF;09.498.697/0001-47;SICREDI SULAMÉRICA FIF MULTIMERCADO MULTI CLASSES LONGO PRAZO - RESPONSABILIDADE LIMITADA;2025-11-30;Debêntures;Debênture simples;N;Para negociação;;;;;55.000000;56855.05;;;PJ;16.670.085/0001-55;LOCALIZA RENT;2031-05-20;S;DI1;DI de um dia;100.000000;2.282323;;S;N;
CLASSES - FIF;09.498.697/0001-47;SICREDI SULAMÉRICA FIF MULTIMERCADO MULTI CLASSES LONGO PRAZO - RESPONSABILIDADE LIMITADA;2025-11-30;Debêntures;Debênture simples;N;Para negociação;;;;;45.000000;47518.37;;;PJ;08.873.873/0001-10;ECORODOVIAS S.A;2031-07-15;S;DI1;DI de um dia;100.000000;1.199999;;S;N;
CLASSES - FIF;09.498.697/0001-47;SICREDI SULAMÉRICA FIF MULTIMERCADO MULTI CLASSES LONGO PRAZO - RESPONSABILIDADE LIMITADA;2025-11-30;Debêntures;Debênture simples;N;Para negociação;;;;;622.000000;656809.52;;;PJ;08.873.873/0001-10;ECORODOVIAS S.A;2031-07-15;S;DI1;DI de um dia;100.000000;1.289377;;S;N;
CLASSES - FIF;09.498.697/0001-47;SICREDI SULAMÉRICA FIF MULTIMERCADO MULTI CLASSES LONGO PRAZO - RESPONSABILIDADE LIMITADA;2025-11-30;Debêntures;Debênture simples;N;Para negociação;;;;;194.000000;205253.37;;;PJ;50.746.577/0001-15;COSAN S.A;2031-08-15;S;DI1;DI de um dia;100.000000;1.999999;;S;N;
CLASSES - FIF;09.498.697/0001-47;SICREDI SULAMÉRICA FIF MULTIMERCADO MULTI CLASSES LONGO PRAZO - RESPONSABILIDADE LIMITADA;2025-11-30;Debêntures;Debênture simples;N;Para negociação;;;;;60.000000;63480.42;;;PJ;50.746.577/0001-15;COSAN S.A;2031-08-15;S;DI1;DI de um dia;100.000000;2.274041;;S;N;
CLASSES - FIF;09.498.697/0001-47;SICREDI SULAMÉRICA FIF MULTIMERCADO MULTI CLASSES LONGO PRAZO - RESPONSABILIDADE LIMITADA;2025-11-30;Debêntures;Debênture simples;N;Para negociação;;;;;101.000000;104610.04;;;PJ;04.992.714/0001-84;NOVA TRANSP SUD;2031-08-25;S;DI1;DI de um dia;100.000000;0.899999;;S;N;
CLASSES - FIF;09.498.697/0001-47;SICREDI SULAMÉRICA FIF MULTIMERCADO MULTI CLASSES LONGO PRAZO - RESPONSABILIDADE LIMITADA;2025-11-30;Debêntures;Debênture simples;N;Para negociação;;;;;64.000000;63481.72;;;PJ;23.373.000/0001-32;VAMOS;2031-10-15;S;DI1;DI de um dia;100.000000;2.757451;;S;N;
CLASSES - FIF;09.498.697/0001-47;SICREDI SULAMÉRICA FIF MULTIMERCADO MULTI CLASSES LONGO PRAZO - RESPONSABILIDADE LIMITADA;2025-11-30;Debêntures;Debênture simples;N;Para negociação;;;;;1396.000000;1461674.31;;;PJ;03.025.305/0001-46;RODOVIAS COLINA;2032-01-15;S;DI1;DI de um dia;100.000000;0.949337;;S;N;
CLASSES - FIF;09.498.697/0001-47;SICREDI SULAMÉRICA FIF MULTIMERCADO MULTI CLASSES LONGO PRAZO - RESPONSABILIDADE LIMITADA;2025-11-30;Debêntures;Debênture simples;N;Para negociação;;;;;228.000000;220941.89;;;PJ;05.197.443/0001-38;HAPVIDA PARTICI;2032-05-16;S;DI1;DI de um dia;100.000000;1.036582;;S;N;
CLASSES - FIF;09.498.697/0001-47;SICREDI SULAMÉRICA FIF MULTIMERCADO MULTI CLASSES LONGO PRAZO - RESPONSABILIDADE LIMITADA;2025-11-30;Debêntures;Debênture simples;N;Para negociação;;;;;621.000000;635326.03;;;PJ;02.600.854/0001-34;TIM BRASIL;2032-07-23;S;DI1;DI de um dia;100.000000;0.849999;;S;N;
CLASSES - FIF;09.498.697/0001-47;SICREDI SULAMÉRICA FIF MULTIMERCADO MULTI CLASSES LONGO PRAZO - RESPONSABILIDADE LIMITADA;2025-11-30;Debêntures;Debênture simples;N;Para negociação;;;;;520.000000;550683.71;;;PJ;16.670.085/0001-55;LOCALIZA RENT;2032-08-01;S;DI1;DI de um dia;100.000000;1.300000;;S;N;
CLASSES - FIF;09.498.697/0001-47;SICREDI SULAMÉRICA FIF MULTIMERCADO MULTI CLASSES LONGO PRAZO - RESPONSABILIDADE LIMITADA;2025-11-30;Debêntures;Debênture simples;N;Para negociação;;;;;524.000000;543261.16;;;PJ;08.827.501/0001-58;AEGEA SANEAM;2032-08-22;S;DI1;DI de um dia;100.000000;1.800000;;S;N;
CLASSES - FIF;09.498.697/0001-47;SICREDI SULAMÉRICA FIF MULTIMERCADO MULTI CLASSES LONGO PRAZO - RESPONSABILIDADE LIMITADA;2025-11-30;Debêntures;Debênture simples;N;Para negociação;;;;;766.000000;794156.59;;;PJ;08.827.501/0001-58;AEGEA SANEAM;2032-08-22;S;DI1;DI de um dia;100.000000;2.082773;;S;N;
CLASSES - FIF;09.498.697/0001-47;SICREDI SULAMÉRICA FIF MULTIMERCADO MULTI CLASSES LONGO PRAZO - RESPONSABILIDADE LIMITADA;2025-11-30;Debêntures;Debênture simples;N;Para negociação;;;;;415.000000;430254.55;;;PJ;08.827.501/0001-58;AEGEA SANEAM;2032-08-22;S;DI1;DI de um dia;100.000000;2.205347;;S;N;
CLASSES - FIF;09.498.697/0001-47;SICREDI SULAMÉRICA FIF MULTIMERCADO MULTI CLASSES LONGO PRAZO - RESPONSABILIDADE LIMITADA;2025-11-30;Debêntures;Debênture simples;N;Para negociação;;;;;139.000000;148403.09;;;PJ;04.992.714/0001-84;NOVA TRANSP SUD;2032-09-13;S;DI1;DI de um dia;100.000000;1.850000;;S;N;
CLASSES - FIF;09.498.697/0001-47;SICREDI SULAMÉRICA FIF MULTIMERCADO MULTI CLASSES LONGO PRAZO - RESPONSABILIDADE LIMITADA;2025-11-30;Debêntures;Debênture simples;N;Para negociação;;;;;480.000000;512471.10;;;PJ;04.992.714/0001-84;NOVA TRANSP SUD;2032-09-13;S;DI1;DI de um dia;100.000000;1.713048;;S;N;
CLASSES - FIF;09.498.697/0001-47;SICREDI SULAMÉRICA FIF MULTIMERCADO MULTI CLASSES LONGO PRAZO - RESPONSABILIDADE LIMITADA;2025-11-30;Debêntures;Debênture simples;N;Para negociação;;;;;28.000000;28884.24;;;PJ;00.864.214/0001-06;ENERGISA S.A.;2032-09-15;S;DI1;DI de um dia;100.000000;0.749999;;S;N;
CLASSES - FIF;09.498.697/0001-47;SICREDI SULAMÉRICA FIF MULTIMERCADO MULTI CLASSES LONGO PRAZO - RESPONSABILIDADE LIMITADA;2025-11-30;Debêntures;Debênture simples;N;Para negociação;;;;;2373.000000;2554625.64;;;PJ;04.992.714/0001-84;NOVA TRANSP SUD;2034-02-15;S;DI1;DI de um dia;100.000000;1.700000;;S;N;
CLASSES - FIF;09.498.697/0001-47;SICREDI SULAMÉRICA FIF MULTIMERCADO MULTI CLASSES LONGO PRAZO - RESPONSABILIDADE LIMITADA;2025-11-30;Debêntures;Debênture simples;N;Para negociação;;;;;658.000000;671247.39;;;PJ;34.274.233/0001-02;VIBRA ENERGIA;2034-04-05;S;DI1;DI de um dia;100.000000;1.167383;;S;N;
CLASSES - FIF;09.555.452/0001-04;GAMA FI FINANCEIRO - CI MULT CRED PRIV - RESP LIMITADA;2025-11-30;Títulos de Crédito Privado;CCB;N;Para negociação;;;;;90536.840000;905368393.99;;;PJ;04.920.776/0001-80;CONSULFAC;2040-12-31;S;OUT;OUTROS;100.000000;0.000000;;N;N;
CLASSES - FIF;09.555.452/0001-04;GAMA FI FINANCEIRO - CI MULT CRED PRIV - RESP LIMITADA;2025-11-30;Títulos de Crédito Privado;CCB;N;Para negociação;;;;;1.000000;1789471.15;;;PJ;59.225.284/0001-67;TRES EDITORA;2026-11-30;S;OUT;OUTROS;100.000000;0.000000;;N;N;
CLASSES - FIF;09.555.452/0001-04;GAMA FI FINANCEIRO - CI MULT CRED PRIV - RESP LIMITADA;2025-11-30;Títulos de Crédito Privado;CCB;N;Para negociação;;;;;737.980000;7379814.99;;;PJ;11.825.102/0001-62;AMPLOSETE EMPRE;2040-12-31;S;OUT;OUTROS;100.000000;0.000000;;N;N;
CLASSES - FIF;09.555.452/0001-04;GAMA FI FINANCEIRO - CI MULT CRED PRIV - RESP LIMITADA;2025-11-30;Títulos de Crédito Privado;CCB;N;Para negociação;;;;;13383.710000;133837095.32;;;PJ;33.915.604/0001-17;LEGIAO DA BOA V;2040-12-31;S;OUT;OUTROS;100.000000;0.000000;;N;N;
CLASSES - FIF;09.555.452/0001-04;GAMA FI FINANCEIRO - CI MULT CRED PRIV - RESP LIMITADA;2025-11-30;Títulos de Crédito Privado;CCB;N;Para negociação;;;;;1.000000;3733166.73;;;PJ;18.589.126/0001-09;UPPER SID BATEL;2026-07-16;S;IAP;Índice de Preços ao Consumidor Amplo (IPCA/IBGE);100.000000;6.290592;;N;N;
CLASSES - FIF;09.577.500/0001-65;SANTANDER CRESCIMENTO RF CRÉD PRIV LONGO PRAZO - FIF RESP LIMITADA;2025-11-30;Títulos de Crédito Privado;Nota Promissória/ Commercial Paper/ Export Note;N;Para negociação;;;;;1589.000000;1686820.45;;;PJ;21.314.559/0001-66;MOVIDA PARTI;2027-02-04;S;DI1;DI de um dia;100.000000;3.433995;;S;N;
CLASSES - FIF;09.577.500/0001-65;SANTANDER CRESCIMENTO RF CRÉD PRIV LONGO PRAZO - FIF RESP LIMITADA;2025-11-30;Títulos de Crédito Privado;Nota Promissória/ Commercial Paper/ Export Note;N;Para negociação;;;;;2394.000000;2543076.77;;;PJ;15.483.161/0001-50;ALSOL ENERGIAS;2027-06-23;S;DI1;DI de um dia;100.000000;0.597238;;S;N;
CLASSES - FIF;09.577.500/0001-65;SANTANDER CRESCIMENTO RF CRÉD PRIV LONGO PRAZO - FIF RESP LIMITADA;2025-11-30;Títulos de Crédito Privado;Nota Promissória/ Commercial Paper/ Export Note;N;Para negociação;;;;;1456.000000;1569334.97;;;PJ;50.746.577/0001-15;COSAN SA INDUST;2028-12-27;S;DI1;DI de um dia;100.000000;1.630871;;S;N;
CLASSES - FIF;09.577.500/0001-65;SANTANDER CRESCIMENTO RF CRÉD PRIV LONGO PRAZO - FIF RESP LIMITADA;2025-11-30;Títulos ligados ao agronegócio;CRA;N;Para negociação;;;;;8775.000000;8887464.00;;;PJ;10.753.164/0001-43;ECO SECURITIZAD;2029-09-05;S;DI1;DI de um dia;100.000000;3.500000;;S;N;
CLASSES - FIF;09.613.232/0001-90;FUNDO DE INVESTIMENTO FINANCEIRO RENDA FIXA CRÉDITO PRIVADO PORTFOLIO MASTER I;2025-11-30;Títulos de Crédito Privado;CCB;N;Para negociação;;;;;1.000000;0.00;;;PJ;00.102.912/0001-74;ZADIMEL INDUSTRIA E COMERCIO DE ALI;2050-11-20;S;IAP;Índice de Preços ao Consumidor Amplo (IPCA/IBGE);100.000000;4.802282;;S;N;
CLASSES - FIF;09.613.232/0001-90;FUNDO DE INVESTIMENTO FINANCEIRO RENDA FIXA CRÉDITO PRIVADO PORTFOLIO MASTER I;2025-11-30;Títulos de Crédito Privado;CCB;N;Para negociação;;;;;1.000000;0.00;;;PJ;09.446.743/0001-64;CONSULTORIA E GESTAO DE OBRAS - CGO;2050-08-26;S;IAP;Índice de Preços ao Consumidor Amplo (IPCA/IBGE);100.000000;5.296154;;S;N;
CLASSES - FIF;09.613.232/0001-90;FUNDO DE INVESTIMENTO FINANCEIRO RENDA FIXA CRÉDITO PRIVADO PORTFOLIO MASTER I;2025-11-30;Títulos de Crédito Privado;CCB;N;Para negociação;;;;;1.000000;0.00;;;PJ;62.734.306/0001-29;IBERPLÁS COMUNICAÇÃO VISUAL LTDA;2050-06-28;S;IAP;Índice de Preços ao Consumidor Amplo (IPCA/IBGE);100.000000;5.265629;;S;N;
CLASSES - FIF;09.613.232/0001-90;FUNDO DE INVESTIMENTO FINANCEIRO RENDA FIXA CRÉDITO PRIVADO PORTFOLIO MASTER I;2025-11-30;Títulos de Crédito Privado;CCB;N;Para negociação;;;;;1.000000;0.00;;;PJ;09.446.743/0001-64;CONSULTORIA E GESTAO DE OBRAS - CGO;2050-02-26;S;IAP;Índice de Preços ao Consumidor Amplo (IPCA/IBGE);100.000000;5.391571;;S;N;
CLASSES - FIF;10.265.279/0001-99;ETOILE FUNDO DE INVESTIMENTO FINANCEIRO MULTIMERCADO CRÉDITO PRIVADO RESPONSABILIDADE LIMITADA;2025-11-30;Títulos ligados ao agronegócio;CRA;N;Para negociação;;;;;264.000000;33273.28;;;PJ;10.753.164/0001-43;ECO SECURITIZADORA D C AGRONEGOCIO;2025-12-15;S;OUT;OUTROS;100.000000;9.000000;;S;N;
CLASSES - FIF;10.265.279/0001-99;ETOILE FUNDO DE INVESTIMENTO FINANCEIRO MULTIMERCADO CRÉDITO PRIVADO RESPONSABILIDADE LIMITADA;2025-11-30;Títulos ligados ao agronegócio;CRA;N;Para negociação;;;;;795.000000;6661.74;;;PJ;10.753.164/0001-43;ECO SECURITIZADORA D C AGRONEGOCIO;2025-12-15;S;OUT;OUTROS;100.000000;3.000000;;S;N;
CLASSES - FIF;10.292.341/0001-31;FUNDO DE INVESTIMENTO FINANCEIRO MULTIMERCADO PEDRA AZUL;2025-11-30;Títulos ligados ao agronegócio;CRA;N;Para negociação;;;;;1900.000000;2297871.83;;;PJ;08.769.451/0001-08;VIRGO COMPANHIA DE SECURITIZACAO;2028-04-17;S;IAP;Índice de Preços ao Consumidor Amplo (IPCA/IBGE);100.000000;5.503400;;S;N;
CLASSES - FIF;10.341.829/0001-01;DAYCOVAL TOKAJ FUNDO DE INVESTIMENTO FINANCEIRO;2025-11-30;Debêntures;Debênture simples;N;Para negociação;;;;;17484.000000;79270.95;;;PJ;60.444.437/0001-46;LIGHT SERVICOS ELETRICIDADE SA;2027-08-31;S;PRE;Taxa de juro prefixada;100.000000;0.000000;;S;N;
CLASSES - FIF;10.355.516/0001-02;TOP FUNDO DE INVESTIMENTO FINANCEIRO RENDA FIXA;2025-11-30;Debêntures;Debênture simples;N;Para negociação;;;;;1.000000;0.00;;;PJ;07.112.325/0001-05;BI CIA SECURITIZADORA DE CREDITOS I;2050-02-04;S;IAP;Índice de Preços ao Consumidor Amplo (IPCA/IBGE);100.000000;2.544794;;S;N;
CLASSES - FIF;10.355.516/0001-02;TOP FUNDO DE INVESTIMENTO FINANCEIRO RENDA FIXA;2025-11-30;Debêntures;Debênture simples;N;Para negociação;;;;;57.000000;0.00;;;PJ;16.444.103/0001-80;BINGEN SECURITIZADORA S.A;2050-12-01;S;IGM;Índice Geral de Preços-Mercado (IGP-M);100.000000;2.469834;;S;N;
CLASSES - FIF;10.565.859/0001-00;BESKAR FUNDO DE INVESTIMENTO FINANCEIRO MULTIMERCADO CRÉDITO PRIVADO RESPONSABILIDADE LIMITADA;2025-11-30;Títulos ligados ao agronegócio;CRA;N;Para negociação;;;;;1098.000000;1101181.71;;;PJ;10.753.164/0001-43;ECO SECURITIZADORA D C AGRONEGOCIO;2030-11-18;S;OUT;OUTROS;105.000000;0.000000;;S;N;
CLASSES - FIF;10.618.964/0001-51;SANTANDER CRESCIMENTO INSTITUCIONAL RF - FIF RESP LIMITADA;2025-11-30;Títulos de Crédito Privado;Nota Promissória/ Commercial Paper/ Export Note;N;Para negociação;;;;;2108.000000;2271592.09;;;PJ;15.139.629/0001-94;COELBA;2027-06-20;S;DI1;DI de um dia;100.000000;1.413421;;S;N;
CLASSES - FIF;10.626.040/0001-05;D1 FUNDO DE INVESTIMENTO FINANCEIRO;2025-11-30;Debêntures;Debênture simples;N;Para negociação;;;;;100000.000000;995624.42;;;PJ;26.900.161/0001-25;RAPPI BRASIL INTERMEDIACAO DE NEGOCIOS LTDA;2026-03-11;S;PRE;Taxa de juro prefixada;100.000000;19.561817;;S;N;
CLASSES - FIF;10.626.040/0001-05;D1 FUNDO DE INVESTIMENTO FINANCEIRO;2025-11-30;Debêntures;Debênture simples;N;Para negociação;;;;;22134.000000;219641.69;;;PJ;26.900.161/0001-25;RAPPI BRASIL INTERMEDIACAO DE NEGOCIOS LTDA;2026-02-18;S;PRE;Taxa de juro prefixada;100.000000;20.238292;;S;N;
CLASSES - FIF;10.626.040/0001-05;D1 FUNDO DE INVESTIMENTO FINANCEIRO;2025-11-30;Títulos ligados ao agronegócio;CRA;N;Para negociação;;;;;150000.000000;1515334.34;;;PJ;48.141.505/0001-00;GCB SECURITIZADORA II S.A;2029-07-30;S;DI1;DI de um dia;100.000000;6.000000;;S;N;
CLASSES - FIF;10.764.978/0001-83;FUNDO DE INVESTIMENTO FINANCEIRO MULTIMERCADO BRL CRÉDITO PRIVADO IBIZA;2025-11-30;Títulos de Crédito Privado;CCB;N;Para negociação;0.000000;0.00;0.000000;0.00;1.000000;0.00;;;PJ;01.444.385/0001-49;FUNDACAO L HERMITAGE;2029-09-19;S;DI1;DI de um dia;100.000000;2.000000;;S;N;
CLASSES - FIF;10.843.445/0001-97;XP REFERENCIADO FI FINANCEIRO RENDA FIXA REFERENCIADO DI CRÉDITO PRIVADO - RESPONSABILIDADE LIMITADA;2025-11-30;Títulos de Crédito Privado;Nota Promissória/ Commercial Paper/ Export Note;N;Para negociação;;;;;34760.000000;36714355.97;;;PJ;29.198.324/0001-68;ABC BRASIL COMERCIALIZADORA DE ENER;2026-07-22;S;DI1;DI de um dia;100.000000;1.198333;;S;N;
CLASSES - FIF;10.843.445/0001-97;XP REFERENCIADO FI FINANCEIRO RENDA FIXA REFERENCIADO DI CRÉDITO PRIVADO - RESPONSABILIDADE LIMITADA;2025-11-30;Títulos de Crédito Privado;Nota Promissória/ Commercial Paper/ Export Note;N;Para negociação;;;;;25273.000000;27003025.73;;;PJ;29.198.324/0001-68;ABC BRASIL COMERCIALIZADORA DE ENER;2026-12-20;S;DI1;DI de um dia;100.000000;0.748951;;S;N;
CLASSES - FIF;10.883.252/0001-60;BRA1 FUNDO DE INVESTIMENTO RENDA FIXA;2025-11-30;Títulos de Crédito Privado;CCB;N;Para negociação;0.000000;0.00;0.000000;0.00;1.000000;0.00;;;PJ;04.184.896/0001-67;METALURGICA LCM CONSTRUTORA E INCORPORADORA;2050-05-07;S;IAP;Índice de Preços ao Consumidor Amplo (IPCA/IBGE);100.000000;0.000000;;S;N;
CLASSES - FIF;10.883.252/0001-60;BRA1 FUNDO DE INVESTIMENTO RENDA FIXA;2025-11-30;Títulos de Crédito Privado;CCB;N;Para negociação;0.000000;0.00;0.000000;0.00;12.000000;0.00;;;PJ;13.157.886/0001-23;ITACARE VILLE DESENVOLVIMENTO IMOBILIÁRIO;2050-08-11;S;IAP;Índice de Preços ao Consumidor Amplo (IPCA/IBGE);100.000000;0.000000;;S;N;
CLASSES - FIF;11.110.894/0001-99;G5 LOTUS FUNDO DE INVESTIMENTO FINANCEIRO MULTIMERCADO;2025-11-30;Títulos ligados ao agronegócio;CRA;N;Para negociação;;;;;164.000000;20683.14;;;PJ;10.753.164/0001-43;ECO SECURITIZADORA DE DIREITOS CREDITORIOS DO AGRO;2025-12-15;S;DI1;DI de um dia;100.000000;9.000000;;S;N;
CLASSES - FIF;11.839.215/0001-17;BB RF CRÉDITO PRIVADO LONGO PRAZO DEDICADO ANS FUNDO DE INVESTIMENTO FINANCEIRO RESP LIMITADA;2025-11-30;Debêntures;Debênture simples;N;Para negociação;;;;;6000.000000;6023503.52;;;PJ;61.856.571/0001-17;CIA GAS SAO PAULO COMGAS;2028-05-15;S;DI1;DI de um dia;100.000000;0.450000;;S;N;
CLASSES - FIF;12.228.025/0001-26;G5 RELUX FIF - CLASSE DE INVESTIMENTO MULTIMERCADO CRÉDITO PRIVADO - RESPONSABILIDADE LIMITADA;2025-11-30;Debêntures;Debênture simples;N;Para negociação;;;;;1450.000000;506638.86;;;PJ;02.773.542/0001-22;Opea Securitiza;2025-12-03;S;DI1;DI de um dia;100.000000;5.849999;;S;N;
CLASSES - FIF;12.765.687/0001-35;G5 SÃO LOURENÇO FI FINANCEIRO - CI MULT CRED PRIV - RESP LIMITADA;2025-11-30;Títulos ligados ao agronegócio;CRA;N;Para negociação;;;;;195.000000;24577.88;;;PJ;10.753.164/0001-43;ECO SECURITIZAD;2025-12-15;S;DI1;DI de um dia;100.000000;9.005322;;S;N;
CLASSES - FIF;12.845.801/0001-37;TOWER RENDA FIXA FUNDO DE INVESTIMENTO IMA-B 5;2025-11-30;Títulos de Crédito Privado;CCI;N;Para negociação;0.000000;0.00;0.000000;0.00;113.000000;10500362.19;;;PJ;33.050.626/0001-61;COPEG - CRE;2027-01-01;S;TR;Taxa Referencial;100.000000;0.000000;;S;N;
CLASSES - FIF;12.907.100/0001-85;FUNDO DE INVESTIMENTO SITA RENDA FIXA CREDITO PRIVADO LONGO PRAZO;2025-11-30;Debêntures;Debênture simples;N;Para negociação;0.000000;0.00;0.000000;0.00;7436.000000;7436.00;;;PJ;76.627.504/0001-06;INEPAR;2050-09-06;S;DI1;DI de um dia;0.000000;0.000000;;S;N;
CLASSES - FIF;13.021.642/0001-19;KYKNOS FUNDO DE INVESTIMENTO FINANCEIRO MULTIMERCADO INVESTIMENTO EXTERIOR;2025-11-30;Debêntures;Debênture simples;N;Para negociação;;;;;2115.000000;2067139.95;;;PJ;07.714.104/0001-07;GIGA MAIS FIBRA TELECOMUNICACOES S.A.;2031-07-15;S;IAP;Índice de Preços ao Consumidor Amplo (IPCA/IBGE);100.000000;10.584400;;S;N;
CLASSES - FIF;13.021.642/0001-19;KYKNOS FUNDO DE INVESTIMENTO FINANCEIRO MULTIMERCADO INVESTIMENTO EXTERIOR;2025-11-30;Títulos ligados ao agronegócio;CRA;N;Para negociação;;;;;1787.000000;225370.55;;;PJ;10.753.164/0001-43;ECO SECURITIZADORA DE DIREITOS CREDITORIOS DO AGRO;2025-12-15;S;DI1;DI de um dia;100.000000;9.000000;;S;N;
CLASSES - FIF;13.052.736/0001-55;SANTANDER PREV TKSSP1 MULTIMERCADO CREDITO PRIVADO - FIF RESP LIMITADA;2025-11-30;Títulos de Crédito Privado;Nota Promissória/ Commercial Paper/ Export Note;S;Para negociação;;;;;212.000000;224283.41;;;PJ;33.000.167/0001-01;PETROBRAS S/A;2030-02-25;S;DI1;DI de um dia;100.000000;1.649999;;S;N;
CLASSES - FIF;13.058.736/0001-62;CAIXA PREVINVEST PREVIDENCIÁRIO FIF RENDA FIXA CRÉDITO PRIVADO - RESPONSABILIDADE LIMITADA;2025-11-30;Debêntures;Debênture simples;N;Para negociação;;;;;57827.000000;58128832.25;;;PJ;43.776.517/0001-80;SABESP;2032-11-14;S;DI1;DI de um dia;100.000000;0.690000;;S;N;
CLASSES - FIF;13.058.736/0001-62;CAIXA PREVINVEST PREVIDENCIÁRIO FIF RENDA FIXA CRÉDITO PRIVADO - RESPONSABILIDADE LIMITADA;2025-11-30;Títulos de Crédito Privado;Nota Promissória/ Commercial Paper/ Export Note;N;Para negociação;;;;;9700.000000;10397755.14;;;PJ;50.746.577/0001-15;COSAN S/A;2028-12-27;S;DI1;DI de um dia;100.000000;1.662980;;S;N;
CLASSES - FIF;13.106.998/0001-55;CAPITANIA FIX CREDITO PRIVADO FI FINANCEIRO RENDA FIXA - RESPONSABILIDADE LIMITADA;2025-11-30;Debêntures;Debênture simples;N;Para negociação;;;;;5000.000000;4991406.89;;;PJ;36.128.741/0001-08;CONCESSIONARIA DA RODOVIA MS 306 S.;2043-05-15;S;IAP;Índice de Preços ao Consumidor Amplo (IPCA/IBGE);100.000000;7.874225;;S;N;
CLASSES - FIF;13.106.998/0001-55;CAPITANIA FIX CREDITO PRIVADO FI FINANCEIRO RENDA FIXA - RESPONSABILIDADE LIMITADA;2025-11-30;Debêntures;Debênture simples;N;Para negociação;;;;;1168.000000;1095383.57;;;PJ;26.609.050/0001-64;TRAVESSIA SECURITIZADORA SA;2036-11-19;S;IAP;Índice de Preços ao Consumidor Amplo (IPCA/IBGE);100.000000;8.619738;;S;N;
CLASSES - FIF;13.106.998/0001-55;CAPITANIA FIX CREDITO PRIVADO FI FINANCEIRO RENDA FIXA - RESPONSABILIDADE LIMITADA;2025-11-30;Títulos de Crédito Privado;Nota Promissória/ Commercial Paper/ Export Note;N;Para negociação;;;;;954.000000;1029190.87;;;PJ;33.000.167/0001-01;PETROLEO BRASILEIRO;2032-08-25;S;DI1;DI de um dia;100.000000;1.554968;;S;N;
CLASSES - FIF;13.106.998/0001-55;CAPITANIA FIX CREDITO PRIVADO FI FINANCEIRO RENDA FIXA - RESPONSABILIDADE LIMITADA;2025-11-30;Títulos de Crédito Privado;Nota Promissória/ Commercial Paper/ Export Note;N;Para negociação;;;;;1566.000000;1689426.52;;;PJ;33.000.167/0001-01;PETROLEO BRASILEIRO;2032-08-25;S;DI1;DI de um dia;100.000000;1.535931;;S;N;
CLASSES - FIF;13.411.914/0001-97;ITAÚ FLEXPREV PRIVATE FUNDO DE INVESTIMENTO FINANCEIRO RENDA FIXA CRÉDITO PRIVADO - RESP LIMITADA;2025-11-30;Debêntures;Debênture simples;N;Para negociação;;;;;6184.000000;6216277.92;;;PJ;43.776.517/0001-80;CIA SANEAMENTO BASICO EST SAO PAULO;2032-11-14;S;DI1;DI de um dia;100.000000;0.690000;;S;N;
CLASSES - FIF;13.425.757/0001-79;MAIS VIDA II FIF - CLASSE DE INVESTIMENTO MULTIMERCADO - RESP LIMITADA;2025-11-30;Debêntures;Debênture simples;N;Para negociação;;;;;1375.000000;1382176.91;;;PJ;43.776.517/0001-80;SABESP;2032-11-14;S;DI1;DI de um dia;100.000000;0.690000;;S;N;
CLASSES - FIF;13.547.613/0001-95;G5 MAKTUB FIF MULTIMERCADO CRÉDITO PRIVADO - RESP LIMITADA;2025-11-30;Debêntures;Debênture simples;N;Para negociação;;;;;2200.000000;768693.44;;;PJ;02.773.542/0001-22;Opea Securitiza;2025-12-03;S;DI1;DI de um dia;100.000000;5.849999;;S;N;
CLASSES - FIF;13.594.673/0001-69;TMJ IMA-B FUNDO DE INVESTIMENTO RENDA FIXA;2025-11-30;Debêntures;Debênture simples;N;Para negociação;0.000000;0.00;0.000000;0.00;819.000000;2352282.56;;;PJ;24.444.902/0001-85;EBPH PARTICIPAÇÕES;2050-12-31;S;IAP;Índice de Preços ao Consumidor Amplo (IPCA/IBGE);100.000000;0.000000;;S;N;
CLASSES - FIF;13.804.852/0001-83;MAGENTA - FUNDO DE INVESTIMENTO MULTIMERCADO INVESTIMENTO NO EXTERIOR - CREDITO PRIVADO;2025-11-30;Debêntures;Debênture simples;N;Para negociação;;;;;10000.000000;11390481.40;;;PJ;40.593.395/0001-06;IFIN PARTICIPAC;2033-09-15;S;IPC;Índice de Preços ao Consumidor (IPC/FIPE);100.000000;7.658338;;S;N;
CLASSES - FIF;13.812.187/0001-70;G5 ÁGUAS CLARAS CLASSE DE INVESTIMENTO MULTIMERCADO CRÉDITO PRIVADO;2025-11-30;Títulos ligados ao agronegócio;CRA;N;Para negociação;0.000000;0.00;0.000000;0.00;1108.000000;139737.31;;;PJ;10.753.164/0001-43;ECOSECURITIZADORADIREITOSCREDITORIOSAGRONEGOCIOSA;2025-12-15;S;DI1;DI de um dia;100.000000;0.000000;;S;N;
CLASSES - FIF;13.910.764/0001-66;FUNDO DE INVESTIMENTO FINANCEIRO MULTIMERCADO VALUE PREV CMA I - RESPONSABILIDADE LIMITADA;2025-11-30;Debêntures;Debênture simples;N;Para negociação;;;;;1052.000000;1057961.29;;;PJ;43.776.517/0001-80;SABESP - CIA SANEAM  EST SÃO PAULO;2032-11-14;S;DI1;DI de um dia;100.000000;13.066681;;S;N;
CLASSES - FIF;14.113.348/0001-08;PHISIQ QI GRAND SLAM FUNDO DE INVESTIMENTO FINANCEIRO MULTIMERCADO CRÉDITO PRIVADO RESP LIMITADA;2025-11-30;Títulos de Crédito Privado;Nota Promissória/ Commercial Paper/ Export Note;N;Para negociação;;;;;316.000000;1269602.12;;;PJ;61.167.060/0001-98;INDUSTRIA QUIMICA KIMBERLIT LTDA;2027-03-31;S;DI1;DI de um dia;100.000000;6.000000;;S;N;
CLASSES - FIF;14.171.959/0001-02;G5 VEREDAS FIF - CLASSE DE INVESTIMENTO MULTIMERCADO CRÉDITO PRIVADO - RESPONSABILIDADE LIMITADA;2025-11-30;Debêntures;Debênture simples;N;Para negociação;;;;;1150.000000;401817.03;;;PJ;02.773.542/0001-22;Opea Securitiza;2025-12-03;S;DI1;DI de um dia;100.000000;5.849999;;S;N;
CLASSES - FIF;14.171.959/0001-02;G5 VEREDAS FIF - CLASSE DE INVESTIMENTO MULTIMERCADO CRÉDITO PRIVADO - RESPONSABILIDADE LIMITADA;2025-11-30;Títulos ligados ao agronegócio;CRA;N;Para negociação;;;;;1235.000000;155659.90;;;PJ;10.753.164/0001-43;ECO SECURITIZAD;2025-12-15;S;DI1;DI de um dia;100.000000;9.005322;;S;N;
CLASSES - FIF;14.171.982/0001-99;G5 CRYSTAL FIF - CLASSE DE INVESTIMENTO MULTIMERCADO CRÉDITO PRIVADO - RESPONSABILIDADE LIMITADA;2025-11-30;Títulos ligados ao agronegócio;CRA;N;Para negociação;;;;;829.000000;104487.50;;;PJ;10.753.164/0001-43;ECO SECURITIZAD;2025-12-15;S;DI1;DI de um dia;100.000000;9.005322;;S;N;
CLASSES - FIF;14.285.221/0001-68;AMARANTE FUNDO DE INVESTIMENTO FINANCEIRO MULTIMERCADO CRÉDITO PRIVADO RESPONSABILIDADE LIMITADA;2025-11-30;Debêntures;Debênture conversível;N;Para negociação;;;;;2067148.000000;7975260.60;;;PJ;07.909.776/0001-78;AMATA SA;2049-12-31;S;DI1;DI de um dia;100.000000;0.000000;;S;N;
CLASSES - FIF;14.379.407/0001-86;BRB CRÉDITO CORPORATIVO FUNDO DE INVESTIMENTO EM RENDA FIXA CP LP RESPONSABILIDADE LIMITADO;2025-11-30;Debêntures;Debênture simples;N;Para negociação;0.000000;0.00;0.000000;0.00;1682.000000;133660.29;;;PJ;17.281.106/0001-03;COPASA;2025-12-16;S;DI1;DI de um dia;100.000000;0.000000;;S;N;
CLASSES - FIF;14.379.407/0001-86;BRB CRÉDITO CORPORATIVO FUNDO DE INVESTIMENTO EM RENDA FIXA CP LP RESPONSABILIDADE LIMITADO;2025-11-30;Debêntures;Debênture simples;N;Para negociação;0.000000;0.00;0.000000;0.00;1351.000000;1403046.18;;;PJ;08.827.501/0001-58;AEGEA SANEAMENTO E PARTICIPA  ES S/A;2026-03-15;S;DI1;DI de um dia;100.000000;0.000000;;S;N;
CLASSES - FIF;14.379.407/0001-86;BRB CRÉDITO CORPORATIVO FUNDO DE INVESTIMENTO EM RENDA FIXA CP LP RESPONSABILIDADE LIMITADO;2025-11-30;Debêntures;Debênture simples;N;Para negociação;521.000000;561942.49;0.000000;0.00;903.000000;908704.41;;;PJ;00.001.180/0001-26;CENTRAIS ELETRICAS BRASILEIRAS S/A ELETROBRAS;2026-04-25;S;DI1;DI de um dia;100.000000;0.000000;;S;N;
CLASSES - FIF;14.379.407/0001-86;BRB CRÉDITO CORPORATIVO FUNDO DE INVESTIMENTO EM RENDA FIXA CP LP RESPONSABILIDADE LIMITADO;2025-11-30;Debêntures;Debênture simples;N;Para negociação;0.000000;0.00;0.000000;0.00;2352.000000;1184981.14;;;PJ;06.981.180/0001-16;CEMIG DISTRIBUI  O S/A;2026-05-15;S;DI1;DI de um dia;100.000000;0.000000;;S;N;
CLASSES - FIF;14.379.407/0001-86;BRB CRÉDITO CORPORATIVO FUNDO DE INVESTIMENTO EM RENDA FIXA CP LP RESPONSABILIDADE LIMITADO;2025-11-30;Debêntures;Debênture simples;N;Para negociação;0.000000;0.00;0.000000;0.00;187.000000;0.00;;;PJ;43.776.517/0001-80;SABESP;2026-07-15;S;DI1;DI de um dia;100.000000;0.000000;;S;N;
CLASSES - FIF;14.379.407/0001-86;BRB CRÉDITO CORPORATIVO FUNDO DE INVESTIMENTO EM RENDA FIXA CP LP RESPONSABILIDADE LIMITADO;2025-11-30;Debêntures;Debênture simples;N;Para negociação;0.000000;0.00;0.000000;0.00;740.000000;498269.42;;;PJ;43.776.517/0001-80;SABESP;2027-05-10;S;DI1;DI de um dia;100.000000;0.000000;;S;N;
CLASSES - FIF;14.379.407/0001-86;BRB CRÉDITO CORPORATIVO FUNDO DE INVESTIMENTO EM RENDA FIXA CP LP RESPONSABILIDADE LIMITADO;2025-11-30;Debêntures;Debênture simples;N;Para negociação;0.000000;0.00;0.000000;0.00;303.000000;312896.67;;;PJ;06.047.087/0038-20;REDE D'OR SAO LUIZ S.A;2027-09-15;S;DI1;DI de um dia;100.000000;0.000000;;S;N;
CLASSES - FIF;14.379.407/0001-86;BRB CRÉDITO CORPORATIVO FUNDO DE INVESTIMENTO EM RENDA FIXA CP LP RESPONSABILIDADE LIMITADO;2025-11-30;Debêntures;Debênture simples;N;Para negociação;0.000000;0.00;0.000000;0.00;1615.000000;1668930.13;;;PJ;08.807.432/0001-10;YDUQS PART;2027-09-23;S;DI1;DI de um dia;100.000000;0.000000;;S;N;
CLASSES - FIF;14.379.407/0001-86;BRB CRÉDITO CORPORATIVO FUNDO DE INVESTIMENTO EM RENDA FIXA CP LP RESPONSABILIDADE LIMITADO;2025-11-30;Debêntures;Debênture simples;N;Para negociação;0.000000;0.00;0.000000;0.00;1287.000000;1355807.02;;;PJ;51.218.147/0001-93;IGUATEMI;2027-09-28;S;DI1;DI de um dia;100.000000;0.000000;;S;N;
CLASSES - FIF;14.379.407/0001-86;BRB CRÉDITO CORPORATIVO FUNDO DE INVESTIMENTO EM RENDA FIXA CP LP RESPONSABILIDADE LIMITADO;2025-11-30;Debêntures;Debênture simples;N;Para negociação;0.000000;0.00;0.000000;0.00;381.000000;411079.92;;;PJ;06.981.176/0001-58;CEMIG GT;2027-12-15;S;DI1;DI de um dia;100.000000;0.000000;;S;N;
CLASSES - FIF;14.379.407/0001-86;BRB CRÉDITO CORPORATIVO FUNDO DE INVESTIMENTO EM RENDA FIXA CP LP RESPONSABILIDADE LIMITADO;2025-11-30;Debêntures;Debênture simples;N;Para negociação;0.000000;0.00;0.000000;0.00;1908.000000;2078958.09;;;PJ;43.776.517/0001-80;SABESP;2027-12-15;S;DI1;DI de um dia;100.000000;0.000000;;S;N;
CLASSES - FIF;14.379.407/0001-86;BRB CRÉDITO CORPORATIVO FUNDO DE INVESTIMENTO EM RENDA FIXA CP LP RESPONSABILIDADE LIMITADO;2025-11-30;Debêntures;Debênture simples;N;Para negociação;521.000000;561942.49;0.000000;0.00;463.000000;494939.91;;;PJ;07.816.890/0001-53;MULTIPLAN EMPREENDIMENTOS IMOBILI RIOS S/A;2028-01-10;S;DI1;DI de um dia;100.000000;0.000000;;S;N;
CLASSES - FIF;14.379.407/0001-86;BRB CRÉDITO CORPORATIVO FUNDO DE INVESTIMENTO EM RENDA FIXA CP LP RESPONSABILIDADE LIMITADO;2025-11-30;Debêntures;Debênture simples;N;Para negociação;0.000000;0.00;0.000000;0.00;2180.000000;2232472.16;;;PJ;76.484.013/0001-45;SANEPAR;2028-04-15;S;DI1;DI de um dia;100.000000;0.000000;;S;N;
CLASSES - FIF;14.379.407/0001-86;BRB CRÉDITO CORPORATIVO FUNDO DE INVESTIMENTO EM RENDA FIXA CP LP RESPONSABILIDADE LIMITADO;2025-11-30;Debêntures;Debênture simples;N;Para negociação;36.000000;37265.29;16.000000;16666.12;1593.000000;1663926.48;;;PJ;00.001.180/0001-26;CENTRAIS ELETRICAS BRASILEIRAS S/A ELETROBRAS;2028-09-15;S;DI1;DI de um dia;100.000000;0.000000;;S;N;
CLASSES - FIF;14.379.407/0001-86;BRB CRÉDITO CORPORATIVO FUNDO DE INVESTIMENTO EM RENDA FIXA CP LP RESPONSABILIDADE LIMITADO;2025-11-30;Debêntures;Debênture simples;N;Para negociação;0.000000;0.00;0.000000;0.00;1233.000000;1273073.62;;;PJ;08.827.501/0001-58;AEGEA SANEAMENTO E PARTICIPA  ES S/A;2028-10-04;S;DI1;DI de um dia;100.000000;0.000000;;S;N;
CLASSES - FIF;14.379.407/0001-86;BRB CRÉDITO CORPORATIVO FUNDO DE INVESTIMENTO EM RENDA FIXA CP LP RESPONSABILIDADE LIMITADO;2025-11-30;Debêntures;Debênture simples;N;Para negociação;0.000000;0.00;0.000000;0.00;589.000000;605929.38;;;PJ;07.816.890/0001-53;MULTIPLAN EMPREENDIMENTOS IMOBILI RIOS S/A;2028-10-15;S;DI1;DI de um dia;100.000000;0.000000;;S;N;
CLASSES - FIF;14.379.407/0001-86;BRB CRÉDITO CORPORATIVO FUNDO DE INVESTIMENTO EM RENDA FIXA CP LP RESPONSABILIDADE LIMITADO;2025-11-30;Debêntures;Debênture simples;N;Para negociação;0.000000;0.00;0.000000;0.00;2763.000000;2892046.93;;;PJ;02.998.611/0001-04;ISA ENERGIA BRASIL S.A.;2028-11-15;S;DI1;DI de um dia;100.000000;0.000000;;S;N;
CLASSES - FIF;14.379.407/0001-86;BRB CRÉDITO CORPORATIVO FUNDO DE INVESTIMENTO EM RENDA FIXA CP LP RESPONSABILIDADE LIMITADO;2025-11-30;Debêntures;Debênture simples;N;Para negociação;0.000000;0.00;0.000000;0.00;1702.000000;1729906.92;;;PJ;16.670.085/0001-55;LOCALIZA;2028-11-25;S;DI1;DI de um dia;100.000000;0.000000;;S;N;
CLASSES - FIF;14.379.407/0001-86;BRB CRÉDITO CORPORATIVO FUNDO DE INVESTIMENTO EM RENDA FIXA CP LP RESPONSABILIDADE LIMITADO;2025-11-30;Debêntures;Debênture simples;N;Para negociação;594.000000;640691.93;0.000000;0.00;894.000000;973447.49;;;PJ;03.220.438/0001-73;EQUATORIAL ENERGIA S.A;2028-12-15;S;DI1;DI de um dia;100.000000;0.000000;;S;N;
CLASSES - FIF;14.379.407/0001-86;BRB CRÉDITO CORPORATIVO FUNDO DE INVESTIMENTO EM RENDA FIXA CP LP RESPONSABILIDADE LIMITADO;2025-11-30;Debêntures;Debênture simples;N;Para negociação;0.000000;0.00;0.000000;0.00;671.000000;704144.68;;;PJ;06.981.180/0001-16;CEMIG DISTRIBUI  O S/A;2029-02-15;S;DI1;DI de um dia;100.000000;0.000000;;S;N;
CLASSES - FIF;14.379.407/0001-86;BRB CRÉDITO CORPORATIVO FUNDO DE INVESTIMENTO EM RENDA FIXA CP LP RESPONSABILIDADE LIMITADO;2025-11-30;Debêntures;Debênture simples;N;Para negociação;672.000000;0.00;0.000000;0.00;8.000000;8472.64;;;PJ;16.670.085/0001-55;LOCALIZA;2029-02-25;S;DI1;DI de um dia;100.000000;0.000000;;S;N;
CLASSES - FIF;14.379.407/0001-86;BRB CRÉDITO CORPORATIVO FUNDO DE INVESTIMENTO EM RENDA FIXA CP LP RESPONSABILIDADE LIMITADO;2025-11-30;Debêntures;Debênture simples;N;Para negociação;0.000000;0.00;0.000000;0.00;1640.000000;1695349.92;;;PJ;07.594.978/0001-78;SMART FIT;2029-04-05;S;DI1;DI de um dia;100.000000;0.000000;;S;N;
CLASSES - FIF;14.379.407/0001-86;BRB CRÉDITO CORPORATIVO FUNDO DE INVESTIMENTO EM RENDA FIXA CP LP RESPONSABILIDADE LIMITADO;2025-11-30;Debêntures;Debênture simples;N;Para negociação;0.000000;0.00;0.000000;0.00;1398.000000;1437649.10;;;PJ;04.423.567/0001-21;ENEVA S.A;2029-04-15;S;DI1;DI de um dia;100.000000;0.000000;;S;N;
CLASSES - FIF;14.379.407/0001-86;BRB CRÉDITO CORPORATIVO FUNDO DE INVESTIMENTO EM RENDA FIXA CP LP RESPONSABILIDADE LIMITADO;2025-11-30;Debêntures;Debênture simples;N;Para negociação;0.000000;0.00;0.000000;0.00;1733.000000;1858238.11;;;PJ;06.047.087/0038-20;REDE D'OR SAO LUIZ S.A;2029-06-20;S;DI1;DI de um dia;100.000000;0.000000;;S;N;
CLASSES - FIF;14.379.407/0001-86;BRB CRÉDITO CORPORATIVO FUNDO DE INVESTIMENTO EM RENDA FIXA CP LP RESPONSABILIDADE LIMITADO;2025-11-30;Debêntures;Debênture simples;N;Para negociação;0.000000;0.00;0.000000;0.00;220.000000;238482.29;;;PJ;04.423.567/0001-21;ENEVA S.A;2029-07-15;S;DI1;DI de um dia;100.000000;0.000000;;S;N;
CLASSES - FIF;14.379.407/0001-86;BRB CRÉDITO CORPORATIVO FUNDO DE INVESTIMENTO EM RENDA FIXA CP LP RESPONSABILIDADE LIMITADO;2025-11-30;Debêntures;Debênture simples;N;Para negociação;0.000000;0.00;0.000000;0.00;2904.000000;3020769.58;;;PJ;00.864.214/0001-06;ENERGISA;2029-09-04;S;DI1;DI de um dia;100.000000;0.000000;;S;N;
CLASSES - FIF;14.379.407/0001-86;BRB CRÉDITO CORPORATIVO FUNDO DE INVESTIMENTO EM RENDA FIXA CP LP RESPONSABILIDADE LIMITADO;2025-11-30;Debêntures;Debênture simples;N;Para negociação;0.000000;0.00;0.000000;0.00;2513.000000;2520599.51;;;PJ;33.050.196/0001-88;COMPANHIA PAULISTA DE FORCA E LUZ;2030-02-15;S;DI1;DI de um dia;100.000000;0.000000;;S;N;
CLASSES - FIF;14.379.407/0001-86;BRB CRÉDITO CORPORATIVO FUNDO DE INVESTIMENTO EM RENDA FIXA CP LP RESPONSABILIDADE LIMITADO;2025-11-30;Debêntures;Debênture simples;N;Para negociação;0.000000;0.00;0.000000;0.00;464.000000;479321.53;;;PJ;03.220.438/0001-73;EQUATORIAL ENERGIA S.A;2030-03-15;S;DI1;DI de um dia;100.000000;0.000000;;S;N;
CLASSES - FIF;14.379.407/0001-86;BRB CRÉDITO CORPORATIVO FUNDO DE INVESTIMENTO EM RENDA FIXA CP LP RESPONSABILIDADE LIMITADO;2025-11-30;Debêntures;Debênture simples;N;Para negociação;0.000000;0.00;0.000000;0.00;750.000000;772184.77;;;PJ;08.467.115/0001-00;CEEE-D;2030-03-25;S;DI1;DI de um dia;100.000000;0.000000;;S;N;
CLASSES - FIF;14.379.407/0001-86;BRB CRÉDITO CORPORATIVO FUNDO DE INVESTIMENTO EM RENDA FIXA CP LP RESPONSABILIDADE LIMITADO;2025-11-30;Debêntures;Debênture simples;N;Para negociação;0.000000;0.00;0.000000;0.00;991.000000;1045807.86;;;PJ;04.368.898/0001-06;COPEL DISTRIBUICAO S/A;2030-07-15;S;DI1;DI de um dia;100.000000;0.000000;;S;N;
CLASSES - FIF;14.379.407/0001-86;BRB CRÉDITO CORPORATIVO FUNDO DE INVESTIMENTO EM RENDA FIXA CP LP RESPONSABILIDADE LIMITADO;2025-11-30;Debêntures;Debênture simples;N;Para negociação;0.000000;0.00;499.000000;505027.18;1446.000000;1472436.31;;;PJ;02.558.115/0001-21;TIM PART S/A;2030-07-23;S;DI1;DI de um dia;100.000000;0.000000;;S;N;
CLASSES - FIF;14.379.407/0001-86;BRB CRÉDITO CORPORATIVO FUNDO DE INVESTIMENTO EM RENDA FIXA CP LP RESPONSABILIDADE LIMITADO;2025-11-30;Debêntures;Debênture simples;N;Para negociação;0.000000;0.00;0.000000;0.00;896.000000;918027.61;;;PJ;16.670.085/0001-55;LOCALIZA;2030-09-18;S;DI1;DI de um dia;100.000000;0.000000;;S;N;
CLASSES - FIF;14.379.407/0001-86;BRB CRÉDITO CORPORATIVO FUNDO DE INVESTIMENTO EM RENDA FIXA CP LP RESPONSABILIDADE LIMITADO;2025-11-30;Debêntures;Debênture simples;N;Para negociação;0.000000;0.00;0.000000;0.00;2320.000000;2379179.86;;;PJ;09.346.601/0001-25;B3;2030-09-18;S;DI1;DI de um dia;100.000000;0.000000;;S;N;
CLASSES - FIF;14.379.407/0001-86;BRB CRÉDITO CORPORATIVO FUNDO DE INVESTIMENTO EM RENDA FIXA CP LP RESPONSABILIDADE LIMITADO;2025-11-30;Debêntures;Debênture simples;N;Para negociação;0.000000;0.00;0.000000;0.00;2234.000000;2241241.07;;;PJ;02.451.848/0001-62;ANHANGUERA;2030-11-05;S;DI1;DI de um dia;100.000000;0.000000;;S;N;
CLASSES - FIF;14.399.693/0001-41;GERDAU PREVIDÊNCIA FIF - CLASSE DE INVESTIMENTO RENDA FIXA CRÉDITO PRIVADO 2 - RESP LIMITADA;2025-11-30;Debêntures;Debênture simples;N;Para negociação;;;;;700.000000;699741.64;;;PJ;61.585.865/0001-51;RAIA DROGASIL S/A;2032-11-10;S;DI1;DI de um dia;100.000000;0.440000;;S;N;
CLASSES - FIF;15.091.732/0001-01;ALVORADA FIF MULTIMERCADO CRÉDITO PRIVADO RESPONSABILIDADE LIMITADA;2025-11-30;Títulos de Crédito Privado;Nota Promissória/ Commercial Paper/ Export Note;N;Para negociação;;;;;20000000.000000;16380358.80;;;PJ;07.576.952/0001-05;NATURAGUA AGUAS MINERAIS IND E COM;2029-12-21;S;DI1;DI de um dia;104.000000;0.000000;;S;N;
CLASSES - FIF;15.091.732/0001-01;ALVORADA FIF MULTIMERCADO CRÉDITO PRIVADO RESPONSABILIDADE LIMITADA;2025-11-30;Títulos de Crédito Privado;Nota Promissória/ Commercial Paper/ Export Note;N;Para negociação;;;;;10000000.000000;9540819.20;;;PJ;24.361.690/0001-72;LIMINE TRUST DISTRIBUIDORA DE TITULOS E VALORES MOBILIARIOS LTDA;2028-11-14;S;DI1;DI de um dia;105.000000;0.000000;;S;N;
CLASSES - FIF;15.164.899/0001-55;PANTHER FUNDO DE INVESTIMENTO FINANCEIRO MULTIMERCADO;2025-11-30;Debêntures;Debênture simples;N;Para negociação;;;;;1500.000000;1492192.76;;;PJ;09.288.252/0001-32;ANIMA HOLDING SA;2029-10-15;S;DI1;DI de um dia;100.000000;1.500000;;S;N;
CLASSES - FIF;15.164.899/0001-55;PANTHER FUNDO DE INVESTIMENTO FINANCEIRO MULTIMERCADO;2025-11-30;Debêntures;Debênture simples;N;Para negociação;;;;;42736.000000;193761.35;;;PJ;60.444.437/0001-46;LIGHT SERVICOS ELETRICIDADE SA;2027-08-31;S;PRE;Taxa de juro prefixada;100.000000;0.000000;;S;N;
CLASSES - FIF;15.164.899/0001-55;PANTHER FUNDO DE INVESTIMENTO FINANCEIRO MULTIMERCADO;2025-11-30;Debêntures;Debênture simples;N;Para negociação;;;;;458.000000;99839.63;;;PJ;01.599.101/0001-93;SEQUOIA LOGÍSTICA E TRANSPORTES S.A.;2027-12-31;S;DI1;DI de um dia;100.000000;0.000000;;S;N;
CLASSES - FIF;15.174.629/0001-25;INTEGRAL FUNDO DE INVESTIMENTO FINANCEIRO RENDA FIXA;2025-11-30;Debêntures;Debênture simples;N;Para negociação;;;;;675.000000;654588.69;;;PJ;00.242.184/0001-04;ARMAC LOCACAO LOGISTICA E SERVICOS S.A.;2030-11-05;S;DI1;DI de um dia;100.000000;2.650000;;S;N;
CLASSES - FIF;15.174.629/0001-25;INTEGRAL FUNDO DE INVESTIMENTO FINANCEIRO RENDA FIXA;2025-11-30;Debêntures;Debênture simples;N;Para negociação;;;;;1300.000000;1293233.72;;;PJ;09.288.252/0001-32;ANIMA HOLDING S.A.;2029-10-15;S;DI1;DI de um dia;100.000000;1.930200;;S;N;
CLASSES - FIF;15.174.629/0001-25;INTEGRAL FUNDO DE INVESTIMENTO FINANCEIRO RENDA FIXA;2025-11-30;Debêntures;Debênture simples;N;Para negociação;;;;;1500.000000;1509001.98;;;PJ;61.585.865/0001-51;RAIA DROGASIL S/A;2032-11-10;S;DI1;DI de um dia;100.000000;0.470000;;S;N;
CLASSES - FIF;15.350.909/0001-47;VITÓRIA RÉGIA FUNDO DE INVESTIMENTO FINANCEIRO RENDA FIXA LONGO PRAZO;2025-11-30;Debêntures;Debênture simples;N;Para negociação;;;;;18.000000;0.00;;;PJ;16.444.103/0001-80;BINGEN SECURITIZADORA S.A;2050-12-01;S;IGM;Índice Geral de Preços-Mercado (IGP-M);100.000000;4.738085;;S;N;
CLASSES - FIF;15.350.909/0001-47;VITÓRIA RÉGIA FUNDO DE INVESTIMENTO FINANCEIRO RENDA FIXA LONGO PRAZO;2025-11-30;Debêntures;Debênture simples;N;Para negociação;;;;;1.000000;0.00;;;PJ;07.112.325/0001-05;BI CIA SECURITIZADORA DE CREDITOS I;2050-02-04;S;IAP;Índice de Preços ao Consumidor Amplo (IPCA/IBGE);100.000000;2.544794;;S;N;
CLASSES - FIF;15.350.909/0001-47;VITÓRIA RÉGIA FUNDO DE INVESTIMENTO FINANCEIRO RENDA FIXA LONGO PRAZO;2025-11-30;Títulos de Crédito Privado;CCB;N;Para negociação;;;;;2.000000;0.00;;;PJ;16.915.082/0001-34;BRAZCARNES PARTICIPACOES SA;2050-06-29;S;IAP;Índice de Preços ao Consumidor Amplo (IPCA/IBGE);100.000000;9.498487;;S;N;
CLASSES - FIF;16.728.475/0001-39;DAYTONA FI FINANCEIRO - CI MULT CRED PRIV - RESP LIMITADA;2025-11-30;Títulos de Crédito Privado;CCB;N;Para negociação;;;;;1.000000;259197.15;;;PJ;83.475.913/0001-91;PORTO BELO S/A;2026-03-11;S;DI1;DI de um dia;100.000000;2.742599;;S;N;
CLASSES - FIF;16.728.475/0001-39;DAYTONA FI FINANCEIRO - CI MULT CRED PRIV - RESP LIMITADA;2025-11-30;Títulos de Crédito Privado;CCCB;N;Para negociação;;;;;1.000000;135475.57;;;PJ;15.114.366/0001-69;BANCO BOCOM BBM;2026-12-28;S;DI1;DI de um dia;100.000000;4.730982;;S;N;
CLASSES - FIF;16.744.655/0001-04;MOBILE FIF - CLASSE DE INVESTIMENTO MULTIMERCADO CRÉDITO PRIVADO - RESP LIMITADA;2025-11-30;Títulos ligados ao agronegócio;CRA;N;Para negociação;;;;;800.000000;535352.51;;;PJ;08.769.451/0001-08;VIRGO COMPANHIA;2028-09-19;S;OUT;OUTROS;100.000000;3.106044;;S;N;
CLASSES - FIF;16.858.911/0001-94;URBE INVEST FUNDO DE INVESTIMENTO MULTIMERCADO CRÉDITO PRIVADO RESPONSABILIDADE LIMITADA;2025-11-30;Títulos de Crédito Privado;Nota Promissória/ Commercial Paper/ Export Note;N;Para negociação;8500.000000;8500.00;0.000000;0.00;0.000000;0.00;;;PJ;38.830.605/0001-82;MONTE TAURUS EMPREENDIMENTOS E PARTICIPACOES LTDA;2029-01-20;S;DI1;DI de um dia;100.000000;2.000000;;S;S;
CLASSES - FIF;17.012.112/0001-65;G5 AETERNUS FIF - CLASSE DE INVESTIMENTO MULTIMERCADO CRÉDITO PRIVADO - RESPONSABILIDADE LIMITADA;2025-11-30;Debêntures;Debênture simples;N;Para negociação;;;;;2796.000000;976939.48;;;PJ;02.773.542/0001-22;Opea Securitiza;2025-12-03;S;DI1;DI de um dia;100.000000;5.849984;;S;N;
CLASSES - FIF;17.012.112/0001-65;G5 AETERNUS FIF - CLASSE DE INVESTIMENTO MULTIMERCADO CRÉDITO PRIVADO - RESPONSABILIDADE LIMITADA;2025-11-30;Títulos ligados ao agronegócio;CRA;N;Para negociação;;;;;319.000000;40206.89;;;PJ;10.753.164/0001-43;ECO SECURITIZAD;2025-12-15;S;DI1;DI de um dia;100.000000;9.005925;;S;N;
CLASSES - FIF;17.041.023/0001-47;HARPIA CRED PRIV FI FINANCEIRO - CI RF CRED PRIV - RESP LIMITADA;2025-11-30;Títulos de Crédito Privado;Nota Promissória/ Commercial Paper/ Export Note;N;Para negociação;;;;;1782.000000;1907554.90;;;PJ;33.000.167/0001-01;PETROLEO BRASIL;2032-08-25;S;DI1;DI de um dia;100.000000;1.410398;;S;N;
CLASSES - FIF;17.072.641/0001-54;PORTO SEGURO INFLAÇÃO MASTER PREVIDENCIÁRIO FIF RENDA FIXA RESPONSABILIDADE LIMITADA;2025-11-30;Debêntures;Debênture simples;N;Para negociação;;;;;450.000000;454033.72;;;PJ;08.402.943/0001-52;GUARARAPES CONFECCOES S/A;2028-10-15;S;DI1;DI de um dia;100.000000;0.950000;;S;N;
CLASSES - FIF;17.072.641/0001-54;PORTO SEGURO INFLAÇÃO MASTER PREVIDENCIÁRIO FIF RENDA FIXA RESPONSABILIDADE LIMITADA;2025-11-30;Títulos de Crédito Privado;Nota Promissória/ Commercial Paper/ Export Note;N;Para negociação;;;;;236.000000;253497.83;;;PJ;50.746.577/0001-15;COSAN SA INDUSTRIA E COMERCIO;2028-12-27;S;DI1;DI de um dia;100.000000;1.750000;;S;N;
CLASSES - FIF;17.138.466/0001-50;SANTANDER ANS II RENDA FIXA CRÉDITO PRIVADO - FIF RESP LIMITADA;2025-11-30;Títulos de Crédito Privado;Nota Promissória/ Commercial Paper/ Export Note;N;Para negociação;;;;;2237.000000;2410603.18;;;PJ;15.139.629/0001-94;COELBA;2027-06-20;S;DI1;DI de um dia;100.000000;1.413421;;S;N;
CLASSES - FIF;17.138.500/0001-97;SANTANDER AMAZONAS MULTIMERCADO CRÉDITO PRIVADO - FIF;2025-11-30;Títulos de Crédito Privado;Nota Promissória/ Commercial Paper/ Export Note;N;Mantido até o vencimento;0.000000;0.00;0.000000;0.00;30000.000000;31965855.73;;;PJ;05.206.937/0001-31;DW ADM;2029-07-12;S;DI1;DI de um dia;100.000000;1.781245;;S;N;
CLASSES - FIF;17.247.748/0001-96;JADE EXCLUSIVO FUNDO DE INVESTIMENTO FINANCEIRO;2025-11-30;Debêntures;Debênture simples;N;Para negociação;;;;;400.000000;397918.07;;;PJ;09.288.252/0001-32;ANIMA HOLDING SA;2029-10-15;S;DI1;DI de um dia;100.000000;1.500000;;S;N;
CLASSES - FIF;17.247.748/0001-96;JADE EXCLUSIVO FUNDO DE INVESTIMENTO FINANCEIRO;2025-11-30;Debêntures;Debênture simples;N;Para negociação;;;;;10858.000000;49229.24;;;PJ;60.444.437/0001-46;LIGHT SERVICOS ELETRICIDADE SA;2027-08-31;S;PRE;Taxa de juro prefixada;100.000000;0.000000;;S;N;
CLASSES - FIF;17.247.748/0001-96;JADE EXCLUSIVO FUNDO DE INVESTIMENTO FINANCEIRO;2025-11-30;Debêntures;Debênture simples;N;Para negociação;;;;;573.000000;124908.53;;;PJ;01.599.101/0001-93;SEQUOIA LOGÍSTICA E TRANSPORTES S.A.;2027-12-31;S;DI1;DI de um dia;100.000000;0.000000;;S;N;
CLASSES - FIF;17.247.748/0001-96;JADE EXCLUSIVO FUNDO DE INVESTIMENTO FINANCEIRO;2025-11-30;Títulos ligados ao agronegócio;CRA;N;Para negociação;;;;;354.000000;181193.71;;;PJ;02.773.542/0001-22;OPEA SECURITIZADORA S.A.;2026-12-17;S;DI1;DI de um dia;100.000000;5.350000;;S;N;
CLASSES - FIF;17.249.191/0001-22;DALIA FIF - CLASSE DE INVESTIMENTO MULTIMERCADO CRÉDITO PRIVADO - RESP LIMITADA;2025-11-30;Títulos ligados ao agronegócio;CRA;N;Para negociação;;;;;160.000000;162857.10;;;PJ;25.005.683/0001-09;VERTE SECURIZAD;2028-03-15;S;OUT;OUTROS;100.000000;5.112941;;S;N;
CLASSES - FIF;17.249.191/0001-22;DALIA FIF - CLASSE DE INVESTIMENTO MULTIMERCADO CRÉDITO PRIVADO - RESP LIMITADA;2025-11-30;Títulos ligados ao agronegócio;CRA;N;Para negociação;;;;;160.000000;107070.50;;;PJ;08.769.451/0001-08;VIRGO COMPANHIA;2028-09-19;S;OUT;OUTROS;100.000000;3.106044;;S;N;
CLASSES - FIF;17.339.084/0001-95;WESTERN ASSET TROPICAL FI FINANCEIRO - CI RF - RESP LIMITADA;2025-11-30;Debêntures;Debênture simples;N;Para negociação;;;;;222.000000;223989.97;;;PJ;08.402.943/0001-52;GUARARAPES CONF;2028-10-15;S;DI1;DI de um dia;100.000000;1.038232;;S;N;
CLASSES - FIF;17.420.899/0001-02;PRAIA DO LESTE FIF - CLASSE DE INVESTIMENTO MULTIMERCADO CRÉDITO PRIVADO - RESP LIMITADA;2025-11-30;Títulos de Crédito Privado;Nota Promissória/ Commercial Paper/ Export Note;N;Para negociação;;;;;250.000000;256784.32;;;PJ;27.317.702/0001-50;SPIC BRASIL ENE;2026-03-30;S;DI1;DI de um dia;100.000000;2.227774;;S;N;
CLASSES - FIF;17.420.899/0001-02;PRAIA DO LESTE FIF - CLASSE DE INVESTIMENTO MULTIMERCADO CRÉDITO PRIVADO - RESP LIMITADA;2025-11-30;Títulos ligados ao agronegócio;CRA;N;Para negociação;;;;;250.000000;170118.22;;;PJ;02.773.542/0001-22;Opea Securitiza;2026-10-19;S;DI1;DI de um dia;100.000000;2.404647;;S;N;
CLASSES - FIF;17.420.899/0001-02;PRAIA DO LESTE FIF - CLASSE DE INVESTIMENTO MULTIMERCADO CRÉDITO PRIVADO - RESP LIMITADA;2025-11-30;Títulos ligados ao agronegócio;CRA;N;Para negociação;;;;;250.000000;151817.39;;;PJ;02.773.542/0001-22;Opea Securitiza;2027-12-20;S;OUT;OUTROS;100.000000;4.009354;;S;N;
CLASSES - FIF;17.420.899/0001-02;PRAIA DO LESTE FIF - CLASSE DE INVESTIMENTO MULTIMERCADO CRÉDITO PRIVADO - RESP LIMITADA;2025-11-30;Títulos ligados ao agronegócio;CRA;N;Para negociação;;;;;500.000000;508928.43;;;PJ;25.005.683/0001-09;VERTE SECURIZAD;2028-03-15;S;OUT;OUTROS;100.000000;5.114330;;S;N;
CLASSES - FIF;17.420.899/0001-02;PRAIA DO LESTE FIF - CLASSE DE INVESTIMENTO MULTIMERCADO CRÉDITO PRIVADO - RESP LIMITADA;2025-11-30;Títulos ligados ao agronegócio;CRA;N;Para negociação;;;;;250.000000;167297.66;;;PJ;08.769.451/0001-08;VIRGO COMPANHIA;2028-09-19;S;OUT;OUTROS;100.000000;3.106044;;S;N;
CLASSES - FIF;17.420.899/0001-02;PRAIA DO LESTE FIF - CLASSE DE INVESTIMENTO MULTIMERCADO CRÉDITO PRIVADO - RESP LIMITADA;2025-11-30;Títulos ligados ao agronegócio;CRA;N;Para negociação;;;;;200.000000;123180.63;;;PJ;02.773.542/0001-22;Opea Securitiza;2028-10-19;S;OUT;OUTROS;100.000000;4.258096;;S;N;
CLASSES - FIF;17.420.899/0001-02;PRAIA DO LESTE FIF - CLASSE DE INVESTIMENTO MULTIMERCADO CRÉDITO PRIVADO - RESP LIMITADA;2025-11-30;Títulos ligados ao agronegócio;CRA;N;Para negociação;;;;;250.000000;136478.35;;;PJ;08.769.451/0001-08;VIRGO COMPANHIA;2028-10-25;S;DI1;DI de um dia;100.000000;3.952794;;S;N;
CLASSES - FIF;17.420.899/0001-02;PRAIA DO LESTE FIF - CLASSE DE INVESTIMENTO MULTIMERCADO CRÉDITO PRIVADO - RESP LIMITADA;2025-11-30;Títulos ligados ao agronegócio;CRA;N;Para negociação;;;;;250.000000;225511.55;;;PJ;08.769.451/0001-08;VIRGO COMPANHIA;2029-07-16;S;OUT;OUTROS;100.000000;2.256433;;S;N;
CLASSES - FIF;17.420.899/0001-02;PRAIA DO LESTE FIF - CLASSE DE INVESTIMENTO MULTIMERCADO CRÉDITO PRIVADO - RESP LIMITADA;2025-11-30;Títulos ligados ao agronegócio;CRA;N;Para negociação;;;;;250.000000;227981.87;;;PJ;12.130.744/0001-00;TRUE SECURITIZA;2029-10-31;S;OUT;OUTROS;100.000000;3.510113;;S;N;
CLASSES - FIF;17.420.899/0001-02;PRAIA DO LESTE FIF - CLASSE DE INVESTIMENTO MULTIMERCADO CRÉDITO PRIVADO - RESP LIMITADA;2025-11-30;Títulos ligados ao agronegócio;CRA;N;Para negociação;;;;;250.000000;257061.24;;;PJ;10.753.164/0001-43;ECO SECURITIZAD;2029-12-17;S;OUT;OUTROS;100.000000;3.999999;;S;N;
CLASSES - FIF;17.453.712/0001-69;BASEL FI FINANCEIRO RENDA FIXA LONGO PRAZO CRÉDITO PRIVADO - RESPONSABILIDADE LIMITADA;2025-11-30;Debêntures;Debênture simples;N;Para negociação;;;;;300.000000;302861.16;;;PJ;55.085.811/0001-24;ÉXES SECURITIZADORA S.A.;2031-10-20;S;DI1;DI de um dia;100.000000;1.121225;;S;N;
CLASSES - FIF;17.453.712/0001-69;BASEL FI FINANCEIRO RENDA FIXA LONGO PRAZO CRÉDITO PRIVADO - RESPONSABILIDADE LIMITADA;2025-11-30;Títulos de Crédito Privado;Nota Promissória/ Commercial Paper/ Export Note;N;Para negociação;;;;;83.000000;89685.55;;;PJ;15.139.629/0001-94;CIA ELETRICIDADE ESTADO BAHIA COELB;2028-12-20;S;DI1;DI de um dia;100.000000;1.333980;;S;N;
CLASSES - FIF;17.453.712/0001-69;BASEL FI FINANCEIRO RENDA FIXA LONGO PRAZO CRÉDITO PRIVADO - RESPONSABILIDADE LIMITADA;2025-11-30;Títulos de Crédito Privado;Nota Promissória/ Commercial Paper/ Export Note;N;Para negociação;;;;;79.000000;85363.35;;;PJ;15.139.629/0001-94;CIA ELETRICIDADE ESTADO BAHIA COELB;2028-12-20;S;DI1;DI de um dia;100.000000;1.339308;;S;N;
CLASSES - FIF;17.453.712/0001-69;BASEL FI FINANCEIRO RENDA FIXA LONGO PRAZO CRÉDITO PRIVADO - RESPONSABILIDADE LIMITADA;2025-11-30;Títulos de Crédito Privado;Nota Promissória/ Commercial Paper/ Export Note;N;Para negociação;;;;;104.000000;112373.18;;;PJ;10.835.932/0001-08;CELPE - CIA ENERGÉTICA DE PERNAMBUC;2028-12-20;S;DI1;DI de um dia;100.000000;1.380184;;S;N;
CLASSES - FIF;17.453.712/0001-69;BASEL FI FINANCEIRO RENDA FIXA LONGO PRAZO CRÉDITO PRIVADO - RESPONSABILIDADE LIMITADA;2025-11-30;Títulos de Crédito Privado;Nota Promissória/ Commercial Paper/ Export Note;N;Para negociação;;;;;12.000000;12747.00;;;PJ;50.746.577/0001-15;COSAN SA INDUSTRIA E COMERCIO;2031-01-30;S;DI1;DI de um dia;100.000000;1.804343;;S;N;
CLASSES - FIF;17.898.668/0001-09;AQUILA 6 CRÉDITO PRIVADO FUNDO DE INVESTIMENTO FINANCEIRO RENDA FIXA - RESPONSABILIDADE LIMITADA;2025-11-30;Títulos de Crédito Privado;Nota Promissória/ Commercial Paper/ Export Note;N;Para negociação;;;;;2217.000000;2391736.02;;;PJ;33.000.167/0001-01;PETROLEO BRASILEIRO;2032-08-25;S;DI1;DI de um dia;100.000000;1.564682;;S;N;
CLASSES - FIF;17.898.668/0001-09;AQUILA 6 CRÉDITO PRIVADO FUNDO DE INVESTIMENTO FINANCEIRO RENDA FIXA - RESPONSABILIDADE LIMITADA;2025-11-30;Títulos de Crédito Privado;Nota Promissória/ Commercial Paper/ Export Note;N;Para negociação;;;;;1450.000000;1564283.82;;;PJ;33.000.167/0001-01;PETROLEO BRASILEIRO;2032-08-25;S;DI1;DI de um dia;100.000000;1.702709;;S;N;
CLASSES - FIF;17.898.668/0001-09;AQUILA 6 CRÉDITO PRIVADO FUNDO DE INVESTIMENTO FINANCEIRO RENDA FIXA - RESPONSABILIDADE LIMITADA;2025-11-30;Títulos de Crédito Privado;Nota Promissória/ Commercial Paper/ Export Note;N;Para negociação;;;;;2209.000000;2383105.50;;;PJ;33.000.167/0001-01;PETROLEO BRASILEIRO;2032-08-25;S;DI1;DI de um dia;100.000000;1.568002;;S;N;
CLASSES - FIF;18.206.970/0001-03;REDMOND FUNDO DE INVESTIMENTO DE AÇÕES;2025-11-30;Debêntures;Debênture simples;N;Para negociação;;;;;569.000000;603680.90;;;PJ;50.746.577/0001-15;COSAN S/A IND C;2031-08-15;S;DI1;DI de um dia;100.000000;1.702551;;S;N;
CLASSES - FIF;18.428.655/0001-20;BB TOP RENDA FIXA CREDITO PRIVADO ALTO RENDIMENTO LONGO PRAZO FIF RESPONSABILIDADE LIMITADA;2025-11-30;Debêntures;Debênture simples;N;Para negociação;;;;;15000.000000;16505715.18;;;PJ;50.365.355/0001-52;BIOMETANO VERDE PAULINIA SA;2025-12-31;S;DI1;DI de um dia;100.000000;1.200000;;S;N;
CLASSES - FIF;18.428.655/0001-20;BB TOP RENDA FIXA CREDITO PRIVADO ALTO RENDIMENTO LONGO PRAZO FIF RESPONSABILIDADE LIMITADA;2025-11-30;Títulos ligados ao agronegócio;CRA;N;Para negociação;;;;;16000.000000;17069958.63;;;PJ;10.753.164/0001-43;ECO SECURITIZADORA DIREITOS CREDITORIOS AGRONEGOCIO SA;2029-06-15;S;DI1;DI de um dia;95.000000;0.000000;;S;N;
CLASSES - FIF;18.428.655/0001-20;BB TOP RENDA FIXA CREDITO PRIVADO ALTO RENDIMENTO LONGO PRAZO FIF RESPONSABILIDADE LIMITADA;2025-11-30;Títulos ligados ao agronegócio;CRA;N;Para negociação;;;;;20000.000000;20249158.66;;;PJ;10.753.164/0001-43;ECO SECURITIZADORA DIREITOS CREDITORIOS AGRONEGOCIO SA;2030-08-15;S;DI1;DI de um dia;106.000000;0.000000;;S;N;
CLASSES - FIF;18.599.004/0001-01;SANTANDER PREV CRESCIMENTO RENDA FIXA CRÉDITO PRIVADO - FIF RESP LIMITADA;2025-11-30;Títulos de Crédito Privado;Nota Promissória/ Commercial Paper/ Export Note;N;Para negociação;;;;;11081.000000;11763157.58;;;PJ;21.314.559/0001-66;MOVIDA PARTI;2027-02-04;S;DI1;DI de um dia;100.000000;3.433995;;S;N;
CLASSES - FIF;18.599.004/0001-01;SANTANDER PREV CRESCIMENTO RENDA FIXA CRÉDITO PRIVADO - FIF RESP LIMITADA;2025-11-30;Títulos de Crédito Privado;Nota Promissória/ Commercial Paper/ Export Note;N;Para negociação;;;;;20130.000000;21692195.82;;;PJ;15.139.629/0001-94;COELBA;2027-06-20;S;DI1;DI de um dia;100.000000;1.413421;;S;N;
CLASSES - FIF;18.599.004/0001-01;SANTANDER PREV CRESCIMENTO RENDA FIXA CRÉDITO PRIVADO - FIF RESP LIMITADA;2025-11-30;Títulos de Crédito Privado;Nota Promissória/ Commercial Paper/ Export Note;N;Para negociação;;;;;9355.000000;10083192.77;;;PJ;50.746.577/0001-15;COSAN SA INDUST;2028-12-27;S;DI1;DI de um dia;100.000000;1.630871;;S;N;
CLASSES - FIF;18.599.004/0001-01;SANTANDER PREV CRESCIMENTO RENDA FIXA CRÉDITO PRIVADO - FIF RESP LIMITADA;2025-11-30;Títulos de Crédito Privado;Nota Promissória/ Commercial Paper/ Export Note;N;Para negociação;;;;;29687.000000;32168942.68;;;PJ;15.139.629/0001-94;COELBA;2029-06-20;S;DI1;DI de um dia;100.000000;1.547224;;S;N;
CLASSES - FIF;18.692.818/0001-88;RIO NEGRO FIF - CLASSE DE INVESTIMENTO MULTIMERCADO CRÉDITO PRIVADO - RESP LIMITADA;2025-11-30;Debêntures;Debênture simples;N;Para negociação;;;;;220.000000;76869.34;;;PJ;02.773.542/0001-22;Opea Securitiza;2025-12-03;S;DI1;DI de um dia;100.000000;5.849985;;S;N;
CLASSES - FIF;18.692.818/0001-88;RIO NEGRO FIF - CLASSE DE INVESTIMENTO MULTIMERCADO CRÉDITO PRIVADO - RESP LIMITADA;2025-11-30;Títulos ligados ao agronegócio;CRA;N;Para negociação;;;;;560.000000;70582.63;;;PJ;10.753.164/0001-43;ECO SECURITIZAD;2025-12-15;S;DI1;DI de um dia;100.000000;9.005472;;S;N;
CLASSES - FIF;18.719.154/0001-01;PORTO SEGURO FUNDO DE INVESTIMENTO FINANCEIRO RENDA FIXA REFERENCIADO DI CRED PRIV RESP LIMITADA;2025-11-30;Debêntures;Debênture simples;N;Para negociação;;;;;31141.000000;31420142.63;;;PJ;08.402.943/0001-52;GUARARAPES CONFECCOES S/A;2028-10-15;S;DI1;DI de um dia;100.000000;0.950000;;S;N;
CLASSES - FIF;18.719.154/0001-01;PORTO SEGURO FUNDO DE INVESTIMENTO FINANCEIRO RENDA FIXA REFERENCIADO DI CRED PRIV RESP LIMITADA;2025-11-30;Títulos de Crédito Privado;Nota Promissória/ Commercial Paper/ Export Note;N;Para negociação;;;;;23112.000000;24588819.24;;;PJ;33.000.167/0001-01;PETROLEO BRASILEIRO S.A. PETROBRAS;2030-02-25;S;DI1;DI de um dia;100.000000;1.650000;;S;N;
CLASSES - FIF;18.719.154/0001-01;PORTO SEGURO FUNDO DE INVESTIMENTO FINANCEIRO RENDA FIXA REFERENCIADO DI CRED PRIV RESP LIMITADA;2025-11-30;Títulos de Crédito Privado;Nota Promissória/ Commercial Paper/ Export Note;N;Para negociação;;;;;23362.000000;25167214.95;;;PJ;33.000.167/0001-01;PETROLEO BRASILEIRO S.A. PETROBRAS;2032-08-25;S;DI1;DI de um dia;100.000000;1.900000;;S;N;
CLASSES - FIF;18.719.154/0001-01;PORTO SEGURO FUNDO DE INVESTIMENTO FINANCEIRO RENDA FIXA REFERENCIADO DI CRED PRIV RESP LIMITADA;2025-11-30;Títulos de Crédito Privado;Nota Promissória/ Commercial Paper/ Export Note;N;Para negociação;;;;;52916.000000;56839369.43;;;PJ;50.746.577/0001-15;COSAN SA INDUSTRIA E COMERCIO;2028-12-27;S;DI1;DI de um dia;100.000000;1.750000;;S;N;
CLASSES - FIF;18.814.287/0001-59;FAIRFIELD FUNDO DE INVESTIMENTO FINANCEIRO RENDA FIXA CRÉDITO PRIVADO RESPONSABILIDADE LIMITADA;2025-11-30;Títulos ligados ao agronegócio;CRA;N;Para negociação;;;;;14584.000000;599441.46;;;PJ;25.005.683/0001-09;VERT COMPANHIA SECURITIZADORA;2026-11-26;S;DI1;DI de um dia;100.000000;2.300000;;S;N;
CLASSES - FIF;19.388.311/0001-06;AMANTAKA FUNDO DE INVESTIMENTO FINANCEIRO MULTIMERCADO CRÉDITO PRIVADO RESPONSABILIDADE LIMITADA;2025-11-30;Títulos ligados ao agronegócio;CRA;N;Para negociação;;;;;2000.000000;2122588.78;;;PJ;02.773.542/0001-22;OPEA SECURITIZADORA S.A.;2028-10-17;S;OUT;OUTROS;100.000000;11.697100;;S;N;
CLASSES - FIF;19.550.100/0001-10;SANTANDER FLEXÍVEL RF CRÉD PRIV - FIF RESP LIMITADA;2025-11-30;Títulos de Crédito Privado;Nota Promissória/ Commercial Paper/ Export Note;N;Para negociação;;;;;130.000000;140119.19;;;PJ;50.746.577/0001-15;COSAN SA INDUST;2028-12-27;S;DI1;DI de um dia;100.000000;1.630871;;S;N;
CLASSES - FIF;19.657.463/0001-59;XP DEB INCENT IMAB CRÉD PRIV FUNDO INCENTIVADO DE INV FINANCEIRO EM INFRA RENDA FIXA - RESP LTDA;2025-11-30;Debêntures;Debênture simples;N;Para negociação;;;;;3060.000000;3024509.27;;;PJ;06.981.180/0001-16;CEMIG DISTRIBUIÇÃO S/A;2037-10-15;S;IAP;Índice de Preços ao Consumidor Amplo (IPCA/IBGE);100.000000;7.169628;;S;N;
CLASSES - FIF;19.657.463/0001-59;XP DEB INCENT IMAB CRÉD PRIV FUNDO INCENTIVADO DE INV FINANCEIRO EM INFRA RENDA FIXA - RESP LTDA;2025-11-30;Debêntures;Debênture simples;N;Para negociação;;;;;1000.000000;982398.67;;;PJ;42.276.907/0001-28;VLI MULTIMODAL S.A;2035-10-15;S;IAP;Índice de Preços ao Consumidor Amplo (IPCA/IBGE);100.000000;7.169553;;S;N;
CLASSES - FIF;19.674.735/0001-29;AMANSARA FUNDO DE INVESTIMENTO FINANCEIRO MULT CRÉD PRIV RESP LIMITADA;2025-11-30;Títulos ligados ao agronegócio;CRA;N;Para negociação;;;;;2000.000000;2122588.78;;;PJ;02.773.542/0001-22;OPEA SECURITIZADORA S.A.;2028-10-17;S;OUT;OUTROS;100.000000;11.697100;;S;N;
CLASSES - FIF;19.821.512/0001-47;DYNAMIC RENDA FIXA - FUNDO DE INVESTIMENTO FINANCEIRO RESPONSABILIDADE LIMITADA;2025-11-30;Debêntures;Debênture simples;N;Para negociação;;;;;351.000000;352832.07;;;PJ;43.776.517/0001-80;CIA SANEAMENTO BASICO EST SAO PAULO;2032-11-14;S;DI1;DI de um dia;100.000000;0.690000;;S;N;
CLASSES - FIF;19.831.152/0001-64;BPC POLIURETANO FIF - CLASSE DE INVESTIMENTO MULTIMERCADO - RESP LIMITADA;2025-11-30;Debêntures;Debênture simples;N;Para negociação;;;;;352.000000;355155.27;;;PJ;08.402.943/0001-52;GUARARAPES CONF;2028-10-15;S;DI1;DI de um dia;100.000000;1.038232;;S;N;
CLASSES - FIF;20.146.318/0001-92;CAPITANIA PREMIUM MASTER FIF RENDA FIXA CRÉDITO PRIVADO LONGO PRAZO - RESPONSABILIDADE LIMITADA;2025-11-30;Debêntures;Debênture simples;N;Para negociação;;;;;4434.000000;4158331.11;;;PJ;26.609.050/0001-64;TRAVESSIA SECURITIZADORA SA;2036-11-19;S;IAP;Índice de Preços ao Consumidor Amplo (IPCA/IBGE);100.000000;8.619738;;S;N;
CLASSES - FIF;20.146.318/0001-92;CAPITANIA PREMIUM MASTER FIF RENDA FIXA CRÉDITO PRIVADO LONGO PRAZO - RESPONSABILIDADE LIMITADA;2025-11-30;Debêntures;Debênture simples;N;Para negociação;;;;;25000.000000;24957034.45;;;PJ;36.128.741/0001-08;CONCESSIONARIA DA RODOVIA MS 306 S.;2043-05-15;S;IAP;Índice de Preços ao Consumidor Amplo (IPCA/IBGE);100.000000;7.874225;;S;N;
CLASSES - FIF;20.146.318/0001-92;CAPITANIA PREMIUM MASTER FIF RENDA FIXA CRÉDITO PRIVADO LONGO PRAZO - RESPONSABILIDADE LIMITADA;2025-11-30;Títulos de Crédito Privado;Nota Promissória/ Commercial Paper/ Export Note;N;Para negociação;;;;;3274.000000;3532044.98;;;PJ;33.000.167/0001-01;PETROLEO BRASILEIRO;2032-08-25;S;DI1;DI de um dia;100.000000;1.535931;;S;N;
CLASSES - FIF;20.146.318/0001-92;CAPITANIA PREMIUM MASTER FIF RENDA FIXA CRÉDITO PRIVADO LONGO PRAZO - RESPONSABILIDADE LIMITADA;2025-11-30;Títulos de Crédito Privado;Nota Promissória/ Commercial Paper/ Export Note;N;Para negociação;;;;;2.000000;2157.63;;;PJ;33.000.167/0001-01;PETROLEO BRASILEIRO;2032-08-25;S;DI1;DI de um dia;100.000000;1.592761;;S;N;
CLASSES - FIF;20.146.318/0001-92;CAPITANIA PREMIUM MASTER FIF RENDA FIXA CRÉDITO PRIVADO LONGO PRAZO - RESPONSABILIDADE LIMITADA;2025-11-30;Títulos de Crédito Privado;Nota Promissória/ Commercial Paper/ Export Note;N;Para negociação;;;;;1767.000000;1906268.63;;;PJ;33.000.167/0001-01;PETROLEO BRASILEIRO;2032-08-25;S;DI1;DI de um dia;100.000000;1.916002;;S;N;
CLASSES - FIF;20.146.318/0001-92;CAPITANIA PREMIUM MASTER FIF RENDA FIXA CRÉDITO PRIVADO LONGO PRAZO - RESPONSABILIDADE LIMITADA;2025-11-30;Títulos de Crédito Privado;Nota Promissória/ Commercial Paper/ Export Note;N;Para negociação;;;;;1907.000000;2057302.93;;;PJ;33.000.167/0001-01;PETROLEO BRASILEIRO;2032-08-25;S;DI1;DI de um dia;100.000000;1.554968;;S;N;
CLASSES - FIF;20.155.921/0001-30;METLIFE FUNDO DE INVESTIMENTO FINANCEIRO RENDA FIXA II RESPONSABILIDADE LIMITADA;2025-11-30;Debêntures;Debênture simples;N;Para negociação;;;;;2582.000000;2605144.61;;;PJ;08.402.943/0001-52;GUARARAPES CONFECCOES S/A;2028-10-15;S;DI1;DI de um dia;100.000000;0.950000;;S;N;
CLASSES - FIF;20.230.719/0001-26;BANESTES LIQUIDEZ FIF RENDA FIXA REFERENCIADO DI RESPONSABILIDADE LIMITADA;2025-11-30;Debêntures;Debênture simples;N;Para negociação;0.000000;0.00;0.000000;0.00;17931.000000;18590106.72;;;PJ;08.827.501/0001-58;AEGEA SANEAMENTO E PARTICIPACOES S/A;2032-08-22;S;DI1;DI de um dia;100.000000;1.800000;;S;N;
CLASSES - FIF;20.230.719/0001-26;BANESTES LIQUIDEZ FIF RENDA FIXA REFERENCIADO DI RESPONSABILIDADE LIMITADA;2025-11-30;Debêntures;Debênture simples;N;Para negociação;0.000000;0.00;0.000000;0.00;13190.000000;6645107.48;;;PJ;06.981.180/0001-16;CEMIG DISTRIBUICAO S/A;2026-05-15;S;DI1;DI de um dia;100.000000;2.050000;;S;N;
CLASSES - FIF;20.230.719/0001-26;BANESTES LIQUIDEZ FIF RENDA FIXA REFERENCIADO DI RESPONSABILIDADE LIMITADA;2025-11-30;Debêntures;Debênture simples;N;Para negociação;0.000000;0.00;0.000000;0.00;7000.000000;7184307.06;;;PJ;06.981.180/0001-16;CEMIG DISTRIBUICAO S/A;2031-09-15;S;DI1;DI de um dia;100.000000;0.550000;;S;N;
CLASSES - FIF;20.230.719/0001-26;BANESTES LIQUIDEZ FIF RENDA FIXA REFERENCIADO DI RESPONSABILIDADE LIMITADA;2025-11-30;Debêntures;Debênture simples;N;Para negociação;0.000000;0.00;0.000000;0.00;24593.000000;25696021.50;;;PJ;00.001.180/0001-26;CENTRAIS ELETRICAS BRAS. S/A - ELETROBRAS;2028-09-15;S;DI1;DI de um dia;100.000000;1.550000;;S;N;
CLASSES - FIF;20.230.719/0001-26;BANESTES LIQUIDEZ FIF RENDA FIXA REFERENCIADO DI RESPONSABILIDADE LIMITADA;2025-11-30;Debêntures;Debênture simples;N;Para negociação;0.000000;0.00;0.000000;0.00;358.000000;1821851.29;;;PJ;15.139.629/0001-94;CIA. DE ELETRIC. DO EST. DA BAHIA-COELBACIA. DE ELETRIC. DO;2026-04-24;S;DI1;DI de um dia;110.250000;;;S;N;
CLASSES - FIF;20.230.719/0001-26;BANESTES LIQUIDEZ FIF RENDA FIXA REFERENCIADO DI RESPONSABILIDADE LIMITADA;2025-11-30;Debêntures;Debênture simples;N;Para negociação;0.000000;0.00;0.000000;0.00;5000.000000;5026193.20;;;PJ;17.281.106/0001-03;COMPANHIA DE SANEAMENTO DE MINAS GERAIS COPASA MG;2035-05-15;S;DI1;DI de um dia;100.000000;0.600000;;S;N;
CLASSES - FIF;20.230.719/0001-26;BANESTES LIQUIDEZ FIF RENDA FIXA REFERENCIADO DI RESPONSABILIDADE LIMITADA;2025-11-30;Debêntures;Debênture simples;N;Para negociação;0.000000;0.00;0.000000;0.00;5000.000000;5134797.95;;;PJ;17.281.106/0001-03;COMPANHIA DE SANEAMENTO DE MINAS GERAIS COPASA MG;2034-07-15;S;DI1;DI de um dia;100.000000;0.900000;;S;N;
CLASSES - FIF;20.230.719/0001-26;BANESTES LIQUIDEZ FIF RENDA FIXA REFERENCIADO DI RESPONSABILIDADE LIMITADA;2025-11-30;Debêntures;Debênture simples;N;Para negociação;0.000000;0.00;0.000000;0.00;19672.000000;20362180.08;;;PJ;17.281.106/0001-03;COMPANHIA DE SANEAMENTO DE MINAS GERAIS COPASA MG;2030-09-15;S;DI1;DI de um dia;100.000000;1.200000;;S;N;
CLASSES - FIF;20.230.719/0001-26;BANESTES LIQUIDEZ FIF RENDA FIXA REFERENCIADO DI RESPONSABILIDADE LIMITADA;2025-11-30;Debêntures;Debênture simples;N;Para negociação;0.000000;0.00;0.000000;0.00;12130.000000;13165139.49;;;PJ;02.451.848/0001-62;CONCESSIONARIA DO SISTEMA ANHANGUERA-BANDEIRANTES S/A;2028-06-14;S;DI1;DI de um dia;100.000000;2.140000;;S;N;
CLASSES - FIF;20.230.719/0001-26;BANESTES LIQUIDEZ FIF RENDA FIXA REFERENCIADO DI RESPONSABILIDADE LIMITADA;2025-11-30;Debêntures;Debênture simples;N;Para negociação;0.000000;0.00;0.000000;0.00;14140.000000;14272563.61;;;PJ;04.368.898/0001-06;COPEL DISTRIBUICAO S/A;2027-05-15;S;DI1;DI de um dia;100.000000;1.360000;;S;N;
CLASSES - FIF;20.230.719/0001-26;BANESTES LIQUIDEZ FIF RENDA FIXA REFERENCIADO DI RESPONSABILIDADE LIMITADA;2025-11-30;Debêntures;Debênture simples;N;Para negociação;0.000000;0.00;0.000000;0.00;8000.000000;8204456.68;;;PJ;04.370.282/0001-70;COPEL GERAÇÃO E TRANSMISSÃO S.A.;2031-10-10;S;DI1;DI de um dia;100.000000;0.690000;;S;N;
CLASSES - FIF;20.230.719/0001-26;BANESTES LIQUIDEZ FIF RENDA FIXA REFERENCIADO DI RESPONSABILIDADE LIMITADA;2025-11-30;Debêntures;Debênture simples;N;Para negociação;0.000000;0.00;0.000000;0.00;20000.000000;21206476.04;;;PJ;28.152.650/0001-71;EDP ESPIRITO SANTO DISTRIBUICAO DE ENERGIA SA;2030-06-11;S;DI1;DI de um dia;100.000000;0.500000;;S;N;
CLASSES - FIF;20.230.719/0001-26;BANESTES LIQUIDEZ FIF RENDA FIXA REFERENCIADO DI RESPONSABILIDADE LIMITADA;2025-11-30;Debêntures;Debênture simples;N;Para negociação;0.000000;0.00;0.000000;0.00;135.000000;140457.27;;;PJ;00.864.214/0001-06;ENERGISA SA;2029-09-04;S;DI1;DI de um dia;100.000000;0.800000;;S;N;
CLASSES - FIF;20.230.719/0001-26;BANESTES LIQUIDEZ FIF RENDA FIXA REFERENCIADO DI RESPONSABILIDADE LIMITADA;2025-11-30;Debêntures;Debênture simples;N;Para negociação;0.000000;0.00;0.000000;0.00;25000.000000;26032626.82;;;PJ;00.864.214/0001-06;ENERGISA SA;2030-02-25;S;DI1;DI de um dia;100.000000;0.800000;;S;N;
CLASSES - FIF;20.230.719/0001-26;BANESTES LIQUIDEZ FIF RENDA FIXA REFERENCIADO DI RESPONSABILIDADE LIMITADA;2025-11-30;Debêntures;Debênture simples;N;Para negociação;0.000000;0.00;0.000000;0.00;10000.000000;10579154.90;;;PJ;04.895.728/0001-80;EQUATORIAL PARA DISTRIBUIDORA DE ENERGIAS.A.;2030-08-05;S;DI1;DI de um dia;100.000000;0.950000;;S;N;
CLASSES - FIF;20.230.719/0001-26;BANESTES LIQUIDEZ FIF RENDA FIXA REFERENCIADO DI RESPONSABILIDADE LIMITADA;2025-11-30;Debêntures;Debênture simples;N;Para negociação;0.000000;0.00;0.000000;0.00;25000.000000;26945660.45;;;PJ;33.611.500/0001-19;GERDAU S/A;2032-06-04;S;DI1;DI de um dia;100.000000;0.650000;;S;N;
CLASSES - FIF;20.230.719/0001-26;BANESTES LIQUIDEZ FIF RENDA FIXA REFERENCIADO DI RESPONSABILIDADE LIMITADA;2025-11-30;Debêntures;Debênture simples;N;Para negociação;0.000000;0.00;0.000000;0.00;4387.000000;4646963.54;;;PJ;16.670.085/0001-55;LOCALIZA RENT A CAR S/A;2029-02-25;S;DI1;DI de um dia;100.000000;2.000000;;S;N;
CLASSES - FIF;20.230.719/0001-26;BANESTES LIQUIDEZ FIF RENDA FIXA REFERENCIADO DI RESPONSABILIDADE LIMITADA;2025-11-30;Debêntures;Debênture simples;N;Para negociação;0.000000;0.00;0.000000;0.00;10000.000000;10964111.19;;;PJ;16.670.085/0001-55;LOCALIZA RENT A CAR S/A;2033-08-11;S;DI1;DI de um dia;100.000000;2.350000;;S;N;
CLASSES - FIF;20.230.719/0001-26;BANESTES LIQUIDEZ FIF RENDA FIXA REFERENCIADO DI RESPONSABILIDADE LIMITADA;2025-11-30;Debêntures;Debênture simples;N;Para negociação;0.000000;0.00;0.000000;0.00;15000.000000;15297807.10;;;PJ;07.816.890/0001-53;MULTIPLAN EMPREENDIMENTOS IMOBILIARIOS S/A;2031-10-15;S;DI1;DI de um dia;100.000000;0.550000;;S;N;
CLASSES - FIF;20.230.719/0001-26;BANESTES LIQUIDEZ FIF RENDA FIXA REFERENCIADO DI RESPONSABILIDADE LIMITADA;2025-11-30;Debêntures;Debênture simples;N;Para negociação;0.000000;0.00;0.000000;0.00;1600.000000;847194.98;;;PJ;33.000.167/0001-01;PETROLEO BRASILEIRO S/A - PETROBRAS;2026-01-15;S;DI1;DI de um dia;106.250000;;;S;N;
CLASSES - FIF;20.230.719/0001-26;BANESTES LIQUIDEZ FIF RENDA FIXA REFERENCIADO DI RESPONSABILIDADE LIMITADA;2025-11-30;Debêntures;Debênture simples;N;Para negociação;0.000000;0.00;0.000000;0.00;4750.000000;5014543.51;;;PJ;06.047.087/0001-39;REDE DOR SAO LUIZ S/A;2033-06-10;S;DI1;DI de um dia;100.000000;0.900000;;S;N;
CLASSES - FIF;20.230.719/0001-26;BANESTES LIQUIDEZ FIF RENDA FIXA REFERENCIADO DI RESPONSABILIDADE LIMITADA;2025-11-30;Debêntures;Debênture simples;N;Para negociação;0.000000;0.00;0.000000;0.00;14600.000000;15908379.99;;;PJ;06.047.087/0001-39;REDE DOR SAO LUIZ S/A;2031-07-25;S;DI1;DI de um dia;100.000000;2.250000;;S;N;
CLASSES - FIF;20.230.719/0001-26;BANESTES LIQUIDEZ FIF RENDA FIXA REFERENCIADO DI RESPONSABILIDADE LIMITADA;2025-11-30;Debêntures;Debênture simples;N;Para negociação;0.000000;0.00;0.000000;0.00;25000.000000;25237995.70;;;PJ;01.616.929/0001-02;SANEAMENTO DE GOIAS S/A;2029-07-15;S;DI1;DI de um dia;100.000000;0.800000;;S;N;
CLASSES - FIF;20.230.719/0001-26;BANESTES LIQUIDEZ FIF RENDA FIXA REFERENCIADO DI RESPONSABILIDADE LIMITADA;2025-11-30;Debêntures;Debênture simples;N;Para negociação;0.000000;0.00;0.000000;0.00;6078.000000;3126110.60;;;PJ;02.762.121/0001-04;SANTOS BRASIL PARTICIPACOES S/A;2026-03-25;S;DI1;DI de um dia;100.000000;1.000000;;S;N;
CLASSES - FIF;20.230.719/0001-26;BANESTES LIQUIDEZ FIF RENDA FIXA REFERENCIADO DI RESPONSABILIDADE LIMITADA;2025-11-30;Debêntures;Debênture simples;N;Para negociação;0.000000;0.00;0.000000;0.00;11928.000000;12596387.34;;;PJ;33.958.695/0001-78;UNIPAR CARBOCLORO S/A;2032-07-18;S;DI1;DI de um dia;100.000000;1.000000;;S;N;
CLASSES - FIF;20.230.719/0001-26;BANESTES LIQUIDEZ FIF RENDA FIXA REFERENCIADO DI RESPONSABILIDADE LIMITADA;2025-11-30;Debêntures;Debênture simples;N;Para negociação;0.000000;0.00;0.000000;0.00;15000.000000;15614788.84;;;PJ;33.958.695/0001-78;UNIPAR CARBOCLORO S/A;2031-09-05;S;DI1;DI de um dia;100.000000;1.200000;;S;N;
CLASSES - FIF;20.230.719/0001-26;BANESTES LIQUIDEZ FIF RENDA FIXA REFERENCIADO DI RESPONSABILIDADE LIMITADA;2025-11-30;Debêntures;Debênture simples;N;Para negociação;0.000000;0.00;0.000000;0.00;5143.000000;5175290.71;;;PJ;60.894.730/0001-05;USINAS SIDERURGICAS DE MG S/A - USIMINAS;2029-05-23;S;DI1;DI de um dia;100.000000;1.700000;;S;N;
CLASSES - FIF;20.230.719/0001-26;BANESTES LIQUIDEZ FIF RENDA FIXA REFERENCIADO DI RESPONSABILIDADE LIMITADA;2025-11-30;Debêntures;Debênture simples;N;Para negociação;0.000000;0.00;0.000000;0.00;10000.000000;10238074.13;;;PJ;60.894.730/0001-05;USINAS SIDERURGICAS DE MG S/A - USIMINAS;2029-09-19;S;DI1;DI de um dia;100.000000;1.350000;;S;N;
CLASSES - FIF;20.230.719/0001-26;BANESTES LIQUIDEZ FIF RENDA FIXA REFERENCIADO DI RESPONSABILIDADE LIMITADA;2025-11-30;Debêntures;Debênture simples;N;Para negociação;0.000000;0.00;0.000000;0.00;240.000000;83696.03;;;PJ;23.373.000/0001-32;VAMOS LOCACAO DE CAMINHOES MAQUINAS E EQUIPAMENTOS S.A.;2026-08-20;S;DI1;DI de um dia;100.000000;2.000000;;S;N;
CLASSES - FIF;20.230.719/0001-26;BANESTES LIQUIDEZ FIF RENDA FIXA REFERENCIADO DI RESPONSABILIDADE LIMITADA;2025-11-30;Debêntures;Debênture simples;N;Para negociação;0.000000;0.00;0.000000;0.00;7064.000000;3622764.59;;;PJ;32.681.371/0001-72;VIX LOGISTICA S/A;2026-10-26;S;DI1;DI de um dia;100.000000;2.150000;;S;N;
CLASSES - FIF;20.230.719/0001-26;BANESTES LIQUIDEZ FIF RENDA FIXA REFERENCIADO DI RESPONSABILIDADE LIMITADA;2025-11-30;Debêntures;Debênture simples;N;Para negociação;0.000000;0.00;18724.000000;18590963.04;18724.000000;18730722.00;;;PJ;01.637.895/0001-32;VOTORANTIM CIMENTOS S/A;2033-01-25;S;DI1;DI de um dia;100.000000;0.600000;;S;N;
CLASSES - FIF;20.230.719/0001-26;BANESTES LIQUIDEZ FIF RENDA FIXA REFERENCIADO DI RESPONSABILIDADE LIMITADA;2025-11-30;Títulos de Crédito Privado;Nota Promissória/ Commercial Paper/ Export Note;N;Para negociação;0.000000;0.00;0.000000;0.00;3548.000000;3747853.53;;;PJ;33.000.167/0001-01;PETROLEO BRASILEIRO S/A - PETROBRAS;2030-02-25;S;DI1;DI de um dia;100.000000;1.650000;;S;N;
CLASSES - FIF;20.230.719/0001-26;BANESTES LIQUIDEZ FIF RENDA FIXA REFERENCIADO DI RESPONSABILIDADE LIMITADA;2025-11-30;Títulos de Crédito Privado;Nota Promissória/ Commercial Paper/ Export Note;N;Para negociação;0.000000;0.00;0.000000;0.00;6997.000000;7540212.29;;;PJ;33.000.167/0001-01;PETROLEO BRASILEIRO S/A - PETROBRAS;2032-08-25;S;DI1;DI de um dia;100.000000;1.900000;;S;N;
CLASSES - FIF;20.701.569/0001-91;ESCORPIÃO FI FINANCEIRO - CI MULT CRED PRIV - RESP LIMITADA;2025-11-30;Debêntures;Debênture simples;N;Para negociação;;;;;416.000000;489622.70;;;PJ;20.223.016/0001-70;BELO MONTE TRAN;2031-12-15;S;IAP;Índice de Preços ao Consumidor Amplo (IPCA/IBGE);100.000000;7.145783;;S;N;
CLASSES - FIF;20.889.217/0001-01;PORTO SEGURO MASTER PREVIDENCIÁRIO FIF RENDA FIXA CRÉD PRIV RESP  LIMITADA;2025-11-30;Debêntures;Debênture simples;N;Para negociação;;;;;16300.000000;16454770.16;;;PJ;55.085.811/0001-24;EXES SECURITIZADORA SA;2031-10-20;S;DI1;DI de um dia;100.000000;1.000000;;S;N;
CLASSES - FIF;20.889.217/0001-01;PORTO SEGURO MASTER PREVIDENCIÁRIO FIF RENDA FIXA CRÉD PRIV RESP  LIMITADA;2025-11-30;Debêntures;Debênture simples;N;Para negociação;;;;;7100.000000;7163643.19;;;PJ;08.402.943/0001-52;GUARARAPES CONFECCOES S/A;2028-10-15;S;DI1;DI de um dia;100.000000;0.950000;;S;N;
CLASSES - FIF;20.889.217/0001-01;PORTO SEGURO MASTER PREVIDENCIÁRIO FIF RENDA FIXA CRÉD PRIV RESP  LIMITADA;2025-11-30;Títulos de Crédito Privado;Nota Promissória/ Commercial Paper/ Export Note;N;Para negociação;;;;;5188.000000;5588884.14;;;PJ;33.000.167/0001-01;PETROLEO BRASILEIRO S.A. PETROBRAS;2032-08-25;S;DI1;DI de um dia;100.000000;1.900000;;S;N;
CLASSES - FIF;20.889.217/0001-01;PORTO SEGURO MASTER PREVIDENCIÁRIO FIF RENDA FIXA CRÉD PRIV RESP  LIMITADA;2025-11-30;Títulos de Crédito Privado;Nota Promissória/ Commercial Paper/ Export Note;N;Para negociação;;;;;11542.000000;12397762.52;;;PJ;50.746.577/0001-15;COSAN SA INDUSTRIA E COMERCIO;2028-12-27;S;DI1;DI de um dia;100.000000;1.750000;;S;N;
CLASSES - FIF;20.889.217/0001-01;PORTO SEGURO MASTER PREVIDENCIÁRIO FIF RENDA FIXA CRÉD PRIV RESP  LIMITADA;2025-11-30;Títulos de Crédito Privado;Nota Promissória/ Commercial Paper/ Export Note;N;Para negociação;;;;;5543.000000;5897188.69;;;PJ;33.000.167/0001-01;PETROLEO BRASILEIRO S.A. PETROBRAS;2030-02-25;S;DI1;DI de um dia;100.000000;1.650000;;S;N;
CLASSES - FIF;20.889.637/0001-98;ÔMEGA FUNDO INCENTIVADO DE INVESTIMENTO FINANCEIRO EM INFRAESTRUTURA RENDA FIXA;2025-11-30;Debêntures;Debênture simples;N;Para negociação;;;;;853.000000;845009.69;;;PJ;06.981.180/0001-16;CEMIG DISTRIBUICAO S.A;2037-10-15;S;IAP;Índice de Preços ao Consumidor Amplo (IPCA/IBGE);100.000000;6.941443;;S;N;
CLASSES - FIF;20.889.637/0001-98;ÔMEGA FUNDO INCENTIVADO DE INVESTIMENTO FINANCEIRO EM INFRAESTRUTURA RENDA FIXA;2025-11-30;Debêntures;Debênture simples;N;Para negociação;;;;;862.000000;842493.92;;;PJ;07.714.104/0001-07;GIGA MAIS FIBRA TELECOMUNICACOES S.A.;2031-07-15;S;IAP;Índice de Preços ao Consumidor Amplo (IPCA/IBGE);100.000000;10.584400;;S;N;
CLASSES - FIF;20.889.637/0001-98;ÔMEGA FUNDO INCENTIVADO DE INVESTIMENTO FINANCEIRO EM INFRAESTRUTURA RENDA FIXA;2025-11-30;Debêntures;Debênture simples;N;Para negociação;;;;;3441.000000;3394890.95;;;PJ;07.714.104/0001-07;GIGA MAIS FIBRA TELECOMUNICACOES S.A.;2031-10-15;S;IAP;Índice de Preços ao Consumidor Amplo (IPCA/IBGE);100.000000;10.347900;;S;N;
CLASSES - FIF;20.934.274/0001-65;BPC ORKESTRA FIF - CLASSE DE INVESTIMENTO MULTIMERCADO - RESP LIMITADA;2025-11-30;Debêntures;Debênture simples;N;Para negociação;;;;;318.000000;319659.82;;;PJ;43.776.517/0001-80;SABESP;2032-11-14;S;DI1;DI de um dia;100.000000;0.690000;;S;N;
CLASSES - FIF;21.040.600/0001-53;BTG MULTIGESTOR CREDIT FIF - CLASSE DE INVESTIMENTO MULTIMERCADO CRED PRIV - RESP ILIMITADA;2025-11-30;Debêntures;Debênture simples;N;Para negociação;;;;;23113.000000;25268505.02;;;PJ;50.365.355/0001-52;BIOMETANO VERDE;2025-12-31;S;DI1;DI de um dia;100.000000;0.976897;;S;N;
CLASSES - FIF;21.040.600/0001-53;BTG MULTIGESTOR CREDIT FIF - CLASSE DE INVESTIMENTO MULTIMERCADO CRED PRIV - RESP ILIMITADA;2025-11-30;Debêntures;Debênture simples;N;Para negociação;;;;;1887.000000;2062980.53;;;PJ;50.365.355/0001-52;BIOMETANO VERDE;2025-12-31;S;DI1;DI de um dia;100.000000;0.402584;;S;N;
CLASSES - FIF;21.040.600/0001-53;BTG MULTIGESTOR CREDIT FIF - CLASSE DE INVESTIMENTO MULTIMERCADO CRED PRIV - RESP ILIMITADA;2025-11-30;Debêntures;Debênture simples;N;Para negociação;;;;;14544.000000;14683870.33;;;PJ;55.085.811/0001-24;EXES SECURITIZA;2031-10-20;S;DI1;DI de um dia;100.000000;1.000000;;S;N;
CLASSES - FIF;21.053.290/0001-01;G5 PMK FUNDO DE INVESTIMENTO FINANCEIRO MULTIMERCADO CRÉDITO PRIVADO;2025-11-30;Debêntures;Debênture simples;N;Para negociação;;;;;520.000000;181691.18;;;PJ;02.773.542/0001-22;Opea Securitiza;2025-12-03;S;DI1;DI de um dia;100.000000;5.849981;;S;N;
CLASSES - FIF;21.126.351/0001-13;CEDROTREE FUNDO DE INVESTIMENTO EM RENDA FIXA INSTITUCIONAL IMA-B5;2025-11-30;Debêntures;Debênture simples;N;Para negociação;0.000000;0.00;0.000000;0.00;25.000000;16632688.98;;;PJ;23.741.508/0001-46;BITTENPAR PARTICIPAÇÕES S.A.;2026-04-06;S;IAP;Índice de Preços ao Consumidor Amplo (IPCA/IBGE);100.000000;0.000000;;S;N;
CLASSES - FIF;21.321.600/0001-21;BRADESCO BRFPREV FIF CLASSE DE INVESTIMENTO RENDA FIXA CRÉDITO PRIVADO - RESPONSABILIDADE LIMITADA;2025-11-30;Debêntures;Debênture simples;N;Para negociação;;;;;403.000000;402851.26;;;PJ;61.585.865/0001-51;RAIA DROGASIL S/A;2032-11-10;S;DI1;DI de um dia;100.000000;0.440000;;S;N;
CLASSES - FIF;21.321.600/0001-21;BRADESCO BRFPREV FIF CLASSE DE INVESTIMENTO RENDA FIXA CRÉDITO PRIVADO - RESPONSABILIDADE LIMITADA;2025-11-30;Títulos de Crédito Privado;Nota Promissória/ Commercial Paper/ Export Note;N;Para negociação;;;;;529.000000;562802.24;;;PJ;33.000.167/0001-01;PETROLEO BRASILEIRO S.A. PETROBRAS;2030-02-25;S;DI1;DI de um dia;100.000000;1.650000;;S;N;
CLASSES - FIF;21.407.204/0001-11;ITAÚ FPP AGRESSIVO FIF - CI MULTIMERCADO CRÉDITO PRIVADO - RESPONSABILIDADE LIMITADA;2025-11-30;Títulos de Crédito Privado;Nota Promissória/ Commercial Paper/ Export Note;N;Para negociação;;;;;324.000000;332523.56;;;PJ;97.837.181/0001-47;DEXCO S.A;2028-03-30;S;DI1;DI de um dia;100.000000;1.708884;;S;N;
CLASSES - FIF;21.407.204/0001-11;ITAÚ FPP AGRESSIVO FIF - CI MULTIMERCADO CRÉDITO PRIVADO - RESPONSABILIDADE LIMITADA;2025-11-30;Títulos de Crédito Privado;Nota Promissória/ Commercial Paper/ Export Note;N;Para negociação;;;;;70.000000;37278.03;;;PJ;07.282.377/0001-20;ENERGISA SUL SU;2026-07-06;S;DI1;DI de um dia;100.000000;1.552637;;S;N;
CLASSES - FIF;21.888.723/0001-49;ITAÚ RENDA FIXA CRÉDITO PRIVADO DIFERENCIADO II FUNDO DE INVESTIMENTO FINANCEIRO RESP LIMITADA;2025-11-30;Debêntures;Debênture simples;N;Para negociação;;;;;2367.000000;2379354.76;;;PJ;43.776.517/0001-80;CIA SANEAMENTO BASICO EST SAO PAULO;2032-11-14;S;DI1;DI de um dia;100.000000;0.690000;;S;N;
CLASSES - FIF;21.888.723/0001-49;ITAÚ RENDA FIXA CRÉDITO PRIVADO DIFERENCIADO II FUNDO DE INVESTIMENTO FINANCEIRO RESP LIMITADA;2025-11-30;Debêntures;Debênture simples;N;Para negociação;;;;;883.000000;882674.10;;;PJ;61.585.865/0001-51;RAIA DROGASIL S/A;2032-11-10;S;DI1;DI de um dia;100.000000;0.440000;;S;N;
CLASSES - FIF;22.118.303/0001-46;CW1 CRÉDITO PRIVADO FUNDO DE INVESTIMENTO FINANCEIRO MULTIMERCADO - RESPONSABILIDADE LIMITADA;2025-11-30;Debêntures;Debênture simples;N;Para negociação;;;;;2133.000000;2000387.97;;;PJ;26.609.050/0001-64;TRAVESSIA SECURITIZADORA SA;2036-11-19;S;IAP;Índice de Preços ao Consumidor Amplo (IPCA/IBGE);100.000000;8.619738;;S;N;
CLASSES - FIF;22.118.303/0001-46;CW1 CRÉDITO PRIVADO FUNDO DE INVESTIMENTO FINANCEIRO MULTIMERCADO - RESPONSABILIDADE LIMITADA;2025-11-30;Debêntures;Debênture simples;N;Para negociação;;;;;1399.000000;1413053.50;;;PJ;23.438.929/0001-00;TRIPLE PLAY BRASIL PARTICIPAÇÕES S.;2032-10-15;S;IAP;Índice de Preços ao Consumidor Amplo (IPCA/IBGE);100.000000;17.831501;;S;N;
CLASSES - FIF;22.443.530/0001-47;TERRA NOVA FUNDO DE INVESTIMENTO DE RENDA FIXA INSTITUCIONAL IMA-B LONGO PRAZO;2025-11-30;Debêntures;Debênture simples;N;Para negociação;0.000000;0.00;0.000000;0.00;31.000000;296503.71;;;PJ;12.294.194/0001-64;M. INVEST PLANEJAMENTO E ADM SHOPPING CENTER S.A.;2050-12-31;S;IAP;Índice de Preços ao Consumidor Amplo (IPCA/IBGE);100.000000;0.000000;;S;N;
CLASSES - FIF;22.985.070/0001-89;XPCE RF FUNDO DE INVESTIMENTO MULTIMERCADO CRÉDITO PRIVADO;2025-11-30;Debêntures;Debênture simples;N;Para negociação;;;;;1250.000000;1261921.50;;;PJ;55.085.811/0001-24;ÉXES SECURITIZADORA S.A.;2031-10-20;S;DI1;DI de um dia;100.000000;1.110214;;S;N;
CLASSES - FIF;22.985.070/0001-89;XPCE RF FUNDO DE INVESTIMENTO MULTIMERCADO CRÉDITO PRIVADO;2025-11-30;Títulos de Crédito Privado;Nota Promissória/ Commercial Paper/ Export Note;N;Para negociação;;;;;5100.000000;5524192.68;;;PJ;50.746.577/0001-15;COSAN SA INDUSTRIA E COMERCIO;2028-12-27;S;DI1;DI de um dia;100.000000;1.729147;;S;N;
CLASSES - FIF;22.985.070/0001-89;XPCE RF FUNDO DE INVESTIMENTO MULTIMERCADO CRÉDITO PRIVADO;2025-11-30;Títulos ligados ao agronegócio;CRA;N;Para negociação;;;;;16606.000000;16443652.10;;;PJ;10.753.164/0001-43;ECO SECURITIZADORA DE DIREITOS CRED;2028-12-11;S;DI1;DI de um dia;100.000000;4.513428;;S;N;
CLASSES - FIF;23.781.888/0001-42;1622 FUNDO DE INVESTIMENTO FINANCEIRO MULTIMERCADO;2025-11-30;Debêntures;Debênture simples;N;Para negociação;;;;;1953.000000;1971543.90;;;PJ;55.085.811/0001-24;EXES SECURITIZADORA S.A.;2031-10-20;S;DI1;DI de um dia;100.000000;1.000000;;S;N;
CLASSES - FIF;23.941.302/0001-60;G5 TTMGGC FUNDO DE INVESTIMENTO MULTIMERCADO CREDITO PRIVADO INVESTIMENTO NO EXTERIOR;2025-11-30;Debêntures;Debênture simples;N;Para negociação;;;;;105.000000;119600.05;;;PJ;40.593.395/0001-06;IFIN PARTICIPAC;2033-09-15;S;IPC;Índice de Preços ao Consumidor (IPC/FIPE);100.000000;8.788427;;S;N;
CLASSES - FIF;23.941.302/0001-60;G5 TTMGGC FUNDO DE INVESTIMENTO MULTIMERCADO CREDITO PRIVADO INVESTIMENTO NO EXTERIOR;2025-11-30;Títulos ligados ao agronegócio;CRA;N;Para negociação;;;;;107.000000;13519.10;;;PJ;10.753.164/0001-43;ECO SECURITIZAD;2025-12-15;S;DI1;DI de um dia;100.000000;9.005320;;S;N;
CLASSES - FIF;23.954.899/0001-87;TOWER II RENDA FIXA FUNDO DE INVESTIMENTO IMA-B 5;2025-11-30;Títulos de Crédito Privado;CCI;N;Para negociação;0.000000;0.00;0.000000;0.00;61.000000;4257437.54;;;PJ;33.050.626/0001-61;COPEG - CRE;2027-01-01;S;TR;Taxa Referencial;100.000000;0.000000;;S;N;
CLASSES - FIF;23.954.899/0001-87;TOWER II RENDA FIXA FUNDO DE INVESTIMENTO IMA-B 5;2025-11-30;Títulos de Crédito Privado;CCI;N;Para negociação;0.000000;0.00;0.000000;0.00;3.000000;3777778.08;;;PJ;17.736.831/0001-29;STIEBLER;2045-12-29;S;IAP;Índice de Preços ao Consumidor Amplo (IPCA/IBGE);100.000000;0.000000;;S;N;
CLASSES - FIF;24.011.864/0001-77;PORTO SEGURO IMA-B5 FUNDO DE INVESTIMENTO FINANCEIRO RENDA FIXA LONGO PRAZO RESP LIMITADA;2025-11-30;Debêntures;Debênture simples;N;Para negociação;;;;;1800.000000;1816134.89;;;PJ;08.402.943/0001-52;GUARARAPES CONFECCOES S/A;2028-10-15;S;DI1;DI de um dia;100.000000;0.950000;;S;N;
CLASSES - FIF;24.011.864/0001-77;PORTO SEGURO IMA-B5 FUNDO DE INVESTIMENTO FINANCEIRO RENDA FIXA LONGO PRAZO RESP LIMITADA;2025-11-30;Títulos de Crédito Privado;Nota Promissória/ Commercial Paper/ Export Note;N;Para negociação;;;;;854.000000;917318.42;;;PJ;50.746.577/0001-15;COSAN SA INDUSTRIA E COMERCIO;2028-12-27;S;DI1;DI de um dia;100.000000;1.750000;;S;N;
CLASSES - FIF;24.249.650/0001-33;SANTIAGO FUNDO DE INVESTIMENTO FINANCEIRO MULTIMERCADO RESPONSABILIDADE LIMITADA;2025-11-30;Títulos ligados ao agronegócio;CRA;N;Para negociação;;;;;332.000000;379937.74;;;PJ;12.130.744/0001-00;TRUE SECURITIZADORA S.A.;2030-06-17;S;IAP;Índice de Preços ao Consumidor Amplo (IPCA/IBGE);100.000000;5.800000;;S;N;
CLASSES - FIF;24.249.650/0001-33;SANTIAGO FUNDO DE INVESTIMENTO FINANCEIRO MULTIMERCADO RESPONSABILIDADE LIMITADA;2025-11-30;Títulos ligados ao agronegócio;CRA;N;Para negociação;;;;;68.000000;67777.10;;;PJ;12.130.744/0001-00;TRUE SECURITIZADORA S.A.;2029-07-16;S;OUT;OUTROS;100.000000;0.000000;;S;N;
CLASSES - FIF;24.270.834/0001-85;FCOPEL FUNDO DE INVESTIMENTO FINANCEIRO MULTIMERCADO - CRÉDITO PRIVADO I RESPONSABILIDADE LIMITADA;2025-11-30;Debêntures;Debênture simples;N;Para negociação;;;;;235.000000;239004.31;;;PJ;23.438.929/0001-00;ALARES INTERNET PARTICIPACOES S A;2032-10-15;S;IAP;Índice de Preços ao Consumidor Amplo (IPCA/IBGE);100.000000;11.865500;;S;N;
CLASSES - FIF;24.466.719/0001-80;OAK FUNDO DE INVESTIMENTO EM RENDA FIXA - CRÉDITO PRIVADO;2025-11-30;Debêntures;Debênture simples;N;Para negociação;0.000000;0.00;0.000000;0.00;176.000000;126236468.48;;;PJ;23.741.508/0001-46;BITTENPAR PARTICIPAÇÕES S.A.;2026-04-06;S;IAP;Índice de Preços ao Consumidor Amplo (IPCA/IBGE);100.000000;0.000000;;S;N;
CLASSES - FIF;24.466.719/0001-80;OAK FUNDO DE INVESTIMENTO EM RENDA FIXA - CRÉDITO PRIVADO;2025-11-30;Debêntures;Debênture simples;N;Para negociação;0.000000;0.00;0.000000;0.00;400.000000;197547055.98;;;PJ;14.265.207/0001-00;XMASSETO PARTICIPAÇÕES SA;2029-06-30;S;IAP;Índice de Preços ao Consumidor Amplo (IPCA/IBGE);100.000000;0.000000;;S;N;
CLASSES - FIF;24.466.719/0001-80;OAK FUNDO DE INVESTIMENTO EM RENDA FIXA - CRÉDITO PRIVADO;2025-11-30;Debêntures;Debênture simples;N;Para negociação;0.000000;0.00;0.000000;0.00;357.000000;3414575.01;;;PJ;12.294.194/0001-64;M. INVEST PLANEJAMENTO E ADM SHOPPING CENTER S.A.;2050-12-31;S;IAP;Índice de Preços ao Consumidor Amplo (IPCA/IBGE);100.000000;0.000000;;S;N;
CLASSES - FIF;24.601.713/0001-79;PLURAL MASTER II DEB INCENTIVADAS CRÉDITO PRIVADO FIF RENDA FIXA INVESTIMENTO EM INFRAESTRUTURA - RL;2025-11-30;Debêntures;Debênture simples;N;Para negociação;;;;;94.000000;92345.48;;;PJ;42.276.907/0001-28;VLI MULTIMODAL S.A;2035-10-15;S;IAP;Índice de Preços ao Consumidor Amplo (IPCA/IBGE);100.000000;7.169553;;S;N;
CLASSES - FIF;24.601.713/0001-79;PLURAL MASTER II DEB INCENTIVADAS CRÉDITO PRIVADO FIF RENDA FIXA INVESTIMENTO EM INFRAESTRUTURA - RL;2025-11-30;Debêntures;Debênture simples;N;Para negociação;;;;;112.000000;110700.99;;;PJ;06.981.180/0001-16;CEMIG DISTRIBUIÇÃO S/A;2037-10-15;S;IAP;Índice de Preços ao Consumidor Amplo (IPCA/IBGE);100.000000;7.169628;;S;N;
CLASSES - FIF;24.658.649/0001-62;AZ QUEST MASTER DEBÊNTURES INCENTIVADAS FIF INCENTIVADO DE INVESTIMENTO EM INFRA RENDA FIXA CP;2025-11-30;Debêntures;Debênture simples;N;Para negociação;;;;;9000.000000;8796340.22;;;PJ;07.714.104/0001-07;GIGA MAIS FIBRA TELECOMUNICACOES S.A.;2031-07-15;S;IAP;Índice de Preços ao Consumidor Amplo (IPCA/IBGE);100.000000;10.584400;;S;N;
CLASSES - FIF;24.658.649/0001-62;AZ QUEST MASTER DEBÊNTURES INCENTIVADAS FIF INCENTIVADO DE INVESTIMENTO EM INFRA RENDA FIXA CP;2025-11-30;Títulos ligados ao agronegócio;CRA;N;Para negociação;;;;;100.000000;102588.95;;;PJ;10.753.164/0001-43;ECO SECURITIZADORA DE DIREITOS CREDITORIOS DO AGRO;2026-12-30;S;DI1;DI de um dia;100.000000;5.000000;;S;N;
CLASSES - FIF;25.036.659/0001-29;G5 LRM FIF - CLASSE DE INVESTIMENTO MULTIMERCADO CRÉDITO PRIVADO - RESPONSABILIDADE LIMITADA;2025-11-30;Debêntures;Debênture simples;N;Para negociação;;;;;400.000000;139762.44;;;PJ;02.773.542/0001-22;Opea Securitiza;2025-12-03;S;DI1;DI de um dia;100.000000;5.849985;;S;N;
CLASSES - FIF;25.036.659/0001-29;G5 LRM FIF - CLASSE DE INVESTIMENTO MULTIMERCADO CRÉDITO PRIVADO - RESPONSABILIDADE LIMITADA;2025-11-30;Títulos ligados ao agronegócio;CRA;N;Para negociação;;;;;380.000000;47895.35;;;PJ;10.753.164/0001-43;ECO SECURITIZAD;2025-12-15;S;DI1;DI de um dia;100.000000;9.005322;;S;N;
CLASSES - FIF;25.234.711/0001-51;BB TOP DI RENDA FIXA REFERENCIADO DI CRÉDITO PRIVADO LONGO PRAZO FIF RESPONSABILIDADE LIMITADA;2025-11-30;Debêntures;Debênture simples;N;Para negociação;;;;;10000.000000;11003810.12;;;PJ;50.365.355/0001-52;BIOMETANO VERDE PAULINIA SA;2025-12-31;S;DI1;DI de um dia;100.000000;1.200000;;S;N;
CLASSES - FIF;25.234.711/0001-51;BB TOP DI RENDA FIXA REFERENCIADO DI CRÉDITO PRIVADO LONGO PRAZO FIF RESPONSABILIDADE LIMITADA;2025-11-30;Títulos ligados ao agronegócio;CRA;N;Para negociação;;;;;7000.000000;7468106.90;;;PJ;10.753.164/0001-43;ECO SECURITIZADORA DIREITOS CREDITORIOS AGRONEGOCIO SA;2029-06-15;S;DI1;DI de um dia;95.000000;0.000000;;S;N;
CLASSES - FIF;25.424.133/0001-16;GATI QI FUNDO DE INVESTIMENTO FINANCEIRO MULTIMERCADO CRÉDITO PRIVADO RESPONSABILIDADE LIMITADA;2025-11-30;Títulos de Crédito Privado;Nota Promissória/ Commercial Paper/ Export Note;N;Para negociação;;;;;85.000000;341506.90;;;PJ;61.167.060/0001-98;INDUSTRIA QUIMICA KIMBERLIT LTDA;2027-03-31;S;DI1;DI de um dia;100.000000;6.000000;;S;N;
CLASSES - FIF;26.143.135/0001-08;G5 POLARIS PREV ICATU QUALIFICADO FIF - CLASSE DE INVESTIMENTO MULT CRED PRIV - RESP LIMITADA;2025-11-30;Debêntures;Debênture simples;N;Para negociação;;;;;465.000000;162473.84;;;PJ;02.773.542/0001-22;Opea Securitiza;2025-12-03;S;DI1;DI de um dia;100.000000;5.849984;;S;N;
CLASSES - FIF;26.171.840/0001-00;BRASIL PLURAL MASTER TFO FUNDO INCENT DE INVEST FINANCEIRO EM INFRA RENDA FIXA CRED PRIV RESP LTDA;2025-11-30;Debêntures;Debênture simples;N;Para negociação;;;;;65.000000;63855.91;;;PJ;42.276.907/0001-28;VLI MULTIMODAL S.A;2035-10-15;S;IAP;Índice de Preços ao Consumidor Amplo (IPCA/IBGE);100.000000;7.169553;;S;N;
CLASSES - FIF;26.171.840/0001-00;BRASIL PLURAL MASTER TFO FUNDO INCENT DE INVEST FINANCEIRO EM INFRA RENDA FIXA CRED PRIV RESP LTDA;2025-11-30;Debêntures;Debênture simples;N;Para negociação;;;;;77.000000;76106.93;;;PJ;06.981.180/0001-16;CEMIG DISTRIBUIÇÃO S/A;2037-10-15;S;IAP;Índice de Preços ao Consumidor Amplo (IPCA/IBGE);100.000000;7.169628;;S;N;
CLASSES - FIF;26.315.478/0001-02;G5 GRANDE PRAIRIE FIF - CLASSE DE INVESTIMENTO MULTIMERCADO CRÉDITO PRIVADO - RESP LIMITADA;2025-11-30;Títulos ligados ao agronegócio;CRA;N;Para negociação;;;;;120.000000;15124.85;;;PJ;10.753.164/0001-43;ECO SECURITIZAD;2025-12-15;S;DI1;DI de um dia;100.000000;9.005322;;S;N;
CLASSES - FIF;26.326.285/0001-49;PREMIUM IMA-B FUNDO DE INVESTIMENTO EM COTAS DE FUNDOS DE INVESTIMENTO RENDA FIXA;2025-11-30;Debêntures;Debênture simples;N;Para negociação;0.000000;0.00;0.000000;0.00;3.000000;2151757.98;;;PJ;23.741.508/0001-46;BITTENPAR PARTICIPAÇÕES S.A.;2026-04-06;S;IAP;Índice de Preços ao Consumidor Amplo (IPCA/IBGE);100.000000;0.000000;;S;N;
CLASSES - FIF;26.326.293/0001-95;TERRA NOVA FUNDO DE INVESTIMENTO EM COTAS DE FUNDOS DE INVESTIMENTO MULTIMERCADO CREDITO PRIVADO;2025-11-30;Debêntures;Debênture simples;N;Para negociação;0.000000;0.00;0.000000;0.00;11.000000;7889779.28;;;PJ;23.741.508/0001-46;BITTENPAR PARTICIPAÇÕES S.A.;2026-04-06;S;IAP;Índice de Preços ao Consumidor Amplo (IPCA/IBGE);100.000000;0.000000;;S;N;
CLASSES - FIF;26.326.321/0001-74;TERRA NOVA IMA-B FUNDO DE INVESTIMENTO EM COTAS DE FUNDOS DE INVESTIMENTO - RENDA FIXA II;2025-11-30;Debêntures;Debênture simples;N;Para negociação;0.000000;0.00;0.000000;0.00;28.000000;20083074.53;;;PJ;23.741.508/0001-46;BITTENPAR PARTICIPAÇÕES S.A.;2026-04-06;S;IAP;Índice de Preços ao Consumidor Amplo (IPCA/IBGE);100.000000;0.000000;;S;N;
CLASSES - FIF;26.327.862/0001-17;PREMIUM FUNDO DE INVESTIMENTO EM COTAS DE FUNDOS DE INVESTIMENTO RENDA FIXA CREDITO PRIVADO;2025-11-30;Debêntures;Debênture simples;N;Para negociação;0.000000;0.00;0.000000;0.00;74.000000;53076696.97;;;PJ;23.741.508/0001-46;BITTENPAR PARTICIPAÇÕES S.A.;2026-04-06;S;IAP;Índice de Preços ao Consumidor Amplo (IPCA/IBGE);100.000000;0.000000;;S;N;
CLASSES - FIF;26.370.161/0001-60;ICATU SEG APOSENTADORIA PREV RENDA FIXA FIF II RESPONSABILIDADE LIMITADA;2025-11-30;Debêntures;Debênture simples;N;Para negociação;;;;;64.000000;64573.69;;;PJ;08.402.943/0001-52;GUARARAPES CONFECCOES S/A;2028-10-15;S;DI1;DI de um dia;100.000000;0.950000;;S;N;
CLASSES - FIF;26.419.950/0001-49;SBPREV I RF CRÉD PRIV - FIF RESP LIMITADA;2025-11-30;Títulos de Crédito Privado;Nota Promissória/ Commercial Paper/ Export Note;N;Para negociação;;;;;72.000000;77587.59;;;PJ;15.139.629/0001-94;COELBA;2027-06-20;S;DI1;DI de um dia;100.000000;1.413421;;S;N;
CLASSES - FIF;26.498.249/0001-62;CAPITÂNIA PREVIDENCE ADVISORY ICATU FIF RENDA FIXA CRÉDITO PRIVADO RESPONSABILIDADE LTDA;2025-11-30;Debêntures;Debênture simples;N;Para negociação;;;;;20000.000000;19965627.56;;;PJ;36.128.741/0001-08;CONCESSIONARIA DA RODOVIA MS 306 S.;2043-05-15;S;IAP;Índice de Preços ao Consumidor Amplo (IPCA/IBGE);100.000000;7.874225;;S;N;
CLASSES - FIF;26.631.505/0001-48;FÊNIX FUNDO DE INVESTIMENTO FINANCEIRO;2025-11-30;Títulos de Crédito Privado;CCB;N;Para negociação;;;;;1000.000000;77303.80;;;PJ;32.402.502/0001-35;QI SOCIEDADEDE CREDITODIRETO SA;2026-08-17;S;PRE;Taxa de juro prefixada;100.000000;12.000000;;S;N;
CLASSES - FIF;26.664.935/0001-66;DEVANT AUDAX FUNDO DE INVESTIMENTO FINANCEIRO RESPONSABILIDADE LIMITADA;2025-11-30;Títulos ligados ao agronegócio;CRA;N;Para negociação;;;;;600.000000;214141.92;;;PJ;12.139.922/0001-63;OCTANTE SECURITIZADORA SA;2027-02-25;S;DI1;DI de um dia;100.000000;4.500000;;S;N;
CLASSES - FIF;26.725.148/0001-87;G5 MOON FI FINANCEIRO - CI MULT CRED PRIV - RESP LIMITADA;2025-11-30;Títulos ligados ao agronegócio;CRA;N;Para negociação;;;;;164.000000;20670.63;;;PJ;10.753.164/0001-43;ECO SECURITIZAD;2025-12-15;S;DI1;DI de um dia;100.000000;9.005322;;S;N;
CLASSES - FIF;26.803.172/0001-97;NW1 FUNDO DE INVESTIMENTO MULTIMERCADO CREDITO PRIVADO IE - RESPONSABILIDADE LIMITADA;2025-11-30;Debêntures;Debênture simples;N;Para negociação;;;;;635.000000;329591.43;;;PJ;21.314.559/0001-66;MOVIDA PART;2026-09-15;S;DI1;DI de um dia;100.000000;4.482577;;S;N;
CLASSES - FIF;26.803.172/0001-97;NW1 FUNDO DE INVESTIMENTO MULTIMERCADO CREDITO PRIVADO IE - RESPONSABILIDADE LIMITADA;2025-11-30;Debêntures;Debênture simples;N;Para negociação;;;;;661.000000;674835.32;;;PJ;21.314.559/0001-66;MOVIDA PART;2027-04-05;S;DI1;DI de um dia;100.000000;3.164459;;S;N;
CLASSES - FIF;26.803.172/0001-97;NW1 FUNDO DE INVESTIMENTO MULTIMERCADO CREDITO PRIVADO IE - RESPONSABILIDADE LIMITADA;2025-11-30;Debêntures;Debênture simples;N;Para negociação;;;;;800.000000;558194.25;;;PJ;06.267.630/0001-03;COMPANHIA BRASI;2027-08-03;S;DI1;DI de um dia;100.000000;2.075532;;S;N;
CLASSES - FIF;26.803.172/0001-97;NW1 FUNDO DE INVESTIMENTO MULTIMERCADO CREDITO PRIVADO IE - RESPONSABILIDADE LIMITADA;2025-11-30;Debêntures;Debênture simples;N;Para negociação;;;;;684.000000;733113.24;;;PJ;07.976.147/0001-60;MOVIDA LOCACAO;2027-12-22;S;DI1;DI de um dia;100.000000;3.354108;;S;N;
CLASSES - FIF;26.803.172/0001-97;NW1 FUNDO DE INVESTIMENTO MULTIMERCADO CREDITO PRIVADO IE - RESPONSABILIDADE LIMITADA;2025-11-30;Debêntures;Debênture simples;N;Para negociação;;;;;528.000000;563009.93;;;PJ;60.884.855/0001-54;IMPAR SERVICOS;2028-02-15;S;DI1;DI de um dia;100.000000;3.458591;;S;N;
CLASSES - FIF;26.803.172/0001-97;NW1 FUNDO DE INVESTIMENTO MULTIMERCADO CREDITO PRIVADO IE - RESPONSABILIDADE LIMITADA;2025-11-30;Debêntures;Debênture simples;N;Para negociação;;;;;533.000000;791380.84;;;PJ;41.508.382/0001-46;RODOVIAS BRASIL;2030-05-10;S;DI1;DI de um dia;100.000000;6.255305;;S;N;
CLASSES - FIF;26.803.172/0001-97;NW1 FUNDO DE INVESTIMENTO MULTIMERCADO CREDITO PRIVADO IE - RESPONSABILIDADE LIMITADA;2025-11-30;Debêntures;Debênture simples;N;Para negociação;;;;;850955.000000;437660.19;;;PJ;02.773.542/0001-22;OPEA SECURITIZA;2030-10-09;S;DI1;DI de um dia;100.000000;9.070736;;S;N;
CLASSES - FIF;26.803.172/0001-97;NW1 FUNDO DE INVESTIMENTO MULTIMERCADO CREDITO PRIVADO IE - RESPONSABILIDADE LIMITADA;2025-11-30;Debêntures;Debênture simples;N;Para negociação;;;;;2230.000000;592.11;;;PJ;02.773.542/0001-22;OPEA SECURITIZA;2030-10-09;S;DI1;DI de um dia;100.000000;9.070801;;S;N;
CLASSES - FIF;26.803.172/0001-97;NW1 FUNDO DE INVESTIMENTO MULTIMERCADO CREDITO PRIVADO IE - RESPONSABILIDADE LIMITADA;2025-11-30;Títulos de Crédito Privado;CCB;N;Para negociação;;;;;1.000000;5534310.86;;;PJ;09.347.083/0001-64;RESERVA REAL EM;2030-07-17;S;IPC;Índice de Preços ao Consumidor (IPC/FIPE);100.000000;10.000000;;S;N;
CLASSES - FIF;26.803.233/0001-16;XP DEB INCENT CDI CRÉD PRIV FIF INCENTIVADO DE INVESTIMENTO EM INFRAESTRUTURA RENDA FIXA - RESP LTDA;2025-11-30;Debêntures;Debênture simples;N;Para negociação;;;;;26120.000000;25817053.00;;;PJ;06.981.180/0001-16;CEMIG DISTRIBUIÇÃO S/A;2037-10-15;S;IAP;Índice de Preços ao Consumidor Amplo (IPCA/IBGE);100.000000;7.169628;;S;N;
CLASSES - FIF;26.803.233/0001-16;XP DEB INCENT CDI CRÉD PRIV FIF INCENTIVADO DE INVESTIMENTO EM INFRAESTRUTURA RENDA FIXA - RESP LTDA;2025-11-30;Debêntures;Debênture simples;N;Para negociação;;;;;13700.000000;13458861.81;;;PJ;42.276.907/0001-28;VLI MULTIMODAL S.A;2035-10-15;S;IAP;Índice de Preços ao Consumidor Amplo (IPCA/IBGE);100.000000;7.169553;;S;N;
CLASSES - FIF;27.477.166/0001-50;G5 CARMEL FUNDO DE INVESTIMENTO FINANCEIRO MULTIMERCADO;2025-11-30;Títulos ligados ao agronegócio;CRA;N;Para negociação;;;;;356.000000;44897.55;;;PJ;10.753.164/0001-43;ECO SECURITIZADORA DE DIREITOS CREDITORIOS DO AGRO;2025-12-15;S;DI1;DI de um dia;100.000000;9.000000;;S;N;
CLASSES - FIF;27.565.889/0001-00;GUILDER ZURICH PREV CLASSE DE  INVESTIMENTO MULTIMERCADO CRÉDITO  PRIVADO - RESP LIMITADA;2025-11-30;Títulos ligados ao agronegócio;CRA;N;Para negociação;0.000000;0.00;0.000000;0.00;387.000000;500840.26;;;PJ;25.005.683/0001-09;VERTCOMPANHIASECURITIZADORA;2030-07-15;S;IAP;Índice de Preços ao Consumidor Amplo (IPCA/IBGE);100.000000;0.000000;;S;N;
CLASSES - FIF;27.565.982/0001-15;PRECIOSO EM INFRA FI FINANCEIRO - CI INCENTIVADA DE INVESTIMENTO EM INFRA RF - RESP LIMITADA;2025-11-30;Debêntures;Debênture simples;N;Para negociação;;;;;434.000000;510808.30;;;PJ;20.223.016/0001-70;BELO MONTE TRAN;2031-12-15;S;IAP;Índice de Preços ao Consumidor Amplo (IPCA/IBGE);100.000000;4.743779;;S;N;
CLASSES - FIF;27.696.698/0001-88;G5 FUNDO INCENTIVADO DE INVESTIMENTO FINANCEIRO EM INFRAESTRUTURA RENDA FIXA;2025-11-30;Debêntures;Debênture simples;N;Para negociação;;;;;5758.000000;5627703.00;;;PJ;07.714.104/0001-07;GIGA MAIS FIBRA TELECOMUNICACOES S.A.;2031-07-15;S;IAP;Índice de Preços ao Consumidor Amplo (IPCA/IBGE);100.000000;10.584400;;S;N;
CLASSES - FIF;27.696.698/0001-88;G5 FUNDO INCENTIVADO DE INVESTIMENTO FINANCEIRO EM INFRAESTRUTURA RENDA FIXA;2025-11-30;Debêntures;Debênture simples;N;Para negociação;;;;;1611.000000;1589412.76;;;PJ;07.714.104/0001-07;GIGA MAIS FIBRA TELECOMUNICACOES S.A.;2031-10-15;S;IAP;Índice de Preços ao Consumidor Amplo (IPCA/IBGE);100.000000;10.347900;;S;N;
CLASSES - FIF;27.928.267/0001-08;IDA DEBÊNTURES INCENTIVADAS FUNDO INCENTIVADO DE INVESTIMENTO FINANCEIRO EM INFRA RENDA FIXA;2025-11-30;Debêntures;Debênture simples;N;Para negociação;;;;;1419.000000;1399985.54;;;PJ;07.714.104/0001-07;GIGA MAIS FIBRA TELECOMUNICACOES S.A.;2031-10-15;S;IAP;Índice de Preços ao Consumidor Amplo (IPCA/IBGE);100.000000;10.347900;;S;N;
CLASSES - FIF;27.928.267/0001-08;IDA DEBÊNTURES INCENTIVADAS FUNDO INCENTIVADO DE INVESTIMENTO FINANCEIRO EM INFRA RENDA FIXA;2025-11-30;Debêntures;Debênture simples;N;Para negociação;;;;;1371.000000;1384017.76;;;PJ;55.085.811/0001-24;EXES SECURITIZADORA S.A.;2031-10-20;S;DI1;DI de um dia;100.000000;1.000000;;S;N;
CLASSES - FIF;28.021.980/0001-28;PEPSI RENDA FIXA - FUNDO DE INVESTIMENTO FINANCEIRO RESPONSABILIDADE LIMITADA;2025-11-30;Debêntures;Debênture simples;N;Para negociação;;;;;454.000000;456369.69;;;PJ;43.776.517/0001-80;CIA SANEAMENTO BASICO EST SAO PAULO;2032-11-14;S;DI1;DI de um dia;100.000000;0.690000;;S;N;
CLASSES - FIF;28.065.429/0001-86;RENDA LIQUIDEZ FIM CRÉDITO PRIVADO - INVESTIMENTO NO EXTERIOR;2025-11-30;Títulos de Crédito Privado;CCB;N;Para negociação;0.000000;0.00;0.000000;0.00;1.000000;937681.22;;;PJ;68.406.677/0001-68;Vale do Norte AgroIndustrial e Transporte SP Ltda;2026-07-17;N;;;;;15.000000;S;N;
CLASSES - FIF;28.080.458/0001-17;SIRIUS III FUNDO DE INVESTIMENTO FINANCEIRO MULTIMERCADO CRÉDITO PRIVADO - RESPONSABILIDADE LIMITADA;2025-11-30;Debêntures;Debênture conversível;N;Para negociação;;;;;5940.000000;107794.19;;;PJ;08.474.754/0001-95;ETC PARTICIPAÇÕES S/A;2029-08-08;S;TJL;Taxa de Juro de Longo Prazo;100.000000;1.000000;;S;N;
CLASSES - FIF;28.320.857/0001-08;WESTERN ASSET TOTAL CREDIT RENDA FIXA CRÉDITO PRIVADO FUNDO DE INVESTIMENTO FINANCEIRO RESP LIMITADA;2025-11-30;Debêntures;Debênture simples;N;Para negociação;;;;;12455.000000;12566644.50;;;PJ;08.402.943/0001-52;GUARARAPES CONFECCOES S/A;2028-10-15;S;DI1;DI de um dia;100.000000;0.950000;;S;N;
CLASSES - FIF;28.581.588/0001-33;ASPEUN PGBL E VGBL FUNDO DE INVESTIMENTO MULTIMERCADO CRED PRIV PREVIDENCIÁRIO - RESP LIMITADA;2025-11-30;Debêntures;Debênture simples;N;Para negociação;;;;;110.000000;111117.16;;;PJ;43.776.517/0001-80;SABESP;2035-11-14;S;DI1;DI de um dia;100.000000;0.900000;;S;N;
CLASSES - FIF;28.581.588/0001-33;ASPEUN PGBL E VGBL FUNDO DE INVESTIMENTO MULTIMERCADO CRED PRIV PREVIDENCIÁRIO - RESP LIMITADA;2025-11-30;Debêntures;Debênture simples;N;Para negociação;;;;;120.000000;120931.92;;;PJ;88.610.126/0001-29;FRAS-LE SA;2030-10-25;S;DI1;DI de um dia;100.000000;0.788549;;S;N;
CLASSES - FIF;28.581.607/0001-21;4UM FI FINANCEIRO - CI RF CRED PRIV LP - RESP LIMITADA;2025-11-30;Debêntures;Debênture simples;N;Para negociação;;;;;9770.000000;9845873.71;;;PJ;88.610.126/0001-29;FRAS-LE SA;2030-10-25;S;DI1;DI de um dia;100.000000;0.788549;;S;N;
CLASSES - FIF;28.581.607/0001-21;4UM FI FINANCEIRO - CI RF CRED PRIV LP - RESP LIMITADA;2025-11-30;Debêntures;Debênture simples;N;Para negociação;;;;;5800.000000;5858904.82;;;PJ;43.776.517/0001-80;SABESP;2035-11-14;S;DI1;DI de um dia;100.000000;0.900000;;S;N;
CLASSES - FIF;28.663.487/0001-01;SANTANDER PB PHENON MULTIMERCADO CRÉDITO PRIVADO - FUNDO DE INVESTIMENTO FINANCEIRO;2025-11-30;Títulos de Crédito Privado;Nota Promissória/ Commercial Paper/ Export Note;S;Para negociação;;;;;850.000000;899249.51;;;PJ;33.000.167/0001-01;PETROBRAS S/A;2030-02-25;S;DI1;DI de um dia;100.000000;1.649999;;S;N;
CLASSES - FIF;28.663.487/0001-01;SANTANDER PB PHENON MULTIMERCADO CRÉDITO PRIVADO - FUNDO DE INVESTIMENTO FINANCEIRO;2025-11-30;Títulos de Crédito Privado;Nota Promissória/ Commercial Paper/ Export Note;S;Para negociação;;;;;460.000000;486652.67;;;PJ;33.000.167/0001-01;PETROBRAS S/A;2030-02-25;S;DI1;DI de um dia;100.000000;1.057091;;S;N;
CLASSES - FIF;28.849.716/0001-87;GAUDÍ FUNDO DE INVESTIMENTO FINANCEIRO - CLASSE DE INVESTIMENTO RF PREVIDENCIÁRIO - RESP LIMITADA;2025-11-30;Debêntures;Debênture simples;N;Para negociação;;;;;1970.000000;1980282.56;;;PJ;43.776.517/0001-80;SABESP;2032-11-14;S;DI1;DI de um dia;100.000000;0.690000;;S;N;
CLASSES - FIF;28.851.713/0001-88;ITAÚ RENDA FIXA CRÉDITO PRIVADO DIFERENCIADO IQ FUNDO DE INVESTIMENTO FINANCEIRO RESP LIMITADA;2025-11-30;Debêntures;Debênture simples;N;Para negociação;;;;;2523.000000;2536169.01;;;PJ;43.776.517/0001-80;CIA SANEAMENTO BASICO EST SAO PAULO;2032-11-14;S;DI1;DI de um dia;100.000000;0.690000;;S;N;
CLASSES - FIF;28.877.869/0001-38;QUATA RWM PLUS FUNDO INVESTIMENTO RENDA FIXA CREDITO PRIVADO;2025-11-30;Debêntures;Debênture simples;N;Para negociação;;;;;530.000000;165198.91;;;PJ;20.611.180/0002-36;SETELOC SA;2026-12-26;S;DI1;DI de um dia;100.000000;6.388245;;S;N;
CLASSES - FIF;28.877.869/0001-38;QUATA RWM PLUS FUNDO INVESTIMENTO RENDA FIXA CREDITO PRIVADO;2025-11-30;Títulos de Crédito Privado;CCB;N;Para negociação;;;;;535.000000;379350.93;;;PJ;04.931.019/0001-02;Brasbunker Par;2026-10-22;N;;;;;25.340100;S;N;
CLASSES - FIF;28.877.869/0001-38;QUATA RWM PLUS FUNDO INVESTIMENTO RENDA FIXA CREDITO PRIVADO;2025-11-30;Títulos de Crédito Privado;CCB;N;Para negociação;;;;;430.000000;287330.57;;;PJ;16.811.931/0001-00;ALPHAVILLE S.A;2027-07-05;S;DI1;DI de um dia;100.000000;59.011722;;S;N;
CLASSES - FIF;28.877.869/0001-38;QUATA RWM PLUS FUNDO INVESTIMENTO RENDA FIXA CREDITO PRIVADO;2025-11-30;Títulos de Crédito Privado;CCB;N;Para negociação;;;;;530.000000;67273.47;;;PJ;05.826.986/0001-77;Frigorifico Be;2026-02-18;S;DI1;DI de um dia;100.000000;7.500000;;S;N;
CLASSES - FIF;28.877.869/0001-38;QUATA RWM PLUS FUNDO INVESTIMENTO RENDA FIXA CREDITO PRIVADO;2025-11-30;Títulos de Crédito Privado;CCB;N;Para negociação;;;;;786.000000;79174.03;;;PJ;78.269.545/0001-95;LATI SAO JOAO;2026-02-27;S;DI1;DI de um dia;100.000000;5.819999;;S;N;
CLASSES - FIF;28.877.869/0001-38;QUATA RWM PLUS FUNDO INVESTIMENTO RENDA FIXA CREDITO PRIVADO;2025-11-30;Títulos de Crédito Privado;CCB;N;Para negociação;;;;;555.000000;125941.26;;;PJ;77.591.402/0001-32;JOTA ELE CONSTR;2026-03-10;S;DI1;DI de um dia;100.000000;7.500000;;S;N;
CLASSES - FIF;28.877.869/0001-38;QUATA RWM PLUS FUNDO INVESTIMENTO RENDA FIXA CREDITO PRIVADO;2025-11-30;Títulos de Crédito Privado;CCB;N;Para negociação;;;;;490.000000;167139.71;;;PJ;08.736.011/0001-46;GRAN COFFEE COM;2026-03-30;S;DI1;DI de um dia;100.000000;5.900000;;S;N;
CLASSES - FIF;28.877.869/0001-38;QUATA RWM PLUS FUNDO INVESTIMENTO RENDA FIXA CREDITO PRIVADO;2025-11-30;Títulos de Crédito Privado;CCB;N;Para negociação;;;;;169.000000;57646.14;;;PJ;08.736.011/0001-46;GRAN COFFEE COM;2026-03-30;S;DI1;DI de um dia;100.000000;5.869648;;S;N;
CLASSES - FIF;28.877.869/0001-38;QUATA RWM PLUS FUNDO INVESTIMENTO RENDA FIXA CREDITO PRIVADO;2025-11-30;Títulos de Crédito Privado;CCB;N;Para negociação;;;;;1155.000000;393511.61;;;PJ;02.060.862/0011-07;SUPERFRIO;2026-04-06;S;DI1;DI de um dia;100.000000;5.999999;;S;N;
CLASSES - FIF;28.877.869/0001-38;QUATA RWM PLUS FUNDO INVESTIMENTO RENDA FIXA CREDITO PRIVADO;2025-11-30;Títulos de Crédito Privado;CCB;N;Para negociação;;;;;248.000000;69648.19;;;PJ;05.651.966/0001-02;DCENTER DISTRIB;2026-04-15;S;DI1;DI de um dia;100.000000;6.000000;;S;N;
CLASSES - FIF;28.877.869/0001-38;QUATA RWM PLUS FUNDO INVESTIMENTO RENDA FIXA CREDITO PRIVADO;2025-11-30;Títulos de Crédito Privado;CCB;N;Para negociação;;;;;1672.000000;644982.69;;;PJ;04.931.019/0001-02;Brasbunker Par;2026-09-08;S;DI1;DI de um dia;100.000000;11.250000;;S;N;
CLASSES - FIF;28.877.869/0001-38;QUATA RWM PLUS FUNDO INVESTIMENTO RENDA FIXA CREDITO PRIVADO;2025-11-30;Títulos de Crédito Privado;CCB;N;Para negociação;;;;;128.000000;49376.67;;;PJ;04.931.019/0001-02;Brasbunker Par;2026-09-08;S;DI1;DI de um dia;100.000000;11.249999;;S;N;
CLASSES - FIF;28.877.869/0001-38;QUATA RWM PLUS FUNDO INVESTIMENTO RENDA FIXA CREDITO PRIVADO;2025-11-30;Títulos de Crédito Privado;CCB;N;Para negociação;;;;;540.000000;232540.54;;;PJ;83.675.413/0001-01;MACROMAQ EQUIP;2026-09-10;S;DI1;DI de um dia;100.000000;8.747461;;S;N;
CLASSES - FIF;28.877.869/0001-38;QUATA RWM PLUS FUNDO INVESTIMENTO RENDA FIXA CREDITO PRIVADO;2025-11-30;Títulos de Crédito Privado;CCB;N;Para negociação;;;;;109.000000;46938.74;;;PJ;83.675.413/0001-01;MACROMAQ EQUIP;2026-09-10;S;DI1;DI de um dia;100.000000;8.864073;;S;N;
CLASSES - FIF;28.877.869/0001-38;QUATA RWM PLUS FUNDO INVESTIMENTO RENDA FIXA CREDITO PRIVADO;2025-11-30;Títulos de Crédito Privado;CCB;N;Para negociação;;;;;791.000000;292449.23;;;PJ;01.261.681/0001-04;WHB AUTOMOTIVE;2026-09-28;S;DI1;DI de um dia;100.000000;9.000000;;S;N;
CLASSES - FIF;28.877.869/0001-38;QUATA RWM PLUS FUNDO INVESTIMENTO RENDA FIXA CREDITO PRIVADO;2025-11-30;Títulos de Crédito Privado;CCB;N;Para negociação;;;;;390.000000;295966.43;;;PJ;01.261.681/0001-04;WHB AUTOMOTIVE;2026-10-09;S;DI1;DI de um dia;100.000000;9.000000;;S;N;
CLASSES - FIF;28.877.869/0001-38;QUATA RWM PLUS FUNDO INVESTIMENTO RENDA FIXA CREDITO PRIVADO;2025-11-30;Títulos de Crédito Privado;CCB;N;Para negociação;;;;;519.000000;175151.65;;;PJ;84.229.889/0001-73;Brandili Textil;2026-10-26;S;DI1;DI de um dia;100.000000;6.000000;;S;N;
CLASSES - FIF;28.877.869/0001-38;QUATA RWM PLUS FUNDO INVESTIMENTO RENDA FIXA CREDITO PRIVADO;2025-11-30;Títulos de Crédito Privado;CCB;N;Para negociação;;;;;250.000000;84369.77;;;PJ;84.229.889/0001-73;Brandili Textil;2026-10-26;S;DI1;DI de um dia;100.000000;5.999999;;S;N;
CLASSES - FIF;28.877.869/0001-38;QUATA RWM PLUS FUNDO INVESTIMENTO RENDA FIXA CREDITO PRIVADO;2025-11-30;Títulos de Crédito Privado;CCB;N;Para negociação;;;;;688.000000;693686.43;;;PJ;10.635.691/0001-53;VIA RONDON CONC;2026-11-12;S;DI1;DI de um dia;100.000000;5.000000;;S;N;
CLASSES - FIF;28.877.869/0001-38;QUATA RWM PLUS FUNDO INVESTIMENTO RENDA FIXA CREDITO PRIVADO;2025-11-30;Títulos de Crédito Privado;CCB;N;Para negociação;;;;;1060.000000;717786.13;;;PJ;09.267.996/0001-70;YUNY INCORP HOL;2026-11-27;S;DI1;DI de um dia;100.000000;6.900000;;S;N;
CLASSES - FIF;28.877.869/0001-38;QUATA RWM PLUS FUNDO INVESTIMENTO RENDA FIXA CREDITO PRIVADO;2025-11-30;Títulos de Crédito Privado;CCB;N;Para negociação;;;;;200.000000;89099.48;;;PJ;61.532.198/0001-49;DELGA IND COM;2026-12-15;S;DI1;DI de um dia;100.000000;7.699001;;S;N;
CLASSES - FIF;28.877.869/0001-38;QUATA RWM PLUS FUNDO INVESTIMENTO RENDA FIXA CREDITO PRIVADO;2025-11-30;Títulos de Crédito Privado;CCB;N;Para negociação;;;;;18.000000;8018.95;;;PJ;61.532.198/0001-49;DELGA IND COM;2026-12-15;S;DI1;DI de um dia;100.000000;7.699000;;S;N;
CLASSES - FIF;28.877.869/0001-38;QUATA RWM PLUS FUNDO INVESTIMENTO RENDA FIXA CREDITO PRIVADO;2025-11-30;Títulos de Crédito Privado;CCB;N;Para negociação;;;;;200.000000;89099.48;;;PJ;61.532.198/0001-49;DELGA IND COM;2026-12-15;S;DI1;DI de um dia;100.000000;7.699002;;S;N;
CLASSES - FIF;28.877.869/0001-38;QUATA RWM PLUS FUNDO INVESTIMENTO RENDA FIXA CREDITO PRIVADO;2025-11-30;Títulos de Crédito Privado;CCB;N;Para negociação;;;;;454.000000;406772.48;;;PJ;01.025.974/0001-92;VINCULA IND.COM;2026-12-18;S;DI1;DI de um dia;100.000000;8.250000;;S;N;
CLASSES - FIF;28.877.869/0001-38;QUATA RWM PLUS FUNDO INVESTIMENTO RENDA FIXA CREDITO PRIVADO;2025-11-30;Títulos de Crédito Privado;CCB;N;Para negociação;;;;;494.000000;39273.30;;;PJ;02.045.487/0001-54;MARISOL VESTUA;2027-02-15;S;DI1;DI de um dia;100.000000;5.500100;;S;N;
CLASSES - FIF;28.877.869/0001-38;QUATA RWM PLUS FUNDO INVESTIMENTO RENDA FIXA CREDITO PRIVADO;2025-11-30;Títulos de Crédito Privado;CCB;N;Para negociação;;;;;20.000000;8977.53;;;PJ;02.045.487/0001-54;MARISOL VESTUA;2027-02-15;S;DI1;DI de um dia;100.000000;5.500000;;S;N;
CLASSES - FIF;28.877.869/0001-38;QUATA RWM PLUS FUNDO INVESTIMENTO RENDA FIXA CREDITO PRIVADO;2025-11-30;Títulos de Crédito Privado;CCB;N;Para negociação;;;;;253.000000;180191.97;;;PJ;86.445.822/0001-00;COPOBRAS S/A;2027-04-05;S;DI1;DI de um dia;100.000000;5.499999;;S;N;
CLASSES - FIF;28.877.869/0001-38;QUATA RWM PLUS FUNDO INVESTIMENTO RENDA FIXA CREDITO PRIVADO;2025-11-30;Títulos de Crédito Privado;CCB;N;Para negociação;;;;;900.000000;640999.09;;;PJ;86.445.822/0001-00;COPOBRAS S/A;2027-04-05;S;DI1;DI de um dia;100.000000;5.500000;;S;N;
CLASSES - FIF;28.877.869/0001-38;QUATA RWM PLUS FUNDO INVESTIMENTO RENDA FIXA CREDITO PRIVADO;2025-11-30;Títulos de Crédito Privado;CCB;N;Para negociação;;;;;703.000000;541786.85;;;PJ;27.036.543/0001-15;ITV URBANISMO;2027-10-25;S;DI1;DI de um dia;100.000000;5.499999;;S;N;
CLASSES - FIF;28.877.869/0001-38;QUATA RWM PLUS FUNDO INVESTIMENTO RENDA FIXA CREDITO PRIVADO;2025-11-30;Títulos de Crédito Privado;CCB;N;Para negociação;;;;;548.000000;422331.71;;;PJ;27.036.543/0001-15;ITV URBANISMO;2027-10-25;S;DI1;DI de um dia;100.000000;5.500001;;S;N;
CLASSES - FIF;28.877.869/0001-38;QUATA RWM PLUS FUNDO INVESTIMENTO RENDA FIXA CREDITO PRIVADO;2025-11-30;Títulos de Crédito Privado;CCB;N;Para negociação;;;;;197.000000;151823.63;;;PJ;27.036.543/0001-15;ITV URBANISMO;2027-10-25;S;DI1;DI de um dia;100.000000;5.500003;;S;N;
CLASSES - FIF;28.877.869/0001-38;QUATA RWM PLUS FUNDO INVESTIMENTO RENDA FIXA CREDITO PRIVADO;2025-11-30;Títulos de Crédito Privado;CCB;N;Para negociação;;;;;550.000000;418476.99;;;PJ;50.935.576/0001-19;PLASCAR INDUSTR;2027-12-13;S;DI1;DI de um dia;100.000000;9.371248;;S;N;
CLASSES - FIF;28.877.869/0001-38;QUATA RWM PLUS FUNDO INVESTIMENTO RENDA FIXA CREDITO PRIVADO;2025-11-30;Títulos de Crédito Privado;CCB;N;Para negociação;;;;;421.000000;319729.11;;;PJ;61.532.198/0001-49;DELGA IND COM;2027-12-15;S;DI1;DI de um dia;100.000000;5.918214;;S;N;
CLASSES - FIF;28.877.869/0001-38;QUATA RWM PLUS FUNDO INVESTIMENTO RENDA FIXA CREDITO PRIVADO;2025-11-30;Títulos de Crédito Privado;CCB;N;Para negociação;;;;;1449.000000;906595.42;;;PJ;23.169.418/0001-22;PARANA EMPR.IMO;2028-01-05;S;DI1;DI de um dia;100.000000;6.000000;;S;N;
CLASSES - FIF;28.877.869/0001-38;QUATA RWM PLUS FUNDO INVESTIMENTO RENDA FIXA CREDITO PRIVADO;2025-11-30;Títulos de Crédito Privado;CCB;N;Para negociação;;;;;391.000000;304640.01;;;PJ;32.402.502/0001-35;QI Sociedade de;2028-03-27;S;DI1;DI de um dia;100.000000;5.999999;;S;N;
CLASSES - FIF;28.877.869/0001-38;QUATA RWM PLUS FUNDO INVESTIMENTO RENDA FIXA CREDITO PRIVADO;2025-11-30;Títulos de Crédito Privado;CCB;N;Para negociação;;;;;169.000000;158006.66;;;PJ;32.402.502/0001-35;QI Sociedade de;2028-03-27;S;DI1;DI de um dia;100.000000;6.000000;;S;N;
CLASSES - FIF;28.877.869/0001-38;QUATA RWM PLUS FUNDO INVESTIMENTO RENDA FIXA CREDITO PRIVADO;2025-11-30;Títulos de Crédito Privado;CCB;N;Para negociação;;;;;800.000000;589784.01;;;PJ;23.169.418/0001-22;PARANA EMPR.IMO;2028-05-05;S;DI1;DI de um dia;100.000000;5.750000;;S;N;
CLASSES - FIF;28.877.869/0001-38;QUATA RWM PLUS FUNDO INVESTIMENTO RENDA FIXA CREDITO PRIVADO;2025-11-30;Títulos de Crédito Privado;Nota Promissória/ Commercial Paper/ Export Note;N;Para negociação;;;;;400.000000;22363.89;;;PJ;12.229.415/0023-26;USINA CURURIPE ACUCAR E ALCOOL;2025-12-15;S;DI1;DI de um dia;100.000000;5.999999;;S;N;
CLASSES - FIF;28.877.869/0001-38;QUATA RWM PLUS FUNDO INVESTIMENTO RENDA FIXA CREDITO PRIVADO;2025-11-30;Títulos de Crédito Privado;Nota Promissória/ Commercial Paper/ Export Note;N;Para negociação;;;;;695.000000;38888.29;;;PJ;61.554.028/0001-65;CECIL S/A - LAMINACAO DE METAIS;2025-12-15;S;DI1;DI de um dia;100.000000;6.001942;;S;N;
CLASSES - FIF;28.877.869/0001-38;QUATA RWM PLUS FUNDO INVESTIMENTO RENDA FIXA CREDITO PRIVADO;2025-11-30;Títulos de Crédito Privado;Nota Promissória/ Commercial Paper/ Export Note;N;Para negociação;;;;;200.000000;26803.13;;;PJ;05.826.986/0001-77;Frigorifico Better Beef Ltda;2026-01-26;S;DI1;DI de um dia;100.000000;5.999999;;S;N;
CLASSES - FIF;28.877.869/0001-38;QUATA RWM PLUS FUNDO INVESTIMENTO RENDA FIXA CREDITO PRIVADO;2025-11-30;Títulos de Crédito Privado;Nota Promissória/ Commercial Paper/ Export Note;N;Para negociação;;;;;210.000000;142056.70;;;PJ;32.402.502/0001-35;QI Sociedade de Crédito Direto S.A.;2026-03-11;S;DI1;DI de um dia;100.000000;5.499999;;S;N;
CLASSES - FIF;28.877.869/0001-38;QUATA RWM PLUS FUNDO INVESTIMENTO RENDA FIXA CREDITO PRIVADO;2025-11-30;Títulos de Crédito Privado;Nota Promissória/ Commercial Paper/ Export Note;N;Para negociação;;;;;200.000000;81222.46;;;PJ;05.826.986/0001-77;Frigorifico Better Beef Ltda;2026-05-04;S;DI1;DI de um dia;100.000000;6.500000;;S;N;
CLASSES - FIF;28.877.869/0001-38;QUATA RWM PLUS FUNDO INVESTIMENTO RENDA FIXA CREDITO PRIVADO;2025-11-30;Títulos de Crédito Privado;Nota Promissória/ Commercial Paper/ Export Note;N;Para negociação;;;;;582.000000;292727.95;;;PJ;75.444.430/0001-00;DACALDA ACUCAR E ALCOOL;2026-08-18;S;DI1;DI de um dia;100.000000;5.900000;;S;N;
CLASSES - FIF;28.877.869/0001-38;QUATA RWM PLUS FUNDO INVESTIMENTO RENDA FIXA CREDITO PRIVADO;2025-11-30;Títulos de Crédito Privado;Nota Promissória/ Commercial Paper/ Export Note;N;Para negociação;;;;;230.000000;115682.87;;;PJ;75.444.430/0001-00;DACALDA ACUCAR E ALCOOL;2026-08-18;S;DI1;DI de um dia;100.000000;5.899993;;S;N;
CLASSES - FIF;28.877.869/0001-38;QUATA RWM PLUS FUNDO INVESTIMENTO RENDA FIXA CREDITO PRIVADO;2025-11-30;Títulos de Crédito Privado;Nota Promissória/ Commercial Paper/ Export Note;N;Para negociação;;;;;1484.000000;507116.74;;;PJ;85.070.068/0001-08;GONÇALVES E TORTOLA S A;2026-09-29;S;DI1;DI de um dia;100.000000;5.884910;;S;N;
CLASSES - FIF;28.877.869/0001-38;QUATA RWM PLUS FUNDO INVESTIMENTO RENDA FIXA CREDITO PRIVADO;2025-11-30;Títulos de Crédito Privado;Nota Promissória/ Commercial Paper/ Export Note;N;Para negociação;;;;;893.000000;511816.75;;;PJ;02.886.413/0001-40;Indústria de Papéis Sudeste Ltda.;2026-11-25;S;DI1;DI de um dia;100.000000;8.000000;;S;N;
CLASSES - FIF;28.877.869/0001-38;QUATA RWM PLUS FUNDO INVESTIMENTO RENDA FIXA CREDITO PRIVADO;2025-11-30;Títulos de Crédito Privado;Nota Promissória/ Commercial Paper/ Export Note;N;Para negociação;;;;;309.000000;259218.86;;;PJ;06.088.741/0001-52;VALE GRANDE IND. E COM. ALI. SA;2027-02-26;S;DI1;DI de um dia;100.000000;5.350000;;S;N;
CLASSES - FIF;28.877.869/0001-38;QUATA RWM PLUS FUNDO INVESTIMENTO RENDA FIXA CREDITO PRIVADO;2025-11-30;Títulos de Crédito Privado;Nota Promissória/ Commercial Paper/ Export Note;N;Para negociação;;;;;822.000000;559995.18;;;PJ;52.311.289/0001-63;MARCHESAN IMPLEMENTOSD MAQ AGRICOLA;2027-03-03;S;DI1;DI de um dia;100.000000;4.499999;;S;N;
CLASSES - FIF;28.877.869/0001-38;QUATA RWM PLUS FUNDO INVESTIMENTO RENDA FIXA CREDITO PRIVADO;2025-11-30;Títulos de Crédito Privado;Nota Promissória/ Commercial Paper/ Export Note;N;Para negociação;;;;;200.000000;136251.87;;;PJ;52.311.289/0001-63;MARCHESAN IMPLEMENTOSD MAQ AGRICOLA;2027-03-03;S;DI1;DI de um dia;100.000000;4.500000;;S;N;
CLASSES - FIF;28.877.869/0001-38;QUATA RWM PLUS FUNDO INVESTIMENTO RENDA FIXA CREDITO PRIVADO;2025-11-30;Títulos de Crédito Privado;Nota Promissória/ Commercial Paper/ Export Note;N;Para negociação;;;;;1164.000000;277886.26;;;PJ;47.333.539/0001-26;Ind.Ceramica Fragnani Ltda;2027-03-29;S;DI1;DI de um dia;100.000000;5.500000;;S;N;
CLASSES - FIF;28.877.869/0001-38;QUATA RWM PLUS FUNDO INVESTIMENTO RENDA FIXA CREDITO PRIVADO;2025-11-30;Títulos de Crédito Privado;Nota Promissória/ Commercial Paper/ Export Note;N;Para negociação;;;;;107.000000;56529.99;;;PJ;06.088.741/0001-52;VALE GRANDE IND. E COM. ALI. SA;2027-04-01;S;DI1;DI de um dia;100.000000;5.745614;;S;N;
CLASSES - FIF;28.877.869/0001-38;QUATA RWM PLUS FUNDO INVESTIMENTO RENDA FIXA CREDITO PRIVADO;2025-11-30;Títulos de Crédito Privado;Nota Promissória/ Commercial Paper/ Export Note;N;Para negociação;;;;;273.000000;144230.72;;;PJ;06.088.741/0001-52;VALE GRANDE IND. E COM. ALI. SA;2027-04-01;S;DI1;DI de um dia;100.000000;5.699999;;S;N;
CLASSES - FIF;28.877.869/0001-38;QUATA RWM PLUS FUNDO INVESTIMENTO RENDA FIXA CREDITO PRIVADO;2025-11-30;Títulos de Crédito Privado;Nota Promissória/ Commercial Paper/ Export Note;N;Para negociação;;;;;548.000000;289518.07;;;PJ;06.088.741/0001-52;VALE GRANDE IND. E COM. ALI. SA;2027-04-01;S;DI1;DI de um dia;100.000000;5.700000;;S;N;
CLASSES - FIF;28.877.869/0001-38;QUATA RWM PLUS FUNDO INVESTIMENTO RENDA FIXA CREDITO PRIVADO;2025-11-30;Títulos de Crédito Privado;Nota Promissória/ Commercial Paper/ Export Note;N;Para negociação;;;;;149.000000;97011.44;;;PJ;52.645.009/0001-53;FRIGOESTRELA SA;2027-05-31;S;DI1;DI de um dia;100.000000;5.750000;;S;N;
CLASSES - FIF;28.877.869/0001-38;QUATA RWM PLUS FUNDO INVESTIMENTO RENDA FIXA CREDITO PRIVADO;2025-11-30;Títulos de Crédito Privado;Nota Promissória/ Commercial Paper/ Export Note;N;Para negociação;;;;;815.000000;530633.04;;;PJ;52.645.009/0001-53;FRIGOESTRELA SA;2027-05-31;S;DI1;DI de um dia;100.000000;5.755559;;S;N;
CLASSES - FIF;28.877.869/0001-38;QUATA RWM PLUS FUNDO INVESTIMENTO RENDA FIXA CREDITO PRIVADO;2025-11-30;Títulos de Crédito Privado;Nota Promissória/ Commercial Paper/ Export Note;N;Para negociação;;;;;500.000000;336399.24;;;PJ;75.444.430/0001-00;DACALDA ACUCAR E ALCOOL;2027-11-02;S;DI1;DI de um dia;100.000000;5.700705;;S;N;
CLASSES - FIF;28.877.869/0001-38;QUATA RWM PLUS FUNDO INVESTIMENTO RENDA FIXA CREDITO PRIVADO;2025-11-30;Títulos de Crédito Privado;Nota Promissória/ Commercial Paper/ Export Note;N;Para negociação;;;;;1245.000000;688070.41;;;PJ;17.245.234/0001-00;CIA FIACAO TEC CEDRO E CACHOEIRA;2027-05-24;S;DI1;DI de um dia;100.000000;6.120598;;S;N;
CLASSES - FIF;28.877.869/0001-38;QUATA RWM PLUS FUNDO INVESTIMENTO RENDA FIXA CREDITO PRIVADO;2025-11-30;Títulos ligados ao agronegócio;NCA;N;Para negociação;;;;;123.000000;123220.68;;;PJ;60.957.784/0001-72;DELLA VIA PNEUS;2026-05-26;N;;;;;25.340099;S;N;
CLASSES - FIF;28.877.869/0001-38;QUATA RWM PLUS FUNDO INVESTIMENTO RENDA FIXA CREDITO PRIVADO;2025-11-30;Títulos ligados ao agronegócio;NCA;N;Para negociação;;;;;222.000000;157699.92;;;PJ;04.821.041/0001-08;METALFRIO SOLUT;2028-03-23;S;DI1;DI de um dia;100.000000;6.071308;;S;N;
CLASSES - FIF;28.877.869/0001-38;QUATA RWM PLUS FUNDO INVESTIMENTO RENDA FIXA CREDITO PRIVADO;2025-11-30;Títulos ligados ao agronegócio;NCA;N;Para negociação;;;;;554.000000;31361.56;;;PJ;04.562.559/0001-66;CIA NAVEGA AMAZ;2025-12-01;S;DI1;DI de um dia;100.000000;8.000000;;S;N;
CLASSES - FIF;28.877.869/0001-38;QUATA RWM PLUS FUNDO INVESTIMENTO RENDA FIXA CREDITO PRIVADO;2025-11-30;Títulos ligados ao agronegócio;NCA;N;Para negociação;;;;;400.000000;33860.11;;;PJ;04.562.559/0001-66;CIA NAVEGA AMAZ;2025-12-01;N;;;;;19.986599;S;N;
CLASSES - FIF;28.877.869/0001-38;QUATA RWM PLUS FUNDO INVESTIMENTO RENDA FIXA CREDITO PRIVADO;2025-11-30;Títulos ligados ao agronegócio;NCA;N;Para negociação;;;;;890.000000;100488.94;;;PJ;10.635.691/0001-53;VIA RONDON CONC;2025-12-01;S;DI1;DI de um dia;100.000000;4.999999;;S;N;
CLASSES - FIF;28.877.869/0001-38;QUATA RWM PLUS FUNDO INVESTIMENTO RENDA FIXA CREDITO PRIVADO;2025-11-30;Títulos ligados ao agronegócio;NCA;N;Para negociação;;;;;354.000000;89624.39;;;PJ;58.731.662/0001-11;Ri Happy Brinqu;2025-12-10;S;DI1;DI de um dia;100.000000;7.219510;;S;N;
CLASSES - FIF;28.877.869/0001-38;QUATA RWM PLUS FUNDO INVESTIMENTO RENDA FIXA CREDITO PRIVADO;2025-11-30;Títulos ligados ao agronegócio;NCA;N;Para negociação;;;;;160.000000;160377.99;;;PJ;01.261.681/0001-04;WHB AUTOMOTIVE;2026-04-24;N;;;;;31.694549;S;N;
CLASSES - FIF;28.877.869/0001-38;QUATA RWM PLUS FUNDO INVESTIMENTO RENDA FIXA CREDITO PRIVADO;2025-11-30;Títulos ligados ao agronegócio;NCA;N;Para negociação;;;;;725.000000;725545.44;;;PJ;45.017.632/0001-04;IZVQ FARM FOODS;2026-04-27;S;DI1;DI de um dia;100.000000;7.500000;;S;N;
CLASSES - FIF;28.877.869/0001-38;QUATA RWM PLUS FUNDO INVESTIMENTO RENDA FIXA CREDITO PRIVADO;2025-11-30;Títulos ligados ao agronegócio;NCA;N;Para negociação;;;;;880.000000;368606.57;;;PJ;30.779.649/0001-13;HOSPITAL E MAT;2026-04-28;S;DI1;DI de um dia;100.000000;4.489349;;S;N;
CLASSES - FIF;28.877.869/0001-38;QUATA RWM PLUS FUNDO INVESTIMENTO RENDA FIXA CREDITO PRIVADO;2025-11-30;Títulos ligados ao agronegócio;NCA;N;Para negociação;;;;;680.000000;245391.10;;;PJ;50.564.053/0001-03;BOMBRIL S/A;2026-06-10;S;DI1;DI de um dia;100.000000;4.769482;;S;N;
CLASSES - FIF;28.877.869/0001-38;QUATA RWM PLUS FUNDO INVESTIMENTO RENDA FIXA CREDITO PRIVADO;2025-11-30;Títulos ligados ao agronegócio;NCA;N;Para negociação;;;;;780.000000;308007.14;;;PJ;41.246.890/0001-01;RENTAL PART;2026-06-22;S;DI1;DI de um dia;100.000000;4.999999;;S;N;
CLASSES - FIF;28.877.869/0001-38;QUATA RWM PLUS FUNDO INVESTIMENTO RENDA FIXA CREDITO PRIVADO;2025-11-30;Títulos ligados ao agronegócio;NCA;N;Para negociação;;;;;1030.000000;560712.40;;;PJ;01.928.075/0001-08;DMA DISTRIBUIDO;2026-07-09;S;DI1;DI de um dia;100.000000;4.999537;;S;N;
CLASSES - FIF;28.877.869/0001-38;QUATA RWM PLUS FUNDO INVESTIMENTO RENDA FIXA CREDITO PRIVADO;2025-11-30;Títulos ligados ao agronegócio;NCA;N;Para negociação;;;;;440.000000;171305.69;;;PJ;47.383.971/0001-21;PLANOVA PLANEJA;2026-07-13;S;DI1;DI de um dia;100.000000;6.056142;;N;N;
CLASSES - FIF;28.877.869/0001-38;QUATA RWM PLUS FUNDO INVESTIMENTO RENDA FIXA CREDITO PRIVADO;2025-11-30;Títulos ligados ao agronegócio;NCA;N;Para negociação;;;;;1105.000000;1104436.37;;;PJ;82.069.113/0001-08;DISTRIBUIDORA P;2026-07-27;S;DI1;DI de um dia;100.000000;7.199994;;S;N;
CLASSES - FIF;28.877.869/0001-38;QUATA RWM PLUS FUNDO INVESTIMENTO RENDA FIXA CREDITO PRIVADO;2025-11-30;Títulos ligados ao agronegócio;NCA;N;Para negociação;;;;;500.000000;254354.85;;;PJ;03.852.459/0001-01;EGTC INFRA;2026-07-31;S;DI1;DI de um dia;100.000000;5.045259;;N;N;
CLASSES - FIF;28.877.869/0001-38;QUATA RWM PLUS FUNDO INVESTIMENTO RENDA FIXA CREDITO PRIVADO;2025-11-30;Títulos ligados ao agronegócio;NCA;N;Para negociação;;;;;1362.000000;1377814.06;;;PJ;61.189.288/0001-89;MARISA LOJAS S.;2026-09-17;S;DI1;DI de um dia;100.000000;8.499999;;S;N;
CLASSES - FIF;28.877.869/0001-38;QUATA RWM PLUS FUNDO INVESTIMENTO RENDA FIXA CREDITO PRIVADO;2025-11-30;Títulos ligados ao agronegócio;NCA;N;Para negociação;;;;;390.000000;185310.16;;;PJ;50.564.053/0001-03;BOMBRIL S/A;2026-09-25;S;DI1;DI de um dia;100.000000;5.486680;;S;N;
CLASSES - FIF;28.877.869/0001-38;QUATA RWM PLUS FUNDO INVESTIMENTO RENDA FIXA CREDITO PRIVADO;2025-11-30;Títulos ligados ao agronegócio;NCA;N;Para negociação;;;;;741.000000;249834.60;;;PJ;46.955.383/0001-52;QI DTVM;2026-09-28;S;DI1;DI de um dia;100.000000;4.996246;;S;N;
CLASSES - FIF;28.877.869/0001-38;QUATA RWM PLUS FUNDO INVESTIMENTO RENDA FIXA CREDITO PRIVADO;2025-11-30;Títulos ligados ao agronegócio;NCA;N;Para negociação;;;;;396.000000;134593.48;;;PJ;02.536.066/0001-26;VITAL ENGENHARI;2026-09-28;S;DI1;DI de um dia;100.000000;4.996546;;S;N;
CLASSES - FIF;28.877.869/0001-38;QUATA RWM PLUS FUNDO INVESTIMENTO RENDA FIXA CREDITO PRIVADO;2025-11-30;Títulos ligados ao agronegócio;NCA;N;Para negociação;;;;;312.000000;318452.80;;;PJ;04.931.019/0001-02;Brasbunker Par;2026-09-28;S;DI1;DI de um dia;100.000000;9.542647;;S;N;
CLASSES - FIF;28.877.869/0001-38;QUATA RWM PLUS FUNDO INVESTIMENTO RENDA FIXA CREDITO PRIVADO;2025-11-30;Títulos ligados ao agronegócio;NCA;N;Para negociação;;;;;863.000000;877635.90;;;PJ;14.947.900/0001-55;RURAL BRASIL LT;2026-10-28;S;DI1;DI de um dia;100.000000;8.500000;;S;N;
CLASSES - FIF;28.877.869/0001-38;QUATA RWM PLUS FUNDO INVESTIMENTO RENDA FIXA CREDITO PRIVADO;2025-11-30;Títulos ligados ao agronegócio;NCA;N;Para negociação;;;;;542.000000;546640.25;;;PJ;12.718.011/0001-90;CENTRAL AÇUCARE;2026-11-13;S;DI1;DI de um dia;100.000000;7.500003;;S;N;
CLASSES - FIF;28.877.869/0001-38;QUATA RWM PLUS FUNDO INVESTIMENTO RENDA FIXA CREDITO PRIVADO;2025-11-30;Títulos ligados ao agronegócio;NCA;N;Para negociação;;;;;555.000000;251955.68;;;PJ;13.284.642/0001-01;NOVACKI INDUSTR;2026-11-16;S;DI1;DI de um dia;100.000000;60.848244;;S;N;
CLASSES - FIF;28.877.869/0001-38;QUATA RWM PLUS FUNDO INVESTIMENTO RENDA FIXA CREDITO PRIVADO;2025-11-30;Títulos ligados ao agronegócio;NCA;N;Para negociação;;;;;800.000000;456563.95;;;PJ;05.651.966/0001-02;DCENTER DISTRIB;2026-11-19;S;DI1;DI de um dia;100.000000;6.500000;;N;N;
CLASSES - FIF;28.877.869/0001-38;QUATA RWM PLUS FUNDO INVESTIMENTO RENDA FIXA CREDITO PRIVADO;2025-11-30;Títulos ligados ao agronegócio;NCA;N;Para negociação;;;;;400.000000;230024.36;;;PJ;13.284.642/0001-01;NOVACKI INDUSTR;2026-11-23;S;DI1;DI de um dia;100.000000;6.999999;;S;N;
CLASSES - FIF;28.877.869/0001-38;QUATA RWM PLUS FUNDO INVESTIMENTO RENDA FIXA CREDITO PRIVADO;2025-11-30;Títulos ligados ao agronegócio;NCA;N;Para negociação;;;;;355.000000;222022.62;;;PJ;46.955.383/0001-52;QI DTVM;2026-12-21;S;DI1;DI de um dia;100.000000;7.996091;;S;N;
CLASSES - FIF;28.877.869/0001-38;QUATA RWM PLUS FUNDO INVESTIMENTO RENDA FIXA CREDITO PRIVADO;2025-11-30;Títulos ligados ao agronegócio;NCA;N;Para negociação;;;;;355.000000;338987.61;;;PJ;06.085.164/0001-45;RESOLV VIGILANC;2027-04-19;S;DI1;DI de um dia;100.000000;5.999989;;S;N;
CLASSES - FIF;28.877.869/0001-38;QUATA RWM PLUS FUNDO INVESTIMENTO RENDA FIXA CREDITO PRIVADO;2025-11-30;Títulos ligados ao agronegócio;NCA;N;Para negociação;;;;;371.000000;356136.06;;;PJ;55.577.977/0001-68;ORTOCITY - SERV;2027-04-26;S;DI1;DI de um dia;100.000000;5.949937;;S;N;
CLASSES - FIF;28.877.869/0001-38;QUATA RWM PLUS FUNDO INVESTIMENTO RENDA FIXA CREDITO PRIVADO;2025-11-30;Títulos ligados ao agronegócio;NCA;N;Para negociação;;;;;925.000000;823676.83;;;PJ;04.562.559/0001-66;CIA NAVEGA AMAZ;2027-04-30;S;DI1;DI de um dia;100.000000;6.499988;;S;N;
CLASSES - FIF;28.877.869/0001-38;QUATA RWM PLUS FUNDO INVESTIMENTO RENDA FIXA CREDITO PRIVADO;2025-11-30;Títulos ligados ao agronegócio;NCA;N;Para negociação;;;;;219.000000;220917.65;;;PJ;09.262.835/0001-94;COLEGIO DA VINC;2027-05-13;S;DI1;DI de um dia;100.000000;8.000004;;S;N;
CLASSES - FIF;28.877.869/0001-38;QUATA RWM PLUS FUNDO INVESTIMENTO RENDA FIXA CREDITO PRIVADO;2025-11-30;Títulos ligados ao agronegócio;NCA;N;Para negociação;;;;;193.000000;193549.21;;;PJ;08.736.011/0001-46;GRAN COFFEE COM;2027-05-24;S;DI1;DI de um dia;100.000000;5.899999;;S;N;
CLASSES - FIF;28.877.869/0001-38;QUATA RWM PLUS FUNDO INVESTIMENTO RENDA FIXA CREDITO PRIVADO;2025-11-30;Títulos ligados ao agronegócio;NCA;N;Para negociação;;;;;738.000000;748217.66;;;PJ;02.156.313/0001-69;Construtora Cen;2027-06-28;S;DI1;DI de um dia;100.000000;5.999990;;S;N;
CLASSES - FIF;28.877.869/0001-38;QUATA RWM PLUS FUNDO INVESTIMENTO RENDA FIXA CREDITO PRIVADO;2025-11-30;Títulos ligados ao agronegócio;NCA;N;Para negociação;;;;;213.000000;215949.00;;;PJ;02.156.313/0001-69;Construtora Cen;2027-06-28;S;DI1;DI de um dia;100.000000;5.999988;;S;N;
CLASSES - FIF;28.877.869/0001-38;QUATA RWM PLUS FUNDO INVESTIMENTO RENDA FIXA CREDITO PRIVADO;2025-11-30;Títulos ligados ao agronegócio;NCA;N;Para negociação;;;;;325.000000;332099.82;;;PJ;19.826.203/0001-60;Lions Pre-owned;2027-07-28;S;DI1;DI de um dia;100.000000;6.999999;;S;N;
CLASSES - FIF;28.877.869/0001-38;QUATA RWM PLUS FUNDO INVESTIMENTO RENDA FIXA CREDITO PRIVADO;2025-11-30;Títulos ligados ao agronegócio;NCA;N;Para negociação;;;;;386.000000;387783.24;;;PJ;61.550.497/0001-06;CETENCO ENGENHA;2027-10-20;S;DI1;DI de um dia;100.000000;9.999987;;S;N;
CLASSES - FIF;28.877.869/0001-38;QUATA RWM PLUS FUNDO INVESTIMENTO RENDA FIXA CREDITO PRIVADO;2025-11-30;Títulos ligados ao agronegócio;NCA;N;Para negociação;;;;;602.000000;602000.00;;;PJ;34.771.518/0001-40;INNOVAPHARMA BR;2027-10-28;S;DI1;DI de um dia;100.000000;6.999999;;S;N;
CLASSES - FIF;28.877.869/0001-38;QUATA RWM PLUS FUNDO INVESTIMENTO RENDA FIXA CREDITO PRIVADO;2025-11-30;Títulos ligados ao agronegócio;NCA;N;Para negociação;;;;;1132.000000;1149363.47;;;PJ;02.456.955/0001-83;NATULAB LABORAT;2028-01-28;S;DI1;DI de um dia;100.000000;5.850000;;S;N;
CLASSES - FIF;28.877.869/0001-38;QUATA RWM PLUS FUNDO INVESTIMENTO RENDA FIXA CREDITO PRIVADO;2025-11-30;Títulos ligados ao agronegócio;NCA;N;Para negociação;;;;;814.000000;724380.19;;;PJ;31.787.927/0001-47;BREW COMPANY PA;2028-03-13;S;DI1;DI de um dia;100.000000;5.849375;;S;N;
CLASSES - FIF;28.877.869/0001-38;QUATA RWM PLUS FUNDO INVESTIMENTO RENDA FIXA CREDITO PRIVADO;2025-11-30;Títulos ligados ao agronegócio;NCA;N;Para negociação;;;;;1500.000000;1115633.38;;;PJ;04.821.041/0001-08;METALFRIO SOLUT;2028-03-23;S;DI1;DI de um dia;100.000000;5.617651;;N;N;
CLASSES - FIF;28.877.869/0001-38;QUATA RWM PLUS FUNDO INVESTIMENTO RENDA FIXA CREDITO PRIVADO;2025-11-30;Títulos ligados ao agronegócio;NCA;N;Para negociação;;;;;519.000000;517309.67;;;PJ;04.821.041/0001-08;METALFRIO SOLUT;2028-03-23;S;DI1;DI de um dia;100.000000;6.499996;;S;N;
CLASSES - FIF;28.877.869/0001-38;QUATA RWM PLUS FUNDO INVESTIMENTO RENDA FIXA CREDITO PRIVADO;2025-11-30;Títulos ligados ao agronegócio;NCA;N;Para negociação;;;;;1920.000000;1945078.84;;;PJ;07.278.350/0001-63;SS COM DE COSME;2028-07-28;S;DI1;DI de um dia;100.000000;4.779793;;S;N;
CLASSES - FIF;28.877.869/0001-38;QUATA RWM PLUS FUNDO INVESTIMENTO RENDA FIXA CREDITO PRIVADO;2025-11-30;Títulos ligados ao agronegócio;NCA;N;Para negociação;;;;;1473.000000;660721.77;;;PJ;33.412.792/0001-60;ALYA CONSTRUTOR;2028-10-09;S;DI1;DI de um dia;100.000000;6.261789;;S;N;
CLASSES - FIF;28.877.869/0001-38;QUATA RWM PLUS FUNDO INVESTIMENTO RENDA FIXA CREDITO PRIVADO;2025-11-30;Títulos ligados ao agronegócio;NCA;N;Para negociação;;;;;52.000000;27213.44;;;PJ;33.412.792/0001-60;ALYA CONSTRUTOR;2028-10-09;S;DI1;DI de um dia;100.000000;6.028631;;N;N;
CLASSES - FIF;28.877.869/0001-38;QUATA RWM PLUS FUNDO INVESTIMENTO RENDA FIXA CREDITO PRIVADO;2025-11-30;Títulos ligados ao agronegócio;NCA;N;Para negociação;;;;;636.000000;643020.22;;;PJ;33.412.792/0001-60;ALYA CONSTRUTOR;2028-10-09;S;DI1;DI de um dia;100.000000;5.749992;;N;N;
CLASSES - FIF;29.196.718/0001-87;ITAÚ WEALTH IQ MASTER RENDA FIXA REFERENCIADO DI FIF RESP LIMITADA;2025-11-30;Debêntures;Debênture simples;N;Para negociação;;;;;3378.000000;3395631.76;;;PJ;43.776.517/0001-80;CIA SANEAMENTO BASICO EST SAO PAULO;2032-11-14;S;DI1;DI de um dia;100.000000;0.690000;;S;N;
CLASSES - FIF;29.242.761/0001-31;M8 HIGH YIELD FUNDO DE INVESTIMENTO MULTIMERCADO CRÉDITO PRIVADO;2025-11-30;Debêntures;Debênture simples;N;Para negociação;;;;;558.000000;222665.23;;;PJ;24.396.489/0001-20;BRK AMBIENTAL;2027-04-15;S;DI1;DI de um dia;100.000000;1.308670;;S;N;
CLASSES - FIF;29.242.761/0001-31;M8 HIGH YIELD FUNDO DE INVESTIMENTO MULTIMERCADO CRÉDITO PRIVADO;2025-11-30;Debêntures;Debênture simples;N;Para negociação;;;;;1050.000000;1061756.60;;;PJ;24.396.489/0001-20;BRK AMBIENTAL;2030-10-15;S;DI1;DI de um dia;100.000000;1.900000;;S;N;
CLASSES - FIF;29.259.723/0001-91;ITAÚ FLEXPREV HIGH YIELD FIF RF CRED PRIV - RESP LIMITADA;2025-11-30;Títulos ligados ao agronegócio;CRA;N;Para negociação;;;;;99.000000;113294.69;;;PJ;12.130.744/0001-00;TRUE SECURITIZADORA S.A.;2030-06-17;S;IAP;Índice de Preços ao Consumidor Amplo (IPCA/IBGE);100.000000;5.800000;;S;N;
CLASSES - FIF;29.259.723/0001-91;ITAÚ FLEXPREV HIGH YIELD FIF RF CRED PRIV - RESP LIMITADA;2025-11-30;Títulos ligados ao agronegócio;CRA;N;Para negociação;;;;;90.000000;127647.05;;;PJ;02.773.542/0001-22;OPEA SECURITIZADORA S.A.;2026-03-16;S;IAP;Índice de Preços ao Consumidor Amplo (IPCA/IBGE);100.000000;4.040000;;S;N;
CLASSES - FIF;29.259.723/0001-91;ITAÚ FLEXPREV HIGH YIELD FIF RF CRED PRIV - RESP LIMITADA;2025-11-30;Títulos ligados ao agronegócio;CRA;N;Para negociação;;;;;124.000000;142860.73;;;PJ;12.130.744/0001-00;TRUE SECURITIZADORA S.A.;2029-07-16;S;IAP;Índice de Preços ao Consumidor Amplo (IPCA/IBGE);100.000000;3.602000;;S;N;
CLASSES - FIF;29.259.723/0001-91;ITAÚ FLEXPREV HIGH YIELD FIF RF CRED PRIV - RESP LIMITADA;2025-11-30;Títulos ligados ao agronegócio;CRA;N;Para negociação;;;;;34.000000;28197.49;;;PJ;12.130.744/0001-00;TRUE SECURITIZADORA S.A.;2030-10-15;S;OUT;OUTROS;100.000000;6.008100;;S;N;
CLASSES - FIF;29.259.723/0001-91;ITAÚ FLEXPREV HIGH YIELD FIF RF CRED PRIV - RESP LIMITADA;2025-11-30;Títulos ligados ao agronegócio;CRA;N;Para negociação;;;;;5.000000;4461.85;;;PJ;12.130.744/0001-00;TRUE SECURITIZADORA S.A.;2032-08-15;S;OUT;OUTROS;100.000000;6.588500;;S;N;
CLASSES - FIF;29.275.394/0001-72;UBS SUPRASSUMO FUNDO DE INVESTIMENTO FINANCEIRO - AÇÕES RESPONSABILIDADE LIMITADA;2025-11-30;Títulos ligados ao agronegócio;CPR;N;Para negociação;;;;;1.000000;1436036.37;;;PJ;12.006.181/0001-42;ALIANCA AGRICOLA DO CERRADO S.A.;2026-12-15;S;DI1;DI de um dia;100.000000;6.500000;;S;N;
CLASSES - FIF;29.720.568/0001-69;R CAPITAL PRISMA FUNDO DE INVESTIMENTO FINANCEIRO MULTIMERCADO CP INVESTIMENTO NO EXTERIOR;2025-11-30;Títulos de Crédito Privado;CCB;N;Para negociação;0.000000;0.00;0.000000;0.00;1.000000;3453923.91;;;PJ;23.419.923/0001-88;Circuito de compras;2027-02-09;S;OUT;OUTROS;100.000000;0.000000;;S;N;
CLASSES - FIF;29.720.568/0001-69;R CAPITAL PRISMA FUNDO DE INVESTIMENTO FINANCEIRO MULTIMERCADO CP INVESTIMENTO NO EXTERIOR;2025-11-30;Títulos de Crédito Privado;CCB;N;Para negociação;0.000000;0.00;0.000000;0.00;1.000000;34539652.29;;;PJ;23.419.923/0001-88;Circuito de compras;2027-02-09;N;;;;;0.000000;S;N;
CLASSES - FIF;29.720.568/0001-69;R CAPITAL PRISMA FUNDO DE INVESTIMENTO FINANCEIRO MULTIMERCADO CP INVESTIMENTO NO EXTERIOR;2025-11-30;Títulos de Crédito Privado;CCB;N;Para negociação;0.000000;0.00;0.000000;0.00;1.000000;10590649.88;;;PJ;23.419.923/0001-88;GPK S.A. - EM RJ;2031-10-28;S;OUT;OUTROS;100.000000;;;S;N;
CLASSES - FIF;29.722.489/0001-97;G5 EVOLVE FIF - CLASSE DE INVESTIMENTO MULTIMERCADO CRÉDITO PRIVADO - RESPONSABILIDADE LIMITADA;2025-11-30;Títulos ligados ao agronegócio;CRA;N;Para negociação;;;;;115.000000;14494.65;;;PJ;10.753.164/0001-43;ECO SECURITIZAD;2025-12-15;S;DI1;DI de um dia;100.000000;9.005322;;S;N;
CLASSES - FIF;29.909.331/0001-20;INFINITU FUNDO DE INVESTIMENTO FINANCEIRO;2025-11-30;Títulos de Crédito Privado;CCB;N;Mantido até o vencimento;0.000000;0.00;0.000000;0.00;1.000000;1112188.13;;;PJ;09.478.309/0001-66;BRASIL BIO FUELS S.A.;2027-05-17;S;DI1;DI de um dia;100.000000;6.170000;;N;N;
CLASSES - FIF;30.282.464/0001-07;JOULE APADMA FUNDO DE INVESTIMENTO MULTIMERCADO;2025-11-30;Debêntures;Debênture simples;N;Para negociação;;;;;790.000000;125187.92;;;PJ;12.528.708/0001-07;AERIS INSDUSTRI;2030-03-30;S;DI1;DI de um dia;100.000000;2.000000;;S;N;
CLASSES - FIF;30.330.483/0001-53;MBPREV IV RENDA FIXA FUNDO DE INVESTIMENTO FINANCEIRO RESPONSABILIDADE LIMITADA;2025-11-30;Debêntures;Debênture simples;N;Para negociação;;;;;737.000000;740846.83;;;PJ;43.776.517/0001-80;CIA SANEAMENTO BASICO EST SAO PAULO;2032-11-14;S;DI1;DI de um dia;100.000000;0.690000;;S;N;
CLASSES - FIF;30.338.831/0001-39;XPA VERTICE CRÉDITO FUNDO DE INVESTIMENTO MULTIMERCADO CRÉDITO PRIVADO;2025-11-30;Títulos ligados ao agronegócio;CRA;N;Para negociação;0.000000;0.00;0.000000;0.00;1000.000000;463062.88;;;PJ;08.769.451/0001-08;VIRGOCOMPANHIADESECURITIZAÇÃO;2026-12-15;S;IAP;Índice de Preços ao Consumidor Amplo (IPCA/IBGE);100.000000;0.000000;;S;N;
CLASSES - FIF;30.338.838/0001-50;CAPITÂNIA CREDPREVIDÊNCIA MÁSTER FI FINANCEIRO RENDA FIXA CRÉDITO PRIVADO RESP LTDA;2025-11-30;Debêntures;Debênture simples;N;Para negociação;;;;;12719.000000;11928239.38;;;PJ;26.609.050/0001-64;TRAVESSIA SECURITIZADORA SA;2036-11-19;S;IAP;Índice de Preços ao Consumidor Amplo (IPCA/IBGE);100.000000;8.620056;;S;N;
CLASSES - FIF;30.338.838/0001-50;CAPITÂNIA CREDPREVIDÊNCIA MÁSTER FI FINANCEIRO RENDA FIXA CRÉDITO PRIVADO RESP LTDA;2025-11-30;Títulos de Crédito Privado;Nota Promissória/ Commercial Paper/ Export Note;N;Para negociação;;;;;1489.000000;1606357.66;;;PJ;33.000.167/0001-01;PETROLEO BRASILEIRO;2032-08-25;S;DI1;DI de um dia;100.000000;1.561237;;S;N;
CLASSES - FIF;30.338.838/0001-50;CAPITÂNIA CREDPREVIDÊNCIA MÁSTER FI FINANCEIRO RENDA FIXA CRÉDITO PRIVADO RESP LTDA;2025-11-30;Títulos de Crédito Privado;Nota Promissória/ Commercial Paper/ Export Note;N;Para negociação;;;;;1763.000000;1901953.36;;;PJ;33.000.167/0001-01;PETROLEO BRASILEIRO;2032-08-25;S;DI1;DI de um dia;100.000000;1.952941;;S;N;
CLASSES - FIF;30.353.549/0001-20;AUGME PRO CLASSE DE INVESTIMENTO MULTIMERCADO CRÉDITO PRIVADO - RESP LIMITADA;2025-11-30;Títulos de Crédito Privado;CCB;N;Para negociação;0.000000;0.00;0.000000;0.00;1.000000;907432.71;;;PJ;11.581.339/0001-45;BMP CREDITO;2034-12-15;S;IAP;Índice de Preços ao Consumidor Amplo (IPCA/IBGE);100.000000;13.190144;;S;N;
CLASSES - FIF;30.353.549/0001-20;AUGME PRO CLASSE DE INVESTIMENTO MULTIMERCADO CRÉDITO PRIVADO - RESP LIMITADA;2025-11-30;Títulos de Crédito Privado;Nota Promissória/ Commercial Paper/ Export Note;N;Para negociação;0.000000;0.00;0.000000;0.00;621.000000;393382.55;;;PJ;35.237.331/0001-24;MOTTU LOCACAO D;2027-02-14;S;DI1;DI de um dia;100.000000;6.408959;;S;N;
CLASSES - FIF;30.353.549/0001-20;AUGME PRO CLASSE DE INVESTIMENTO MULTIMERCADO CRÉDITO PRIVADO - RESP LIMITADA;2025-11-30;Títulos de Crédito Privado;Nota Promissória/ Commercial Paper/ Export Note;N;Para negociação;0.000000;0.00;0.000000;0.00;613.000000;519110.24;;;PJ;23.009.600/0001-16;3L LOCAÇÕES E S;2028-04-29;S;DI1;DI de um dia;100.000000;5.039378;;S;N;
CLASSES - FIF;30.353.549/0001-20;AUGME PRO CLASSE DE INVESTIMENTO MULTIMERCADO CRÉDITO PRIVADO - RESP LIMITADA;2025-11-30;Títulos de Crédito Privado;Nota Promissória/ Commercial Paper/ Export Note;N;Para negociação;0.000000;0.00;0.000000;0.00;451.000000;387906.83;;;PJ;23.599.885/0001-92;PLUGIFY TECNOLO;2029-08-15;S;DI1;DI de um dia;100.000000;4.499999;;S;N;
CLASSES - FIF;30.353.549/0001-20;AUGME PRO CLASSE DE INVESTIMENTO MULTIMERCADO CRÉDITO PRIVADO - RESP LIMITADA;2025-11-30;Títulos de Crédito Privado;Nota Promissória/ Commercial Paper/ Export Note;N;Para negociação;0.000000;0.00;0.000000;0.00;382.000000;384551.53;;;PJ;07.358.108/0001-08;EVEO SA;2030-02-20;S;DI1;DI de um dia;100.000000;6.509854;;S;N;
CLASSES - FIF;30.353.549/0001-20;AUGME PRO CLASSE DE INVESTIMENTO MULTIMERCADO CRÉDITO PRIVADO - RESP LIMITADA;2025-11-30;Títulos de Crédito Privado;Nota Promissória/ Commercial Paper/ Export Note;N;Para negociação;0.000000;0.00;0.000000;0.00;55.000000;52504.61;;;PJ;23.599.885/0001-92;PLUGIFY TECNOLO;2030-05-21;S;DI1;DI de um dia;100.000000;4.499999;;S;N;
CLASSES - FIF;30.353.549/0001-20;AUGME PRO CLASSE DE INVESTIMENTO MULTIMERCADO CRÉDITO PRIVADO - RESP LIMITADA;2025-11-30;Títulos de Crédito Privado;Nota Promissória/ Commercial Paper/ Export Note;N;Para negociação;0.000000;0.00;0.000000;0.00;63470.000000;56134.28;;;PJ;55.512.223/0001-20;SAN VICENTE EMP;2030-12-12;S;IAP;Índice de Preços ao Consumidor Amplo (IPCA/IBGE);100.000000;9.186642;;S;N;
CLASSES - FIF;30.453.289/0001-65;G5 ALLOCATION FUNDO DE INVESTIMENTO FINANCEIRO MULTIMERCADO;2025-11-30;Debêntures;Debênture simples;N;Para negociação;;;;;3905.000000;3868420.67;;;PJ;06.981.180/0001-16;CEMIG DISTRIBUICAO S.A;2037-10-15;S;IAP;Índice de Preços ao Consumidor Amplo (IPCA/IBGE);100.000000;6.941443;;S;N;
CLASSES - FIF;30.453.289/0001-65;G5 ALLOCATION FUNDO DE INVESTIMENTO FINANCEIRO MULTIMERCADO;2025-11-30;Debêntures;Debênture simples;N;Para negociação;;;;;1184.000000;626924.30;;;PJ;33.000.167/0001-01;PETROLEO BRASILEIRO S A PETROBRAS;2026-01-15;S;DI1;DI de um dia;106.250000;103.524500;;S;N;
CLASSES - FIF;30.453.289/0001-65;G5 ALLOCATION FUNDO DE INVESTIMENTO FINANCEIRO MULTIMERCADO;2025-11-30;Títulos ligados ao agronegócio;CRA;N;Para negociação;;;;;207.000000;293588.21;;;PJ;02.773.542/0001-22;OPEA SECURITIZADORA S.A.;2026-03-16;S;IAP;Índice de Preços ao Consumidor Amplo (IPCA/IBGE);100.000000;4.040000;;S;N;
CLASSES - FIF;30.453.289/0001-65;G5 ALLOCATION FUNDO DE INVESTIMENTO FINANCEIRO MULTIMERCADO;2025-11-30;Títulos ligados ao agronegócio;CRA;N;Para negociação;;;;;166.000000;191249.05;;;PJ;02.773.542/0001-22;OPEA SECURITIZADORA S.A.;2029-07-16;S;IAP;Índice de Preços ao Consumidor Amplo (IPCA/IBGE);100.000000;3.602000;;S;N;
CLASSES - FIF;30.453.289/0001-65;G5 ALLOCATION FUNDO DE INVESTIMENTO FINANCEIRO MULTIMERCADO;2025-11-30;Títulos ligados ao agronegócio;CRA;N;Para negociação;;;;;7270.000000;8319721.03;;;PJ;02.773.542/0001-22;OPEA SECURITIZADORA S.A.;2030-06-17;S;IAP;Índice de Preços ao Consumidor Amplo (IPCA/IBGE);100.000000;5.800000;;S;N;
CLASSES - FIF;30.453.289/0001-65;G5 ALLOCATION FUNDO DE INVESTIMENTO FINANCEIRO MULTIMERCADO;2025-11-30;Títulos ligados ao agronegócio;CRA;N;Para negociação;;;;;211.000000;188290.27;;;PJ;02.773.542/0001-22;OPEA SECURITIZADORA S.A.;2032-08-16;S;IAP;Índice de Preços ao Consumidor Amplo (IPCA/IBGE);100.000000;6.588500;;S;N;
CLASSES - FIF;30.453.289/0001-65;G5 ALLOCATION FUNDO DE INVESTIMENTO FINANCEIRO MULTIMERCADO;2025-11-30;Títulos ligados ao agronegócio;CRA;N;Para negociação;;;;;6348.000000;800588.84;;;PJ;10.753.164/0001-43;ECO SECURITIZADORA DE DIREITOS CREDITORIOS DO AGRO;2025-12-15;S;DI1;DI de um dia;100.000000;9.000000;;S;N;
CLASSES - FIF;30.556.696/0001-06;G5 UCRÂNIA FIF - CLASSE DE INVESTIMENTO MULTIMERCADO CRÉDITO PRIVADO - RESP LIMITADA;2025-11-30;Debêntures;Debênture simples;N;Para negociação;;;;;1000.000000;349406.11;;;PJ;02.773.542/0001-22;Opea Securitiza;2025-12-03;S;DI1;DI de um dia;100.000000;5.849999;;S;N;
CLASSES - FIF;30.568.172/0001-27;AUGME HIGH GRADE FUNDO DE INVESTIMENTO RENDA FIXA;2025-11-30;Debêntures;Debênture simples;N;Para negociação;;;;;84.000000;81459.93;;;PJ;00.242.184/0001-04;ARMAC LOCACAO LOGISTICA E SERVICOS S.A.;2030-11-05;S;DI1;DI de um dia;100.000000;2.650000;;S;N;
CLASSES - FIF;30.568.861/0001-31;AGADIR FUNDO INCENTIVADO DE INVESTIMENTO EM INFRAESTRUTURA RENDA FIXA;2025-11-30;Debêntures;Debênture simples;N;Para negociação;;;;;293.000000;426163.29;;;PJ;33.000.167/0001-01;PETROLEO BRASILEIRO S A PETROBRAS;2026-01-15;S;IAP;Índice de Preços ao Consumidor Amplo (IPCA/IBGE);100.000000;9.108400;;S;N;
CLASSES - FIF;30.593.140/0001-81;ITAÚ FLEXPREV ACTIVE FIX FIF RF CRÉD PRIV - RESP LIMITADA;2025-11-30;Títulos ligados ao agronegócio;CRA;N;Para negociação;;;;;94.000000;107572.73;;;PJ;12.130.744/0001-00;TRUE SECURITIZADORA S.A.;2030-06-17;S;IAP;Índice de Preços ao Consumidor Amplo (IPCA/IBGE);100.000000;5.800000;;S;N;
CLASSES - FIF;30.593.140/0001-81;ITAÚ FLEXPREV ACTIVE FIX FIF RF CRÉD PRIV - RESP LIMITADA;2025-11-30;Títulos ligados ao agronegócio;CRA;N;Para negociação;;;;;85.000000;120555.55;;;PJ;02.773.542/0001-22;OPEA SECURITIZADORA S.A.;2026-03-16;S;IAP;Índice de Preços ao Consumidor Amplo (IPCA/IBGE);100.000000;4.040000;;S;N;
CLASSES - FIF;30.593.140/0001-81;ITAÚ FLEXPREV ACTIVE FIX FIF RF CRÉD PRIV - RESP LIMITADA;2025-11-30;Títulos ligados ao agronegócio;CRA;N;Para negociação;;;;;5.000000;4461.85;;;PJ;12.130.744/0001-00;TRUE SECURITIZADORA S.A.;2032-08-15;S;OUT;OUTROS;100.000000;6.588500;;S;N;
CLASSES - FIF;30.593.140/0001-81;ITAÚ FLEXPREV ACTIVE FIX FIF RF CRÉD PRIV - RESP LIMITADA;2025-11-30;Títulos ligados ao agronegócio;CRA;N;Para negociação;;;;;118.000000;135948.12;;;PJ;12.130.744/0001-00;TRUE SECURITIZADORA S.A.;2029-07-16;S;IAP;Índice de Preços ao Consumidor Amplo (IPCA/IBGE);100.000000;3.602000;;S;N;
CLASSES - FIF;30.593.140/0001-81;ITAÚ FLEXPREV ACTIVE FIX FIF RF CRÉD PRIV - RESP LIMITADA;2025-11-30;Títulos ligados ao agronegócio;CRA;N;Para negociação;;;;;32.000000;26538.82;;;PJ;12.130.744/0001-00;TRUE SECURITIZADORA S.A.;2030-10-15;S;OUT;OUTROS;100.000000;6.008100;;S;N;
CLASSES - FIF;30.618.302/0001-99;BB COMPARTILHADO FUNDO DE INVESTIMENTO FINANCEIRO RENDA FIXA CRÉDITO PRIVADO LP RESP LIMITADA;2025-11-30;Debêntures;Debênture Permutável;N;Para negociação;;;;;512.000000;21299.45;;;PJ;01.599.101/0001-93;SEQUOIA LOGÍSTICA E TRANSPORTES S.A.;2025-12-31;S;PRE;Taxa de juro prefixada;100.000000;12.682500;;S;N;
CLASSES - FIF;30.618.457/0001-25;PLURAL DEBÊNTURES INCENTIVADAS HEDGE MASTER FIF RENDA FIXA INVESTIMENTO EM INFRAESTRUTURA - RL;2025-11-30;Debêntures;Debênture simples;N;Para negociação;;;;;239.000000;234793.28;;;PJ;42.276.907/0001-28;VLI MULTIMODAL S.A;2035-10-15;S;IAP;Índice de Preços ao Consumidor Amplo (IPCA/IBGE);100.000000;7.169553;;S;N;
CLASSES - FIF;30.618.457/0001-25;PLURAL DEBÊNTURES INCENTIVADAS HEDGE MASTER FIF RENDA FIXA INVESTIMENTO EM INFRAESTRUTURA - RL;2025-11-30;Debêntures;Debênture simples;N;Para negociação;;;;;286.000000;282682.89;;;PJ;06.981.180/0001-16;CEMIG DISTRIBUIÇÃO S/A;2037-10-15;S;IAP;Índice de Preços ao Consumidor Amplo (IPCA/IBGE);100.000000;7.169628;;S;N;
CLASSES - FIF;30.618.643/0001-64;CSHG TOTH VNA FUNDO DE INVESTIMENTO FINANCEIRO - AÇÕES RESPONSABILIDADE LIMITADA;2025-11-30;Títulos de Crédito Privado;CCB;N;Para negociação;;;;;1.000000;544699.31;;;PJ;30.618.643/0001-64;CSHG TOTH VNA FUNDO DE INVESTIMENTO;2027-08-19;N;;;;;100.000000;N;N;
CLASSES - FIF;30.642.042/0001-97;BARCELOS FUNDO DE INVESTIMENTO MULTIMERCADO CRÉDITO PRIVADO INVESTIMENTO NO EXTERIOR;2025-11-30;Debêntures;Debênture simples;N;Para negociação;;;;;650.000000;646616.86;;;PJ;09.288.252/0001-32;ANIMA HOLDING SA;2029-10-15;S;DI1;DI de um dia;100.000000;1.500000;;S;N;
CLASSES - FIF;30.642.042/0001-97;BARCELOS FUNDO DE INVESTIMENTO MULTIMERCADO CRÉDITO PRIVADO INVESTIMENTO NO EXTERIOR;2025-11-30;Debêntures;Debênture simples;N;Para negociação;;;;;27698.000000;125580.35;;;PJ;60.444.437/0001-46;LIGHT SERVICOS ELETRICIDADE SA;2027-08-31;S;PRE;Taxa de juro prefixada;100.000000;0.000000;;S;N;
CLASSES - FIF;30.642.042/0001-97;BARCELOS FUNDO DE INVESTIMENTO MULTIMERCADO CRÉDITO PRIVADO INVESTIMENTO NO EXTERIOR;2025-11-30;Debêntures;Debênture simples;N;Para negociação;;;;;573.000000;124908.53;;;PJ;01.599.101/0001-93;SEQUOIA LOGÍSTICA E TRANSPORTES S.A.;2027-12-31;S;DI1;DI de um dia;100.000000;0.000000;;S;N;
CLASSES - FIF;30.642.042/0001-97;BARCELOS FUNDO DE INVESTIMENTO MULTIMERCADO CRÉDITO PRIVADO INVESTIMENTO NO EXTERIOR;2025-11-30;Títulos ligados ao agronegócio;CRA;N;Para negociação;;;;;51.000000;26104.18;;;PJ;02.773.542/0001-22;OPEA SECURITIZADORA S.A.;2026-12-17;S;DI1;DI de um dia;100.000000;5.350000;;S;N;
CLASSES - FIF;30.642.042/0001-97;BARCELOS FUNDO DE INVESTIMENTO MULTIMERCADO CRÉDITO PRIVADO INVESTIMENTO NO EXTERIOR;2025-11-30;Títulos ligados ao agronegócio;CRA;N;Para negociação;;;;;303.000000;155089.53;;;PJ;02.773.542/0001-22;OPEA SECURITIZADORA S.A.;2026-12-17;S;DI1;DI de um dia;100.000000;5.350001;;S;N;
CLASSES - FIF;30.982.547/0001-09;MAUA CAPITAL REAL ESTATE DEBT III - FUNDO DE INVESTIMENTO FINANCEIRO MULTIMERCADO;2025-11-30;Títulos de Crédito Privado;CCB;N;Para negociação;;;;;1.000000;533844.45;;;PJ;32.402.502/0001-35;QI SOCIEDADEDE CREDITODIRETO SA;2033-10-20;S;IAP;Índice de Preços ao Consumidor Amplo (IPCA/IBGE);100.000000;18.160000;;S;N;
CLASSES - FIF;30.982.547/0001-09;MAUA CAPITAL REAL ESTATE DEBT III - FUNDO DE INVESTIMENTO FINANCEIRO MULTIMERCADO;2025-11-30;Títulos de Crédito Privado;CCB;N;Para negociação;;;;;1.000000;0.00;;;PJ;32.402.502/0001-35;QI SOCIEDADEDE CREDITODIRETO SA;2052-08-10;S;IAP;Índice de Preços ao Consumidor Amplo (IPCA/IBGE);100.000000;9.511000;;S;N;
CLASSES - FIF;30.982.547/0001-09;MAUA CAPITAL REAL ESTATE DEBT III - FUNDO DE INVESTIMENTO FINANCEIRO MULTIMERCADO;2025-11-30;Títulos de Crédito Privado;CCI;N;Para negociação;;;;;0.000000;0.02;;;PJ;09.304.427/0001-58;HABITASEC SECURITIZADORA S.A.;2030-10-10;S;IAP;Índice de Preços ao Consumidor Amplo (IPCA/IBGE);100.000000;0.000000;;S;N;
CLASSES - FIF;30.982.547/0001-09;MAUA CAPITAL REAL ESTATE DEBT III - FUNDO DE INVESTIMENTO FINANCEIRO MULTIMERCADO;2025-11-30;Títulos de Crédito Privado;CCI;N;Para negociação;;;;;1.000000;891988.88;;;PJ;21.600.602/0001-50;HESA 173 - INVESTIMENTOS IMOBILIARIOS LTDA.;2035-02-28;S;IGM;Índice Geral de Preços-Mercado (IGP-M);100.000000;10.980000;;S;N;
CLASSES - FIF;30.982.547/0001-09;MAUA CAPITAL REAL ESTATE DEBT III - FUNDO DE INVESTIMENTO FINANCEIRO MULTIMERCADO;2025-11-30;Títulos de Crédito Privado;CCI;N;Para negociação;;;;;1.000000;749695.31;;;PJ;13.466.028/0001-60;PALMEIRA EMPREENDIMENTOS IMOBILIARIOS LTDA;2034-03-30;S;IGM;Índice Geral de Preços-Mercado (IGP-M);100.000000;10.980000;;S;N;
CLASSES - FIF;30.982.547/0001-09;MAUA CAPITAL REAL ESTATE DEBT III - FUNDO DE INVESTIMENTO FINANCEIRO MULTIMERCADO;2025-11-30;Títulos de Crédito Privado;CCI;N;Para negociação;;;;;1.000000;82353.97;;;PJ;32.402.502/0001-35;QI SOCIEDADEDE CREDITODIRETO SA;2041-05-02;S;IAP;Índice de Preços ao Consumidor Amplo (IPCA/IBGE);100.000000;0.000000;;S;N;
CLASSES - FIF;30.982.547/0001-09;MAUA CAPITAL REAL ESTATE DEBT III - FUNDO DE INVESTIMENTO FINANCEIRO MULTIMERCADO;2025-11-30;Títulos de Crédito Privado;CCI;N;Para negociação;;;;;1.000000;65277.86;;;PJ;32.402.502/0001-35;QI SOCIEDADEDE CREDITODIRETO SA;2051-07-02;S;IAP;Índice de Preços ao Consumidor Amplo (IPCA/IBGE);100.000000;0.000000;;S;N;
CLASSES - FIF;30.982.547/0001-09;MAUA CAPITAL REAL ESTATE DEBT III - FUNDO DE INVESTIMENTO FINANCEIRO MULTIMERCADO;2025-11-30;Títulos de Crédito Privado;CCI;N;Para negociação;;;;;1.000000;0.00;;;PJ;32.402.502/0001-35;QI SOCIEDADEDE CREDITODIRETO SA;2051-08-05;S;IAP;Índice de Preços ao Consumidor Amplo (IPCA/IBGE);100.000000;0.000000;;S;N;
CLASSES - FIF;30.982.547/0001-09;MAUA CAPITAL REAL ESTATE DEBT III - FUNDO DE INVESTIMENTO FINANCEIRO MULTIMERCADO;2025-11-30;Títulos de Crédito Privado;CCI;N;Para negociação;;;;;1.000000;0.00;;;PJ;32.402.502/0001-35;QI SOCIEDADEDE CREDITODIRETO SA;2041-10-05;S;IAP;Índice de Preços ao Consumidor Amplo (IPCA/IBGE);100.000000;0.000000;;S;N;
CLASSES - FIF;30.982.547/0001-09;MAUA CAPITAL REAL ESTATE DEBT III - FUNDO DE INVESTIMENTO FINANCEIRO MULTIMERCADO;2025-11-30;Títulos de Crédito Privado;CCI;N;Para negociação;;;;;1.000000;0.00;;;PJ;32.402.502/0001-35;QI SOCIEDADEDE CREDITODIRETO SA;2041-07-10;S;IAP;Índice de Preços ao Consumidor Amplo (IPCA/IBGE);100.000000;0.000000;;S;N;
CLASSES - FIF;30.982.547/0001-09;MAUA CAPITAL REAL ESTATE DEBT III - FUNDO DE INVESTIMENTO FINANCEIRO MULTIMERCADO;2025-11-30;Títulos de Crédito Privado;CCI;N;Para negociação;;;;;1.000000;16309.06;;;PJ;32.402.502/0001-35;QI SOCIEDADEDE CREDITODIRETO SA;2041-08-10;S;IAP;Índice de Preços ao Consumidor Amplo (IPCA/IBGE);100.000000;0.000000;;S;N;
CLASSES - FIF;30.982.547/0001-09;MAUA CAPITAL REAL ESTATE DEBT III - FUNDO DE INVESTIMENTO FINANCEIRO MULTIMERCADO;2025-11-30;Títulos de Crédito Privado;CCI;N;Para negociação;;;;;1.000000;36831.04;;;PJ;32.402.502/0001-35;QI SOCIEDADEDE CREDITODIRETO SA;2036-09-10;S;IAP;Índice de Preços ao Consumidor Amplo (IPCA/IBGE);100.000000;0.000000;;S;N;
CLASSES - FIF;30.982.547/0001-09;MAUA CAPITAL REAL ESTATE DEBT III - FUNDO DE INVESTIMENTO FINANCEIRO MULTIMERCADO;2025-11-30;Títulos de Crédito Privado;CCI;N;Para negociação;;;;;1.000000;79146.75;;;PJ;32.402.502/0001-35;QI SOCIEDADEDE CREDITODIRETO SA;2043-12-10;S;IAP;Índice de Preços ao Consumidor Amplo (IPCA/IBGE);100.000000;0.000000;;S;N;
CLASSES - FIF;30.982.547/0001-09;MAUA CAPITAL REAL ESTATE DEBT III - FUNDO DE INVESTIMENTO FINANCEIRO MULTIMERCADO;2025-11-30;Títulos de Crédito Privado;CCI;N;Para negociação;;;;;1.000000;534335.05;;;PJ;32.402.502/0001-35;QI SOCIEDADEDE CREDITODIRETO SA;2051-07-12;S;IAP;Índice de Preços ao Consumidor Amplo (IPCA/IBGE);100.000000;0.000000;;S;N;
CLASSES - FIF;30.982.547/0001-09;MAUA CAPITAL REAL ESTATE DEBT III - FUNDO DE INVESTIMENTO FINANCEIRO MULTIMERCADO;2025-11-30;Títulos de Crédito Privado;CCI;N;Para negociação;;;;;1.000000;714830.05;;;PJ;32.402.502/0001-35;QI SOCIEDADEDE CREDITODIRETO SA;2051-01-15;S;IAP;Índice de Preços ao Consumidor Amplo (IPCA/IBGE);100.000000;0.000000;;S;N;
CLASSES - FIF;30.982.547/0001-09;MAUA CAPITAL REAL ESTATE DEBT III - FUNDO DE INVESTIMENTO FINANCEIRO MULTIMERCADO;2025-11-30;Títulos de Crédito Privado;CCI;N;Para negociação;;;;;1.000000;0.00;;;PJ;32.402.502/0001-35;QI SOCIEDADEDE CREDITODIRETO SA;2043-04-15;S;IAP;Índice de Preços ao Consumidor Amplo (IPCA/IBGE);100.000000;0.000000;;S;N;
CLASSES - FIF;30.982.547/0001-09;MAUA CAPITAL REAL ESTATE DEBT III - FUNDO DE INVESTIMENTO FINANCEIRO MULTIMERCADO;2025-11-30;Títulos de Crédito Privado;CCI;N;Para negociação;;;;;1.000000;0.00;;;PJ;32.402.502/0001-35;QI SOCIEDADEDE CREDITODIRETO SA;2026-05-15;S;IAP;Índice de Preços ao Consumidor Amplo (IPCA/IBGE);100.000000;0.000000;;S;N;
CLASSES - FIF;30.982.547/0001-09;MAUA CAPITAL REAL ESTATE DEBT III - FUNDO DE INVESTIMENTO FINANCEIRO MULTIMERCADO;2025-11-30;Títulos de Crédito Privado;CCI;N;Para negociação;;;;;1.000000;0.00;;;PJ;32.402.502/0001-35;QI SOCIEDADEDE CREDITODIRETO SA;2040-07-15;S;IAP;Índice de Preços ao Consumidor Amplo (IPCA/IBGE);100.000000;0.000000;;S;N;
CLASSES - FIF;30.982.547/0001-09;MAUA CAPITAL REAL ESTATE DEBT III - FUNDO DE INVESTIMENTO FINANCEIRO MULTIMERCADO;2025-11-30;Títulos de Crédito Privado;CCI;N;Para negociação;;;;;2.000000;0.00;;;PJ;32.402.502/0001-35;QI SOCIEDADEDE CREDITODIRETO SA;2040-08-15;S;IAP;Índice de Preços ao Consumidor Amplo (IPCA/IBGE);100.000000;0.000000;;S;N;
CLASSES - FIF;30.982.547/0001-09;MAUA CAPITAL REAL ESTATE DEBT III - FUNDO DE INVESTIMENTO FINANCEIRO MULTIMERCADO;2025-11-30;Títulos de Crédito Privado;CCI;N;Para negociação;;;;;1.000000;0.00;;;PJ;32.402.502/0001-35;QI SOCIEDADEDE CREDITODIRETO SA;2041-08-15;S;IAP;Índice de Preços ao Consumidor Amplo (IPCA/IBGE);100.000000;0.000000;;S;N;
CLASSES - FIF;30.982.547/0001-09;MAUA CAPITAL REAL ESTATE DEBT III - FUNDO DE INVESTIMENTO FINANCEIRO MULTIMERCADO;2025-11-30;Títulos de Crédito Privado;CCI;N;Para negociação;;;;;1.000000;259933.79;;;PJ;32.402.502/0001-35;QI SOCIEDADEDE CREDITODIRETO SA;2051-08-15;S;IAP;Índice de Preços ao Consumidor Amplo (IPCA/IBGE);100.000000;0.000000;;S;N;
CLASSES - FIF;30.982.547/0001-09;MAUA CAPITAL REAL ESTATE DEBT III - FUNDO DE INVESTIMENTO FINANCEIRO MULTIMERCADO;2025-11-30;Títulos de Crédito Privado;CCI;N;Para negociação;;;;;1.000000;0.00;;;PJ;32.402.502/0001-35;QI SOCIEDADEDE CREDITODIRETO SA;2051-07-17;S;IAP;Índice de Preços ao Consumidor Amplo (IPCA/IBGE);100.000000;0.000000;;S;N;
CLASSES - FIF;30.982.547/0001-09;MAUA CAPITAL REAL ESTATE DEBT III - FUNDO DE INVESTIMENTO FINANCEIRO MULTIMERCADO;2025-11-30;Títulos de Crédito Privado;CCI;N;Para negociação;;;;;1.000000;0.00;;;PJ;32.402.502/0001-35;QI SOCIEDADEDE CREDITODIRETO SA;2041-05-21;S;IAP;Índice de Preços ao Consumidor Amplo (IPCA/IBGE);100.000000;0.000000;;S;N;
CLASSES - FIF;30.982.547/0001-09;MAUA CAPITAL REAL ESTATE DEBT III - FUNDO DE INVESTIMENTO FINANCEIRO MULTIMERCADO;2025-11-30;Títulos de Crédito Privado;CCI;N;Para negociação;;;;;1.000000;250173.83;;;PJ;32.402.502/0001-35;QI SOCIEDADEDE CREDITODIRETO SA;2051-04-25;S;IAP;Índice de Preços ao Consumidor Amplo (IPCA/IBGE);100.000000;0.000000;;S;N;
CLASSES - FIF;30.982.547/0001-09;MAUA CAPITAL REAL ESTATE DEBT III - FUNDO DE INVESTIMENTO FINANCEIRO MULTIMERCADO;2025-11-30;Títulos de Crédito Privado;CCI;N;Para negociação;;;;;1.000000;88110.90;;;PJ;32.402.502/0001-35;QI SOCIEDADEDE CREDITODIRETO SA;2042-05-25;S;IAP;Índice de Preços ao Consumidor Amplo (IPCA/IBGE);100.000000;0.000000;;S;N;
CLASSES - FIF;30.982.547/0001-09;MAUA CAPITAL REAL ESTATE DEBT III - FUNDO DE INVESTIMENTO FINANCEIRO MULTIMERCADO;2025-11-30;Títulos de Crédito Privado;CCI;N;Para negociação;;;;;1.000000;0.00;;;PJ;32.402.502/0001-35;QI SOCIEDADEDE CREDITODIRETO SA;2051-05-25;S;IAP;Índice de Preços ao Consumidor Amplo (IPCA/IBGE);100.000000;0.000000;;S;N;
CLASSES - FIF;30.982.547/0001-09;MAUA CAPITAL REAL ESTATE DEBT III - FUNDO DE INVESTIMENTO FINANCEIRO MULTIMERCADO;2025-11-30;Títulos de Crédito Privado;CCI;N;Para negociação;;;;;1.000000;0.00;;;PJ;32.402.502/0001-35;QI SOCIEDADEDE CREDITODIRETO SA;2041-06-25;S;IAP;Índice de Preços ao Consumidor Amplo (IPCA/IBGE);100.000000;0.000000;;S;N;
CLASSES - FIF;30.982.547/0001-09;MAUA CAPITAL REAL ESTATE DEBT III - FUNDO DE INVESTIMENTO FINANCEIRO MULTIMERCADO;2025-11-30;Títulos de Crédito Privado;CCI;N;Para negociação;;;;;1.000000;0.00;;;PJ;32.402.502/0001-35;QI SOCIEDADEDE CREDITODIRETO SA;2041-12-26;S;IAP;Índice de Preços ao Consumidor Amplo (IPCA/IBGE);100.000000;0.000000;;S;N;
CLASSES - FIF;30.982.547/0001-09;MAUA CAPITAL REAL ESTATE DEBT III - FUNDO DE INVESTIMENTO FINANCEIRO MULTIMERCADO;2025-11-30;Títulos de Crédito Privado;CCI;N;Para negociação;;;;;1.000000;402037.97;;;PJ;32.402.502/0001-35;QI SOCIEDADEDE CREDITODIRETO SA;2030-09-28;S;IAP;Índice de Preços ao Consumidor Amplo (IPCA/IBGE);100.000000;0.000000;;S;N;
CLASSES - FIF;30.982.547/0001-09;MAUA CAPITAL REAL ESTATE DEBT III - FUNDO DE INVESTIMENTO FINANCEIRO MULTIMERCADO;2025-11-30;Títulos de Crédito Privado;CCI;N;Para negociação;;;;;1.000000;233952.07;;;PJ;32.402.502/0001-35;QI SOCIEDADEDE CREDITODIRETO SA;2051-09-28;S;IAP;Índice de Preços ao Consumidor Amplo (IPCA/IBGE);100.000000;0.000000;;S;N;
CLASSES - FIF;30.982.547/0001-09;MAUA CAPITAL REAL ESTATE DEBT III - FUNDO DE INVESTIMENTO FINANCEIRO MULTIMERCADO;2025-11-30;Títulos de Crédito Privado;CCI;N;Para negociação;;;;;1.000000;129839.69;;;PJ;32.402.502/0001-35;QI SOCIEDADEDE CREDITODIRETO SA;2049-06-30;S;IAP;Índice de Preços ao Consumidor Amplo (IPCA/IBGE);100.000000;0.000000;;S;N;
CLASSES - FIF;30.982.547/0001-09;MAUA CAPITAL REAL ESTATE DEBT III - FUNDO DE INVESTIMENTO FINANCEIRO MULTIMERCADO;2025-11-30;Títulos de Crédito Privado;CCI;N;Para negociação;;;;;1.000000;0.00;;;PJ;32.402.502/0001-35;QI SOCIEDADEDE CREDITODIRETO SA;2051-07-30;S;IAP;Índice de Preços ao Consumidor Amplo (IPCA/IBGE);100.000000;0.000000;;S;N;
CLASSES - FIF;30.982.547/0001-09;MAUA CAPITAL REAL ESTATE DEBT III - FUNDO DE INVESTIMENTO FINANCEIRO MULTIMERCADO;2025-11-30;Títulos de Crédito Privado;CCI;N;Para negociação;;;;;2.000000;0.00;;;PJ;32.402.502/0001-35;QI SOCIEDADEDE CREDITODIRETO SA;2028-10-30;S;IAP;Índice de Preços ao Consumidor Amplo (IPCA/IBGE);100.000000;0.000000;;S;N;
CLASSES - FIF;30.982.547/0001-09;MAUA CAPITAL REAL ESTATE DEBT III - FUNDO DE INVESTIMENTO FINANCEIRO MULTIMERCADO;2025-11-30;Títulos de Crédito Privado;CCI;N;Para negociação;;;;;2.000000;298016.68;;;PJ;32.402.502/0001-35;QI SOCIEDADEDE CREDITODIRETO SA;2053-01-10;S;IAP;Índice de Preços ao Consumidor Amplo (IPCA/IBGE);100.000000;10.030000;;S;N;
CLASSES - FIF;30.982.547/0001-09;MAUA CAPITAL REAL ESTATE DEBT III - FUNDO DE INVESTIMENTO FINANCEIRO MULTIMERCADO;2025-11-30;Títulos de Crédito Privado;CCI;N;Para negociação;;;;;1.000000;83272.69;;;PJ;32.402.502/0001-35;QI SOCIEDADEDE CREDITODIRETO SA;2050-12-10;S;IAP;Índice de Preços ao Consumidor Amplo (IPCA/IBGE);100.000000;10.030000;;S;N;
CLASSES - FIF;30.982.547/0001-09;MAUA CAPITAL REAL ESTATE DEBT III - FUNDO DE INVESTIMENTO FINANCEIRO MULTIMERCADO;2025-11-30;Títulos de Crédito Privado;CCI;N;Para negociação;;;;;1.000000;963588.67;;;PJ;32.402.502/0001-35;QI SOCIEDADEDE CREDITODIRETO SA;2042-12-15;S;IAP;Índice de Preços ao Consumidor Amplo (IPCA/IBGE);100.000000;10.030000;;S;N;
CLASSES - FIF;30.982.547/0001-09;MAUA CAPITAL REAL ESTATE DEBT III - FUNDO DE INVESTIMENTO FINANCEIRO MULTIMERCADO;2025-11-30;Títulos de Crédito Privado;CCI;N;Para negociação;;;;;1.000000;26096.07;;;PJ;32.402.502/0001-35;QI SOCIEDADEDE CREDITODIRETO SA;2052-08-18;S;IAP;Índice de Preços ao Consumidor Amplo (IPCA/IBGE);100.000000;10.030000;;S;N;
CLASSES - FIF;30.982.547/0001-09;MAUA CAPITAL REAL ESTATE DEBT III - FUNDO DE INVESTIMENTO FINANCEIRO MULTIMERCADO;2025-11-30;Títulos de Crédito Privado;CCI;N;Para negociação;;;;;1.000000;0.00;;;PJ;32.402.502/0001-35;QI SOCIEDADEDE CREDITODIRETO SA;2052-11-20;S;IAP;Índice de Preços ao Consumidor Amplo (IPCA/IBGE);100.000000;10.030000;;S;N;
CLASSES - FIF;30.982.547/0001-09;MAUA CAPITAL REAL ESTATE DEBT III - FUNDO DE INVESTIMENTO FINANCEIRO MULTIMERCADO;2025-11-30;Títulos de Crédito Privado;CCI;N;Para negociação;;;;;1.000000;0.00;;;PJ;32.402.502/0001-35;QI SOCIEDADEDE CREDITODIRETO SA;2049-12-10;S;IAP;Índice de Preços ao Consumidor Amplo (IPCA/IBGE);100.000000;10.033900;;S;N;
CLASSES - FIF;30.982.547/0001-09;MAUA CAPITAL REAL ESTATE DEBT III - FUNDO DE INVESTIMENTO FINANCEIRO MULTIMERCADO;2025-11-30;Títulos de Crédito Privado;CCI;N;Para negociação;;;;;1.000000;22260.75;;;PJ;32.402.502/0001-35;QI SOCIEDADEDE CREDITODIRETO SA;2052-09-30;S;IAP;Índice de Preços ao Consumidor Amplo (IPCA/IBGE);100.000000;10.033900;;S;N;
CLASSES - FIF;30.982.547/0001-09;MAUA CAPITAL REAL ESTATE DEBT III - FUNDO DE INVESTIMENTO FINANCEIRO MULTIMERCADO;2025-11-30;Títulos de Crédito Privado;CCI;N;Para negociação;;;;;1.000000;76920.35;;;PJ;32.402.502/0001-35;QI SOCIEDADEDE CREDITODIRETO SA;2052-10-25;S;IAP;Índice de Preços ao Consumidor Amplo (IPCA/IBGE);100.000000;10.164900;;S;N;
CLASSES - FIF;30.982.547/0001-09;MAUA CAPITAL REAL ESTATE DEBT III - FUNDO DE INVESTIMENTO FINANCEIRO MULTIMERCADO;2025-11-30;Títulos de Crédito Privado;CCI;N;Para negociação;;;;;1.000000;49150.74;;;PJ;32.402.502/0001-35;QI SOCIEDADEDE CREDITODIRETO SA;2052-09-15;S;IAP;Índice de Preços ao Consumidor Amplo (IPCA/IBGE);100.000000;10.296100;;S;N;
CLASSES - FIF;30.982.547/0001-09;MAUA CAPITAL REAL ESTATE DEBT III - FUNDO DE INVESTIMENTO FINANCEIRO MULTIMERCADO;2025-11-30;Títulos de Crédito Privado;CCI;N;Para negociação;;;;;1.000000;75910.31;;;PJ;32.402.502/0001-35;QI SOCIEDADEDE CREDITODIRETO SA;2052-09-20;S;IAP;Índice de Preços ao Consumidor Amplo (IPCA/IBGE);100.000000;10.296100;;S;N;
CLASSES - FIF;30.982.547/0001-09;MAUA CAPITAL REAL ESTATE DEBT III - FUNDO DE INVESTIMENTO FINANCEIRO MULTIMERCADO;2025-11-30;Títulos de Crédito Privado;CCI;N;Para negociação;;;;;1.000000;184290.37;;;PJ;32.402.502/0001-35;QI SOCIEDADEDE CREDITODIRETO SA;2052-10-23;S;IAP;Índice de Preços ao Consumidor Amplo (IPCA/IBGE);100.000000;10.296100;;S;N;
CLASSES - FIF;30.982.547/0001-09;MAUA CAPITAL REAL ESTATE DEBT III - FUNDO DE INVESTIMENTO FINANCEIRO MULTIMERCADO;2025-11-30;Títulos de Crédito Privado;CCI;N;Para negociação;;;;;1.000000;44114.18;;;PJ;32.402.502/0001-35;QI SOCIEDADEDE CREDITODIRETO SA;2052-12-10;S;IAP;Índice de Preços ao Consumidor Amplo (IPCA/IBGE);100.000000;10.300000;;S;N;
CLASSES - FIF;30.982.547/0001-09;MAUA CAPITAL REAL ESTATE DEBT III - FUNDO DE INVESTIMENTO FINANCEIRO MULTIMERCADO;2025-11-30;Títulos de Crédito Privado;CCI;N;Para negociação;;;;;1.000000;285632.72;;;PJ;32.402.502/0001-35;QI SOCIEDADEDE CREDITODIRETO SA;2053-01-25;S;IAP;Índice de Preços ao Consumidor Amplo (IPCA/IBGE);100.000000;10.300000;;S;N;
CLASSES - FIF;30.982.547/0001-09;MAUA CAPITAL REAL ESTATE DEBT III - FUNDO DE INVESTIMENTO FINANCEIRO MULTIMERCADO;2025-11-30;Títulos de Crédito Privado;CCI;N;Para negociação;;;;;1.000000;1948636.81;;;PJ;32.402.502/0001-35;QI SOCIEDADEDE CREDITODIRETO SA;2039-03-15;S;IAP;Índice de Preços ao Consumidor Amplo (IPCA/IBGE);100.000000;10.820000;;S;N;
CLASSES - FIF;30.982.547/0001-09;MAUA CAPITAL REAL ESTATE DEBT III - FUNDO DE INVESTIMENTO FINANCEIRO MULTIMERCADO;2025-11-30;Títulos de Crédito Privado;CCI;N;Para negociação;;;;;1.000000;0.00;;;PJ;32.402.502/0001-35;QI SOCIEDADEDE CREDITODIRETO SA;2045-04-25;S;IAP;Índice de Preços ao Consumidor Amplo (IPCA/IBGE);100.000000;10.820000;;S;N;
CLASSES - FIF;30.982.547/0001-09;MAUA CAPITAL REAL ESTATE DEBT III - FUNDO DE INVESTIMENTO FINANCEIRO MULTIMERCADO;2025-11-30;Títulos de Crédito Privado;CCI;N;Para negociação;;;;;1.000000;0.00;;;PJ;32.402.502/0001-35;QI SOCIEDADEDE CREDITODIRETO SA;2047-12-15;S;IAP;Índice de Preços ao Consumidor Amplo (IPCA/IBGE);100.000000;10.950000;;S;N;
CLASSES - FIF;30.982.547/0001-09;MAUA CAPITAL REAL ESTATE DEBT III - FUNDO DE INVESTIMENTO FINANCEIRO MULTIMERCADO;2025-11-30;Títulos de Crédito Privado;CCI;N;Para negociação;;;;;1.000000;30812.78;;;PJ;32.402.502/0001-35;QI SOCIEDADEDE CREDITODIRETO SA;2043-01-25;S;IAP;Índice de Preços ao Consumidor Amplo (IPCA/IBGE);100.000000;10.950000;;S;N;
CLASSES - FIF;30.982.547/0001-09;MAUA CAPITAL REAL ESTATE DEBT III - FUNDO DE INVESTIMENTO FINANCEIRO MULTIMERCADO;2025-11-30;Títulos de Crédito Privado;CCI;N;Para negociação;;;;;1.000000;0.00;;;PJ;32.402.502/0001-35;QI SOCIEDADEDE CREDITODIRETO SA;2041-11-10;S;IAP;Índice de Preços ao Consumidor Amplo (IPCA/IBGE);100.000000;11.210000;;S;N;
CLASSES - FIF;30.982.547/0001-09;MAUA CAPITAL REAL ESTATE DEBT III - FUNDO DE INVESTIMENTO FINANCEIRO MULTIMERCADO;2025-11-30;Títulos de Crédito Privado;CCI;N;Para negociação;;;;;1.000000;0.00;;;PJ;32.402.502/0001-35;QI SOCIEDADEDE CREDITODIRETO SA;2026-11-05;S;IAP;Índice de Preços ao Consumidor Amplo (IPCA/IBGE);100.000000;11.220000;;S;N;
CLASSES - FIF;30.982.547/0001-09;MAUA CAPITAL REAL ESTATE DEBT III - FUNDO DE INVESTIMENTO FINANCEIRO MULTIMERCADO;2025-11-30;Títulos de Crédito Privado;CCI;N;Para negociação;;;;;1.000000;0.00;;;PJ;32.402.502/0001-35;QI SOCIEDADEDE CREDITODIRETO SA;2043-01-15;S;IAP;Índice de Preços ao Consumidor Amplo (IPCA/IBGE);100.000000;11.480000;;S;N;
CLASSES - FIF;30.982.547/0001-09;MAUA CAPITAL REAL ESTATE DEBT III - FUNDO DE INVESTIMENTO FINANCEIRO MULTIMERCADO;2025-11-30;Títulos de Crédito Privado;CCI;N;Para negociação;;;;;1.000000;0.00;;;PJ;32.402.502/0001-35;QI SOCIEDADEDE CREDITODIRETO SA;2039-09-10;S;IAP;Índice de Preços ao Consumidor Amplo (IPCA/IBGE);100.000000;11.610000;;S;N;
CLASSES - FIF;30.982.547/0001-09;MAUA CAPITAL REAL ESTATE DEBT III - FUNDO DE INVESTIMENTO FINANCEIRO MULTIMERCADO;2025-11-30;Títulos de Crédito Privado;CCI;N;Para negociação;;;;;1.000000;0.00;;;PJ;32.402.502/0001-35;QI SOCIEDADEDE CREDITODIRETO SA;2051-03-11;S;IAP;Índice de Preços ao Consumidor Amplo (IPCA/IBGE);100.000000;12.000000;;S;N;
CLASSES - FIF;30.982.547/0001-09;MAUA CAPITAL REAL ESTATE DEBT III - FUNDO DE INVESTIMENTO FINANCEIRO MULTIMERCADO;2025-11-30;Títulos de Crédito Privado;CCI;N;Para negociação;;;;;1.000000;0.00;;;PJ;32.402.502/0001-35;QI SOCIEDADEDE CREDITODIRETO SA;2026-04-15;S;IAP;Índice de Preços ao Consumidor Amplo (IPCA/IBGE);100.000000;12.000000;;S;N;
CLASSES - FIF;30.982.547/0001-09;MAUA CAPITAL REAL ESTATE DEBT III - FUNDO DE INVESTIMENTO FINANCEIRO MULTIMERCADO;2025-11-30;Títulos de Crédito Privado;CCI;N;Para negociação;;;;;1.000000;0.00;;;PJ;32.402.502/0001-35;QI SOCIEDADEDE CREDITODIRETO SA;2041-04-16;S;IAP;Índice de Preços ao Consumidor Amplo (IPCA/IBGE);100.000000;12.000000;;S;N;
CLASSES - FIF;30.982.547/0001-09;MAUA CAPITAL REAL ESTATE DEBT III - FUNDO DE INVESTIMENTO FINANCEIRO MULTIMERCADO;2025-11-30;Títulos de Crédito Privado;CCI;N;Para negociação;;;;;1.000000;0.00;;;PJ;32.402.502/0001-35;QI SOCIEDADEDE CREDITODIRETO SA;2043-02-15;S;IAP;Índice de Preços ao Consumidor Amplo (IPCA/IBGE);100.000000;12.010000;;S;N;
CLASSES - FIF;30.982.547/0001-09;MAUA CAPITAL REAL ESTATE DEBT III - FUNDO DE INVESTIMENTO FINANCEIRO MULTIMERCADO;2025-11-30;Títulos de Crédito Privado;CCI;N;Para negociação;;;;;1.000000;0.00;;;PJ;32.402.502/0001-35;QI SOCIEDADEDE CREDITODIRETO SA;2041-11-20;S;IAP;Índice de Preços ao Consumidor Amplo (IPCA/IBGE);100.000000;12.010000;;S;N;
CLASSES - FIF;30.982.547/0001-09;MAUA CAPITAL REAL ESTATE DEBT III - FUNDO DE INVESTIMENTO FINANCEIRO MULTIMERCADO;2025-11-30;Títulos de Crédito Privado;CCI;N;Para negociação;;;;;1.000000;0.00;;;PJ;32.402.502/0001-35;QI SOCIEDADEDE CREDITODIRETO SA;2040-11-15;S;IAP;Índice de Preços ao Consumidor Amplo (IPCA/IBGE);100.000000;12.410000;;S;N;
CLASSES - FIF;30.982.547/0001-09;MAUA CAPITAL REAL ESTATE DEBT III - FUNDO DE INVESTIMENTO FINANCEIRO MULTIMERCADO;2025-11-30;Títulos de Crédito Privado;CCI;N;Para negociação;;;;;1.000000;67724.71;;;PJ;32.402.502/0001-35;QI SOCIEDADEDE CREDITODIRETO SA;2041-12-20;S;IAP;Índice de Preços ao Consumidor Amplo (IPCA/IBGE);100.000000;12.540000;;S;N;
CLASSES - FIF;30.982.547/0001-09;MAUA CAPITAL REAL ESTATE DEBT III - FUNDO DE INVESTIMENTO FINANCEIRO MULTIMERCADO;2025-11-30;Títulos de Crédito Privado;CCI;N;Para negociação;;;;;1.000000;0.00;;;PJ;32.402.502/0001-35;QI SOCIEDADEDE CREDITODIRETO SA;2042-06-30;S;IAP;Índice de Preços ao Consumidor Amplo (IPCA/IBGE);100.000000;12.550000;;S;N;
CLASSES - FIF;30.982.547/0001-09;MAUA CAPITAL REAL ESTATE DEBT III - FUNDO DE INVESTIMENTO FINANCEIRO MULTIMERCADO;2025-11-30;Títulos de Crédito Privado;CCI;N;Para negociação;;;;;1.000000;0.00;;;PJ;32.402.502/0001-35;QI SOCIEDADEDE CREDITODIRETO SA;2037-04-05;S;IAP;Índice de Preços ao Consumidor Amplo (IPCA/IBGE);100.000000;12.680000;;S;N;
CLASSES - FIF;30.982.547/0001-09;MAUA CAPITAL REAL ESTATE DEBT III - FUNDO DE INVESTIMENTO FINANCEIRO MULTIMERCADO;2025-11-30;Títulos de Crédito Privado;CCI;N;Para negociação;;;;;1.000000;39821.17;;;PJ;32.402.502/0001-35;QI SOCIEDADEDE CREDITODIRETO SA;2041-12-15;S;IAP;Índice de Preços ao Consumidor Amplo (IPCA/IBGE);100.000000;12.680000;;S;N;
CLASSES - FIF;30.982.547/0001-09;MAUA CAPITAL REAL ESTATE DEBT III - FUNDO DE INVESTIMENTO FINANCEIRO MULTIMERCADO;2025-11-30;Títulos de Crédito Privado;CCI;N;Para negociação;;;;;1.000000;0.00;;;PJ;32.402.502/0001-35;QI SOCIEDADEDE CREDITODIRETO SA;2041-11-21;S;IAP;Índice de Preços ao Consumidor Amplo (IPCA/IBGE);100.000000;12.680000;;S;N;
CLASSES - FIF;30.982.547/0001-09;MAUA CAPITAL REAL ESTATE DEBT III - FUNDO DE INVESTIMENTO FINANCEIRO MULTIMERCADO;2025-11-30;Títulos de Crédito Privado;CCI;N;Para negociação;;;;;1.000000;0.00;;;PJ;32.402.502/0001-35;QI SOCIEDADEDE CREDITODIRETO SA;2036-05-26;S;IAP;Índice de Preços ao Consumidor Amplo (IPCA/IBGE);100.000000;12.680000;;S;N;
CLASSES - FIF;30.982.547/0001-09;MAUA CAPITAL REAL ESTATE DEBT III - FUNDO DE INVESTIMENTO FINANCEIRO MULTIMERCADO;2025-11-30;Títulos de Crédito Privado;CCI;N;Para negociação;;;;;1.000000;80033.67;;;PJ;32.402.502/0001-35;QI SOCIEDADEDE CREDITODIRETO SA;2041-12-30;S;IAP;Índice de Preços ao Consumidor Amplo (IPCA/IBGE);100.000000;12.680000;;S;N;
CLASSES - FIF;30.982.547/0001-09;MAUA CAPITAL REAL ESTATE DEBT III - FUNDO DE INVESTIMENTO FINANCEIRO MULTIMERCADO;2025-11-30;Títulos de Crédito Privado;CCI;N;Para negociação;;;;;1.000000;1039429.47;;;PJ;32.402.502/0001-35;QI SOCIEDADEDE CREDITODIRETO SA;2053-05-25;S;IAP;Índice de Preços ao Consumidor Amplo (IPCA/IBGE);100.000000;12.950000;;S;N;
CLASSES - FIF;30.982.547/0001-09;MAUA CAPITAL REAL ESTATE DEBT III - FUNDO DE INVESTIMENTO FINANCEIRO MULTIMERCADO;2025-11-30;Títulos de Crédito Privado;CCI;N;Para negociação;;;;;1.000000;222900.15;;;PJ;32.402.502/0001-35;QI SOCIEDADEDE CREDITODIRETO SA;2043-06-25;S;IAP;Índice de Preços ao Consumidor Amplo (IPCA/IBGE);100.000000;12.950000;;S;N;
CLASSES - FIF;30.982.547/0001-09;MAUA CAPITAL REAL ESTATE DEBT III - FUNDO DE INVESTIMENTO FINANCEIRO MULTIMERCADO;2025-11-30;Títulos de Crédito Privado;CCI;N;Para negociação;;;;;1.000000;0.00;;;PJ;32.402.502/0001-35;QI SOCIEDADEDE CREDITODIRETO SA;2039-02-10;S;IAP;Índice de Preços ao Consumidor Amplo (IPCA/IBGE);100.000000;12.951000;;S;N;
CLASSES - FIF;30.982.547/0001-09;MAUA CAPITAL REAL ESTATE DEBT III - FUNDO DE INVESTIMENTO FINANCEIRO MULTIMERCADO;2025-11-30;Títulos de Crédito Privado;CCI;N;Para negociação;;;;;1.000000;314800.11;;;PJ;32.402.502/0001-35;QI SOCIEDADEDE CREDITODIRETO SA;2053-08-15;S;IAP;Índice de Preços ao Consumidor Amplo (IPCA/IBGE);100.000000;13.350000;;S;N;
CLASSES - FIF;30.982.547/0001-09;MAUA CAPITAL REAL ESTATE DEBT III - FUNDO DE INVESTIMENTO FINANCEIRO MULTIMERCADO;2025-11-30;Títulos de Crédito Privado;CCI;N;Para negociação;;;;;1.000000;0.00;;;PJ;32.402.502/0001-35;QI SOCIEDADEDE CREDITODIRETO SA;2038-01-30;S;IAP;Índice de Preços ao Consumidor Amplo (IPCA/IBGE);100.000000;13.350000;;S;N;
CLASSES - FIF;30.982.547/0001-09;MAUA CAPITAL REAL ESTATE DEBT III - FUNDO DE INVESTIMENTO FINANCEIRO MULTIMERCADO;2025-11-30;Títulos de Crédito Privado;CCI;N;Para negociação;;;;;1.000000;0.00;;;PJ;32.402.502/0001-35;QI SOCIEDADEDE CREDITODIRETO SA;2040-09-17;S;IAP;Índice de Preços ao Consumidor Amplo (IPCA/IBGE);100.000000;13.353700;;S;N;
CLASSES - FIF;30.982.547/0001-09;MAUA CAPITAL REAL ESTATE DEBT III - FUNDO DE INVESTIMENTO FINANCEIRO MULTIMERCADO;2025-11-30;Títulos de Crédito Privado;CCI;N;Para negociação;;;;;1.000000;0.00;;;PJ;32.402.502/0001-35;QI SOCIEDADEDE CREDITODIRETO SA;2053-03-15;S;IAP;Índice de Preços ao Consumidor Amplo (IPCA/IBGE);100.000000;13.490000;;S;N;
CLASSES - FIF;30.982.547/0001-09;MAUA CAPITAL REAL ESTATE DEBT III - FUNDO DE INVESTIMENTO FINANCEIRO MULTIMERCADO;2025-11-30;Títulos de Crédito Privado;CCI;N;Para negociação;;;;;1.000000;397352.80;;;PJ;32.402.502/0001-35;QI SOCIEDADEDE CREDITODIRETO SA;2044-04-15;S;IAP;Índice de Preços ao Consumidor Amplo (IPCA/IBGE);100.000000;13.490000;;S;N;
CLASSES - FIF;30.982.547/0001-09;MAUA CAPITAL REAL ESTATE DEBT III - FUNDO DE INVESTIMENTO FINANCEIRO MULTIMERCADO;2025-11-30;Títulos de Crédito Privado;CCI;N;Para negociação;;;;;1.000000;0.00;;;PJ;32.402.502/0001-35;QI SOCIEDADEDE CREDITODIRETO SA;2040-02-15;S;IAP;Índice de Preços ao Consumidor Amplo (IPCA/IBGE);100.000000;13.620000;;S;N;
CLASSES - FIF;30.982.547/0001-09;MAUA CAPITAL REAL ESTATE DEBT III - FUNDO DE INVESTIMENTO FINANCEIRO MULTIMERCADO;2025-11-30;Títulos de Crédito Privado;CCI;N;Para negociação;;;;;1.000000;11997.85;;;PJ;32.402.502/0001-35;QI SOCIEDADEDE CREDITODIRETO SA;2029-03-10;S;IAP;Índice de Preços ao Consumidor Amplo (IPCA/IBGE);100.000000;14.020000;;S;N;
CLASSES - FIF;30.982.547/0001-09;MAUA CAPITAL REAL ESTATE DEBT III - FUNDO DE INVESTIMENTO FINANCEIRO MULTIMERCADO;2025-11-30;Títulos de Crédito Privado;CCI;N;Para negociação;;;;;1.000000;867729.68;;;PJ;32.402.502/0001-35;QI SOCIEDADEDE CREDITODIRETO SA;2042-10-15;S;IAP;Índice de Preços ao Consumidor Amplo (IPCA/IBGE);100.000000;14.028600;;S;N;
CLASSES - FIF;30.982.547/0001-09;MAUA CAPITAL REAL ESTATE DEBT III - FUNDO DE INVESTIMENTO FINANCEIRO MULTIMERCADO;2025-11-30;Títulos de Crédito Privado;CCI;N;Para negociação;;;;;1.000000;43520.74;;;PJ;32.402.502/0001-35;QI SOCIEDADEDE CREDITODIRETO SA;2030-01-03;S;IAP;Índice de Preços ao Consumidor Amplo (IPCA/IBGE);100.000000;14.030000;;S;N;
CLASSES - FIF;30.982.547/0001-09;MAUA CAPITAL REAL ESTATE DEBT III - FUNDO DE INVESTIMENTO FINANCEIRO MULTIMERCADO;2025-11-30;Títulos de Crédito Privado;CCI;N;Para negociação;;;;;1.000000;195983.72;;;PJ;32.402.502/0001-35;QI SOCIEDADEDE CREDITODIRETO SA;2033-01-10;S;IAP;Índice de Preços ao Consumidor Amplo (IPCA/IBGE);100.000000;14.030000;;S;N;
CLASSES - FIF;30.982.547/0001-09;MAUA CAPITAL REAL ESTATE DEBT III - FUNDO DE INVESTIMENTO FINANCEIRO MULTIMERCADO;2025-11-30;Títulos de Crédito Privado;CCI;N;Para negociação;;;;;1.000000;0.00;;;PJ;32.402.502/0001-35;QI SOCIEDADEDE CREDITODIRETO SA;2038-09-10;S;IAP;Índice de Preços ao Consumidor Amplo (IPCA/IBGE);100.000000;14.030000;;S;N;
CLASSES - FIF;30.982.547/0001-09;MAUA CAPITAL REAL ESTATE DEBT III - FUNDO DE INVESTIMENTO FINANCEIRO MULTIMERCADO;2025-11-30;Títulos de Crédito Privado;CCI;N;Para negociação;;;;;1.000000;31568.18;;;PJ;32.402.502/0001-35;QI SOCIEDADEDE CREDITODIRETO SA;2042-11-10;S;IAP;Índice de Preços ao Consumidor Amplo (IPCA/IBGE);100.000000;14.030000;;S;N;
CLASSES - FIF;30.982.547/0001-09;MAUA CAPITAL REAL ESTATE DEBT III - FUNDO DE INVESTIMENTO FINANCEIRO MULTIMERCADO;2025-11-30;Títulos de Crédito Privado;CCI;N;Para negociação;;;;;2.000000;0.00;;;PJ;32.402.502/0001-35;QI SOCIEDADEDE CREDITODIRETO SA;2043-01-15;S;IAP;Índice de Preços ao Consumidor Amplo (IPCA/IBGE);100.000000;14.030000;;S;N;
CLASSES - FIF;30.982.547/0001-09;MAUA CAPITAL REAL ESTATE DEBT III - FUNDO DE INVESTIMENTO FINANCEIRO MULTIMERCADO;2025-11-30;Títulos de Crédito Privado;CCI;N;Para negociação;;;;;1.000000;507433.45;;;PJ;32.402.502/0001-35;QI SOCIEDADEDE CREDITODIRETO SA;2053-05-15;S;IAP;Índice de Preços ao Consumidor Amplo (IPCA/IBGE);100.000000;14.030000;;S;N;
CLASSES - FIF;30.982.547/0001-09;MAUA CAPITAL REAL ESTATE DEBT III - FUNDO DE INVESTIMENTO FINANCEIRO MULTIMERCADO;2025-11-30;Títulos de Crédito Privado;CCI;N;Para negociação;;;;;1.000000;0.00;;;PJ;32.402.502/0001-35;QI SOCIEDADEDE CREDITODIRETO SA;2039-06-15;S;IAP;Índice de Preços ao Consumidor Amplo (IPCA/IBGE);100.000000;14.030000;;S;N;
CLASSES - FIF;30.982.547/0001-09;MAUA CAPITAL REAL ESTATE DEBT III - FUNDO DE INVESTIMENTO FINANCEIRO MULTIMERCADO;2025-11-30;Títulos de Crédito Privado;CCI;N;Para negociação;;;;;1.000000;0.00;;;PJ;32.402.502/0001-35;QI SOCIEDADEDE CREDITODIRETO SA;2053-06-15;S;IAP;Índice de Preços ao Consumidor Amplo (IPCA/IBGE);100.000000;14.030000;;S;N;
CLASSES - FIF;30.982.547/0001-09;MAUA CAPITAL REAL ESTATE DEBT III - FUNDO DE INVESTIMENTO FINANCEIRO MULTIMERCADO;2025-11-30;Títulos de Crédito Privado;CCI;N;Para negociação;;;;;1.000000;806506.00;;;PJ;32.402.502/0001-35;QI SOCIEDADEDE CREDITODIRETO SA;2053-07-15;S;IAP;Índice de Preços ao Consumidor Amplo (IPCA/IBGE);100.000000;14.030000;;S;N;
CLASSES - FIF;30.982.547/0001-09;MAUA CAPITAL REAL ESTATE DEBT III - FUNDO DE INVESTIMENTO FINANCEIRO MULTIMERCADO;2025-11-30;Títulos de Crédito Privado;CCI;N;Para negociação;;;;;1.000000;1126842.04;;;PJ;32.402.502/0001-35;QI SOCIEDADEDE CREDITODIRETO SA;2053-08-15;S;IAP;Índice de Preços ao Consumidor Amplo (IPCA/IBGE);100.000000;14.030000;;S;N;
CLASSES - FIF;30.982.547/0001-09;MAUA CAPITAL REAL ESTATE DEBT III - FUNDO DE INVESTIMENTO FINANCEIRO MULTIMERCADO;2025-11-30;Títulos de Crédito Privado;CCI;N;Para negociação;;;;;1.000000;34616.24;;;PJ;32.402.502/0001-35;QI SOCIEDADEDE CREDITODIRETO SA;2038-10-15;S;IAP;Índice de Preços ao Consumidor Amplo (IPCA/IBGE);100.000000;14.030000;;S;N;
CLASSES - FIF;30.982.547/0001-09;MAUA CAPITAL REAL ESTATE DEBT III - FUNDO DE INVESTIMENTO FINANCEIRO MULTIMERCADO;2025-11-30;Títulos de Crédito Privado;CCI;N;Para negociação;;;;;1.000000;0.00;;;PJ;32.402.502/0001-35;QI SOCIEDADEDE CREDITODIRETO SA;2041-10-20;S;IAP;Índice de Preços ao Consumidor Amplo (IPCA/IBGE);100.000000;14.030000;;S;N;
CLASSES - FIF;30.982.547/0001-09;MAUA CAPITAL REAL ESTATE DEBT III - FUNDO DE INVESTIMENTO FINANCEIRO MULTIMERCADO;2025-11-30;Títulos de Crédito Privado;CCI;N;Para negociação;;;;;1.000000;0.00;;;PJ;32.402.502/0001-35;QI SOCIEDADEDE CREDITODIRETO SA;2053-02-25;S;IAP;Índice de Preços ao Consumidor Amplo (IPCA/IBGE);100.000000;14.030000;;S;N;
CLASSES - FIF;30.982.547/0001-09;MAUA CAPITAL REAL ESTATE DEBT III - FUNDO DE INVESTIMENTO FINANCEIRO MULTIMERCADO;2025-11-30;Títulos de Crédito Privado;CCI;N;Para negociação;;;;;1.000000;0.00;;;PJ;32.402.502/0001-35;QI SOCIEDADEDE CREDITODIRETO SA;2053-07-25;S;IAP;Índice de Preços ao Consumidor Amplo (IPCA/IBGE);100.000000;14.030000;;S;N;
CLASSES - FIF;30.982.547/0001-09;MAUA CAPITAL REAL ESTATE DEBT III - FUNDO DE INVESTIMENTO FINANCEIRO MULTIMERCADO;2025-11-30;Títulos de Crédito Privado;CCI;N;Para negociação;;;;;1.000000;0.00;;;PJ;32.402.502/0001-35;QI SOCIEDADEDE CREDITODIRETO SA;2037-10-26;S;IAP;Índice de Preços ao Consumidor Amplo (IPCA/IBGE);100.000000;14.030000;;S;N;
CLASSES - FIF;30.982.547/0001-09;MAUA CAPITAL REAL ESTATE DEBT III - FUNDO DE INVESTIMENTO FINANCEIRO MULTIMERCADO;2025-11-30;Títulos de Crédito Privado;CCI;N;Para negociação;;;;;2.000000;153443.49;;;PJ;32.402.502/0001-35;QI SOCIEDADEDE CREDITODIRETO SA;2038-08-08;S;IAP;Índice de Preços ao Consumidor Amplo (IPCA/IBGE);100.000000;14.300000;;S;N;
CLASSES - FIF;30.982.547/0001-09;MAUA CAPITAL REAL ESTATE DEBT III - FUNDO DE INVESTIMENTO FINANCEIRO MULTIMERCADO;2025-11-30;Títulos de Crédito Privado;CCI;N;Para negociação;;;;;1.000000;28628.91;;;PJ;32.402.502/0001-35;QI SOCIEDADEDE CREDITODIRETO SA;2042-12-23;S;IAP;Índice de Preços ao Consumidor Amplo (IPCA/IBGE);100.000000;14.300000;;S;N;
CLASSES - FIF;30.982.547/0001-09;MAUA CAPITAL REAL ESTATE DEBT III - FUNDO DE INVESTIMENTO FINANCEIRO MULTIMERCADO;2025-11-30;Títulos de Crédito Privado;CCI;N;Para negociação;;;;;1.000000;157302.53;;;PJ;32.402.502/0001-35;QI SOCIEDADEDE CREDITODIRETO SA;2042-09-25;S;IAP;Índice de Preços ao Consumidor Amplo (IPCA/IBGE);100.000000;14.300000;;S;N;
CLASSES - FIF;30.982.547/0001-09;MAUA CAPITAL REAL ESTATE DEBT III - FUNDO DE INVESTIMENTO FINANCEIRO MULTIMERCADO;2025-11-30;Títulos de Crédito Privado;CCI;N;Para negociação;;;;;1.000000;0.00;;;PJ;32.402.502/0001-35;QI SOCIEDADEDE CREDITODIRETO SA;2043-03-20;S;IAP;Índice de Preços ao Consumidor Amplo (IPCA/IBGE);100.000000;14.440000;;S;N;
CLASSES - FIF;30.982.547/0001-09;MAUA CAPITAL REAL ESTATE DEBT III - FUNDO DE INVESTIMENTO FINANCEIRO MULTIMERCADO;2025-11-30;Títulos de Crédito Privado;CCI;N;Para negociação;;;;;1.000000;0.00;;;PJ;32.402.502/0001-35;QI SOCIEDADEDE CREDITODIRETO SA;2053-07-10;S;IAP;Índice de Preços ao Consumidor Amplo (IPCA/IBGE);100.000000;14.570000;;S;N;
CLASSES - FIF;30.982.547/0001-09;MAUA CAPITAL REAL ESTATE DEBT III - FUNDO DE INVESTIMENTO FINANCEIRO MULTIMERCADO;2025-11-30;Títulos de Crédito Privado;CCI;N;Para negociação;;;;;1.000000;0.00;;;PJ;32.402.502/0001-35;QI SOCIEDADEDE CREDITODIRETO SA;2054-01-15;S;IAP;Índice de Preços ao Consumidor Amplo (IPCA/IBGE);100.000000;14.570000;;S;N;
CLASSES - FIF;30.982.547/0001-09;MAUA CAPITAL REAL ESTATE DEBT III - FUNDO DE INVESTIMENTO FINANCEIRO MULTIMERCADO;2025-11-30;Títulos de Crédito Privado;CCI;N;Para negociação;;;;;1.000000;385650.32;;;PJ;32.402.502/0001-35;QI SOCIEDADEDE CREDITODIRETO SA;2053-07-15;S;IAP;Índice de Preços ao Consumidor Amplo (IPCA/IBGE);100.000000;14.570000;;S;N;
CLASSES - FIF;30.982.547/0001-09;MAUA CAPITAL REAL ESTATE DEBT III - FUNDO DE INVESTIMENTO FINANCEIRO MULTIMERCADO;2025-11-30;Títulos de Crédito Privado;CCI;N;Para negociação;;;;;1.000000;253907.40;;;PJ;32.402.502/0001-35;QI SOCIEDADEDE CREDITODIRETO SA;2033-10-15;S;IAP;Índice de Preços ao Consumidor Amplo (IPCA/IBGE);100.000000;14.570000;;S;N;
CLASSES - FIF;30.982.547/0001-09;MAUA CAPITAL REAL ESTATE DEBT III - FUNDO DE INVESTIMENTO FINANCEIRO MULTIMERCADO;2025-11-30;Títulos de Crédito Privado;CCI;N;Para negociação;;;;;1.000000;592383.74;;;PJ;32.402.502/0001-35;QI SOCIEDADEDE CREDITODIRETO SA;2053-12-17;S;IAP;Índice de Preços ao Consumidor Amplo (IPCA/IBGE);100.000000;14.570000;;S;N;
CLASSES - FIF;30.982.547/0001-09;MAUA CAPITAL REAL ESTATE DEBT III - FUNDO DE INVESTIMENTO FINANCEIRO MULTIMERCADO;2025-11-30;Títulos de Crédito Privado;CCI;N;Para negociação;;;;;3.000000;291698.91;;;PJ;32.402.502/0001-35;QI SOCIEDADEDE CREDITODIRETO SA;2054-01-20;S;IAP;Índice de Preços ao Consumidor Amplo (IPCA/IBGE);100.000000;14.570000;;S;N;
CLASSES - FIF;30.982.547/0001-09;MAUA CAPITAL REAL ESTATE DEBT III - FUNDO DE INVESTIMENTO FINANCEIRO MULTIMERCADO;2025-11-30;Títulos de Crédito Privado;CCI;N;Para negociação;;;;;1.000000;433808.94;;;PJ;32.402.502/0001-35;QI SOCIEDADEDE CREDITODIRETO SA;2053-06-20;S;IAP;Índice de Preços ao Consumidor Amplo (IPCA/IBGE);100.000000;14.570000;;S;N;
CLASSES - FIF;30.982.547/0001-09;MAUA CAPITAL REAL ESTATE DEBT III - FUNDO DE INVESTIMENTO FINANCEIRO MULTIMERCADO;2025-11-30;Títulos de Crédito Privado;CCI;N;Para negociação;;;;;1.000000;0.00;;;PJ;32.402.502/0001-35;QI SOCIEDADEDE CREDITODIRETO SA;2043-03-15;S;IAP;Índice de Preços ao Consumidor Amplo (IPCA/IBGE);100.000000;14.710000;;S;N;
CLASSES - FIF;30.982.547/0001-09;MAUA CAPITAL REAL ESTATE DEBT III - FUNDO DE INVESTIMENTO FINANCEIRO MULTIMERCADO;2025-11-30;Títulos de Crédito Privado;CCI;N;Para negociação;;;;;1.000000;0.00;;;PJ;32.402.502/0001-35;QI SOCIEDADEDE CREDITODIRETO SA;2042-11-15;S;IAP;Índice de Preços ao Consumidor Amplo (IPCA/IBGE);100.000000;14.710000;;S;N;
CLASSES - FIF;30.982.547/0001-09;MAUA CAPITAL REAL ESTATE DEBT III - FUNDO DE INVESTIMENTO FINANCEIRO MULTIMERCADO;2025-11-30;Títulos de Crédito Privado;CCI;N;Para negociação;;;;;1.000000;61355.56;;;PJ;32.402.502/0001-35;QI SOCIEDADEDE CREDITODIRETO SA;2027-12-15;S;IAP;Índice de Preços ao Consumidor Amplo (IPCA/IBGE);100.000000;14.710000;;S;N;
CLASSES - FIF;30.982.547/0001-09;MAUA CAPITAL REAL ESTATE DEBT III - FUNDO DE INVESTIMENTO FINANCEIRO MULTIMERCADO;2025-11-30;Títulos de Crédito Privado;CCI;N;Para negociação;;;;;1.000000;12235.81;;;PJ;32.402.502/0001-35;QI SOCIEDADEDE CREDITODIRETO SA;2053-12-18;S;IAP;Índice de Preços ao Consumidor Amplo (IPCA/IBGE);100.000000;14.710000;;S;N;
CLASSES - FIF;30.982.547/0001-09;MAUA CAPITAL REAL ESTATE DEBT III - FUNDO DE INVESTIMENTO FINANCEIRO MULTIMERCADO;2025-11-30;Títulos de Crédito Privado;CCI;N;Para negociação;;;;;1.000000;0.00;;;PJ;32.402.502/0001-35;QI SOCIEDADEDE CREDITODIRETO SA;2043-01-20;S;IAP;Índice de Preços ao Consumidor Amplo (IPCA/IBGE);100.000000;14.710000;;S;N;
CLASSES - FIF;30.982.547/0001-09;MAUA CAPITAL REAL ESTATE DEBT III - FUNDO DE INVESTIMENTO FINANCEIRO MULTIMERCADO;2025-11-30;Títulos de Crédito Privado;CCI;N;Para negociação;;;;;1.000000;0.00;;;PJ;32.402.502/0001-35;QI SOCIEDADEDE CREDITODIRETO SA;2043-11-20;S;IAP;Índice de Preços ao Consumidor Amplo (IPCA/IBGE);100.000000;14.710000;;S;N;
CLASSES - FIF;30.982.547/0001-09;MAUA CAPITAL REAL ESTATE DEBT III - FUNDO DE INVESTIMENTO FINANCEIRO MULTIMERCADO;2025-11-30;Títulos de Crédito Privado;CCI;N;Para negociação;;;;;1.000000;0.00;;;PJ;32.402.502/0001-35;QI SOCIEDADEDE CREDITODIRETO SA;2042-12-30;S;IAP;Índice de Preços ao Consumidor Amplo (IPCA/IBGE);100.000000;14.710000;;S;N;
CLASSES - FIF;30.982.547/0001-09;MAUA CAPITAL REAL ESTATE DEBT III - FUNDO DE INVESTIMENTO FINANCEIRO MULTIMERCADO;2025-11-30;Títulos de Crédito Privado;CCI;N;Para negociação;;;;;1.000000;0.00;;;PJ;32.402.502/0001-35;QI SOCIEDADEDE CREDITODIRETO SA;2038-12-20;S;IAP;Índice de Preços ao Consumidor Amplo (IPCA/IBGE);100.000000;14.740000;;S;N;
CLASSES - FIF;30.982.547/0001-09;MAUA CAPITAL REAL ESTATE DEBT III - FUNDO DE INVESTIMENTO FINANCEIRO MULTIMERCADO;2025-11-30;Títulos de Crédito Privado;CCI;N;Para negociação;;;;;1.000000;620023.29;;;PJ;32.402.502/0001-35;QI SOCIEDADEDE CREDITODIRETO SA;2043-09-25;S;IAP;Índice de Preços ao Consumidor Amplo (IPCA/IBGE);100.000000;14.740000;;S;N;
CLASSES - FIF;30.982.547/0001-09;MAUA CAPITAL REAL ESTATE DEBT III - FUNDO DE INVESTIMENTO FINANCEIRO MULTIMERCADO;2025-11-30;Títulos de Crédito Privado;CCI;N;Para negociação;;;;;1.000000;71621.57;;;PJ;32.402.502/0001-35;QI SOCIEDADEDE CREDITODIRETO SA;2036-05-10;S;IAP;Índice de Preços ao Consumidor Amplo (IPCA/IBGE);100.000000;14.840000;;S;N;
CLASSES - FIF;30.982.547/0001-09;MAUA CAPITAL REAL ESTATE DEBT III - FUNDO DE INVESTIMENTO FINANCEIRO MULTIMERCADO;2025-11-30;Títulos de Crédito Privado;CCI;N;Para negociação;;;;;1.000000;278850.57;;;PJ;32.402.502/0001-35;QI SOCIEDADEDE CREDITODIRETO SA;2038-11-05;S;IAP;Índice de Preços ao Consumidor Amplo (IPCA/IBGE);100.000000;14.980000;;S;N;
CLASSES - FIF;30.982.547/0001-09;MAUA CAPITAL REAL ESTATE DEBT III - FUNDO DE INVESTIMENTO FINANCEIRO MULTIMERCADO;2025-11-30;Títulos de Crédito Privado;CCI;N;Para negociação;;;;;1.000000;17002.74;;;PJ;32.402.502/0001-35;QI SOCIEDADEDE CREDITODIRETO SA;2043-04-01;S;IAP;Índice de Preços ao Consumidor Amplo (IPCA/IBGE);100.000000;15.120000;;S;N;
CLASSES - FIF;30.982.547/0001-09;MAUA CAPITAL REAL ESTATE DEBT III - FUNDO DE INVESTIMENTO FINANCEIRO MULTIMERCADO;2025-11-30;Títulos de Crédito Privado;CCI;N;Para negociação;;;;;1.000000;85462.03;;;PJ;32.402.502/0001-35;QI SOCIEDADEDE CREDITODIRETO SA;2054-01-22;S;IAP;Índice de Preços ao Consumidor Amplo (IPCA/IBGE);100.000000;15.120000;;S;N;
CLASSES - FIF;30.982.547/0001-09;MAUA CAPITAL REAL ESTATE DEBT III - FUNDO DE INVESTIMENTO FINANCEIRO MULTIMERCADO;2025-11-30;Títulos de Crédito Privado;CCI;N;Para negociação;;;;;1.000000;352495.45;;;PJ;32.402.502/0001-35;QI SOCIEDADEDE CREDITODIRETO SA;2038-07-25;S;IAP;Índice de Preços ao Consumidor Amplo (IPCA/IBGE);100.000000;15.120000;;S;N;
CLASSES - FIF;30.982.547/0001-09;MAUA CAPITAL REAL ESTATE DEBT III - FUNDO DE INVESTIMENTO FINANCEIRO MULTIMERCADO;2025-11-30;Títulos de Crédito Privado;CCI;N;Para negociação;;;;;1.000000;0.00;;;PJ;32.402.502/0001-35;QI SOCIEDADEDE CREDITODIRETO SA;2051-07-25;S;IAP;Índice de Preços ao Consumidor Amplo (IPCA/IBGE);100.000000;15.120000;;S;N;
CLASSES - FIF;30.982.547/0001-09;MAUA CAPITAL REAL ESTATE DEBT III - FUNDO DE INVESTIMENTO FINANCEIRO MULTIMERCADO;2025-11-30;Títulos de Crédito Privado;CCI;N;Para negociação;;;;;1.000000;385199.36;;;PJ;32.402.502/0001-35;QI SOCIEDADEDE CREDITODIRETO SA;2051-09-30;S;IAP;Índice de Preços ao Consumidor Amplo (IPCA/IBGE);100.000000;15.120000;;S;N;
CLASSES - FIF;30.982.547/0001-09;MAUA CAPITAL REAL ESTATE DEBT III - FUNDO DE INVESTIMENTO FINANCEIRO MULTIMERCADO;2025-11-30;Títulos de Crédito Privado;CCI;N;Para negociação;;;;;1.000000;0.00;;;PJ;32.402.502/0001-35;QI SOCIEDADEDE CREDITODIRETO SA;2043-09-06;S;IAP;Índice de Preços ao Consumidor Amplo (IPCA/IBGE);100.000000;15.170000;;S;N;
CLASSES - FIF;30.982.547/0001-09;MAUA CAPITAL REAL ESTATE DEBT III - FUNDO DE INVESTIMENTO FINANCEIRO MULTIMERCADO;2025-11-30;Títulos de Crédito Privado;CCI;N;Para negociação;;;;;1.000000;329090.48;;;PJ;32.402.502/0001-35;QI SOCIEDADEDE CREDITODIRETO SA;2043-07-10;S;IAP;Índice de Preços ao Consumidor Amplo (IPCA/IBGE);100.000000;15.170000;;S;N;
CLASSES - FIF;30.982.547/0001-09;MAUA CAPITAL REAL ESTATE DEBT III - FUNDO DE INVESTIMENTO FINANCEIRO MULTIMERCADO;2025-11-30;Títulos de Crédito Privado;CCI;N;Para negociação;;;;;1.000000;0.00;;;PJ;32.402.502/0001-35;QI SOCIEDADEDE CREDITODIRETO SA;2042-12-10;S;IAP;Índice de Preços ao Consumidor Amplo (IPCA/IBGE);100.000000;15.250000;;S;N;
CLASSES - FIF;30.982.547/0001-09;MAUA CAPITAL REAL ESTATE DEBT III - FUNDO DE INVESTIMENTO FINANCEIRO MULTIMERCADO;2025-11-30;Títulos de Crédito Privado;CCI;N;Para negociação;;;;;1.000000;0.00;;;PJ;32.402.502/0001-35;QI SOCIEDADEDE CREDITODIRETO SA;2041-09-16;S;IAP;Índice de Preços ao Consumidor Amplo (IPCA/IBGE);100.000000;15.250000;;S;N;
CLASSES - FIF;30.982.547/0001-09;MAUA CAPITAL REAL ESTATE DEBT III - FUNDO DE INVESTIMENTO FINANCEIRO MULTIMERCADO;2025-11-30;Títulos de Crédito Privado;CCI;N;Para negociação;;;;;2.000000;45601.38;;;PJ;32.402.502/0001-35;QI SOCIEDADEDE CREDITODIRETO SA;2038-01-20;S;IAP;Índice de Preços ao Consumidor Amplo (IPCA/IBGE);100.000000;15.250000;;S;N;
CLASSES - FIF;30.982.547/0001-09;MAUA CAPITAL REAL ESTATE DEBT III - FUNDO DE INVESTIMENTO FINANCEIRO MULTIMERCADO;2025-11-30;Títulos de Crédito Privado;CCI;N;Para negociação;;;;;1.000000;76243.09;;;PJ;32.402.502/0001-35;QI SOCIEDADEDE CREDITODIRETO SA;2043-03-25;S;IAP;Índice de Preços ao Consumidor Amplo (IPCA/IBGE);100.000000;15.250000;;S;N;
CLASSES - FIF;30.982.547/0001-09;MAUA CAPITAL REAL ESTATE DEBT III - FUNDO DE INVESTIMENTO FINANCEIRO MULTIMERCADO;2025-11-30;Títulos de Crédito Privado;CCI;N;Para negociação;;;;;1.000000;0.00;;;PJ;32.402.502/0001-35;QI SOCIEDADEDE CREDITODIRETO SA;2033-05-25;S;IAP;Índice de Preços ao Consumidor Amplo (IPCA/IBGE);100.000000;15.250000;;S;N;
CLASSES - FIF;30.982.547/0001-09;MAUA CAPITAL REAL ESTATE DEBT III - FUNDO DE INVESTIMENTO FINANCEIRO MULTIMERCADO;2025-11-30;Títulos de Crédito Privado;CCI;N;Para negociação;;;;;1.000000;0.00;;;PJ;32.402.502/0001-35;QI SOCIEDADEDE CREDITODIRETO SA;2041-11-25;S;IAP;Índice de Preços ao Consumidor Amplo (IPCA/IBGE);100.000000;15.250000;;S;N;
CLASSES - FIF;30.982.547/0001-09;MAUA CAPITAL REAL ESTATE DEBT III - FUNDO DE INVESTIMENTO FINANCEIRO MULTIMERCADO;2025-11-30;Títulos de Crédito Privado;CCI;N;Para negociação;;;;;1.000000;254531.00;;;PJ;32.402.502/0001-35;QI SOCIEDADEDE CREDITODIRETO SA;2034-10-15;S;IAP;Índice de Preços ao Consumidor Amplo (IPCA/IBGE);100.000000;15.252700;;S;N;
CLASSES - FIF;30.982.547/0001-09;MAUA CAPITAL REAL ESTATE DEBT III - FUNDO DE INVESTIMENTO FINANCEIRO MULTIMERCADO;2025-11-30;Títulos de Crédito Privado;CCI;N;Para negociação;;;;;1.000000;0.00;;;PJ;32.402.502/0001-35;QI SOCIEDADEDE CREDITODIRETO SA;2042-10-15;S;IAP;Índice de Preços ao Consumidor Amplo (IPCA/IBGE);100.000000;15.252700;;S;N;
CLASSES - FIF;30.982.547/0001-09;MAUA CAPITAL REAL ESTATE DEBT III - FUNDO DE INVESTIMENTO FINANCEIRO MULTIMERCADO;2025-11-30;Títulos de Crédito Privado;CCI;N;Para negociação;;;;;1.000000;48245.47;;;PJ;32.402.502/0001-35;QI SOCIEDADEDE CREDITODIRETO SA;2033-10-05;S;IAP;Índice de Preços ao Consumidor Amplo (IPCA/IBGE);100.000000;15.390000;;S;N;
CLASSES - FIF;30.982.547/0001-09;MAUA CAPITAL REAL ESTATE DEBT III - FUNDO DE INVESTIMENTO FINANCEIRO MULTIMERCADO;2025-11-30;Títulos de Crédito Privado;CCI;N;Para negociação;;;;;2.000000;44684.34;;;PJ;32.402.502/0001-35;QI SOCIEDADEDE CREDITODIRETO SA;2033-03-10;S;IAP;Índice de Preços ao Consumidor Amplo (IPCA/IBGE);100.000000;15.390000;;S;N;
CLASSES - FIF;30.982.547/0001-09;MAUA CAPITAL REAL ESTATE DEBT III - FUNDO DE INVESTIMENTO FINANCEIRO MULTIMERCADO;2025-11-30;Títulos de Crédito Privado;CCI;N;Para negociação;;;;;1.000000;85626.66;;;PJ;32.402.502/0001-35;QI SOCIEDADEDE CREDITODIRETO SA;2043-12-10;S;IAP;Índice de Preços ao Consumidor Amplo (IPCA/IBGE);100.000000;15.390000;;S;N;
CLASSES - FIF;30.982.547/0001-09;MAUA CAPITAL REAL ESTATE DEBT III - FUNDO DE INVESTIMENTO FINANCEIRO MULTIMERCADO;2025-11-30;Títulos de Crédito Privado;CCI;N;Para negociação;;;;;1.000000;0.00;;;PJ;32.402.502/0001-35;QI SOCIEDADEDE CREDITODIRETO SA;2044-01-15;S;IAP;Índice de Preços ao Consumidor Amplo (IPCA/IBGE);100.000000;15.390000;;S;N;
CLASSES - FIF;30.982.547/0001-09;MAUA CAPITAL REAL ESTATE DEBT III - FUNDO DE INVESTIMENTO FINANCEIRO MULTIMERCADO;2025-11-30;Títulos de Crédito Privado;CCI;N;Para negociação;;;;;1.000000;0.00;;;PJ;32.402.502/0001-35;QI SOCIEDADEDE CREDITODIRETO SA;2035-06-25;S;IAP;Índice de Preços ao Consumidor Amplo (IPCA/IBGE);100.000000;15.390000;;S;N;
CLASSES - FIF;30.982.547/0001-09;MAUA CAPITAL REAL ESTATE DEBT III - FUNDO DE INVESTIMENTO FINANCEIRO MULTIMERCADO;2025-11-30;Títulos de Crédito Privado;CCI;N;Para negociação;;;;;1.000000;0.00;;;PJ;32.402.502/0001-35;QI SOCIEDADEDE CREDITODIRETO SA;2039-11-25;S;IAP;Índice de Preços ao Consumidor Amplo (IPCA/IBGE);100.000000;15.390000;;S;N;
CLASSES - FIF;30.982.547/0001-09;MAUA CAPITAL REAL ESTATE DEBT III - FUNDO DE INVESTIMENTO FINANCEIRO MULTIMERCADO;2025-11-30;Títulos de Crédito Privado;CCI;N;Para negociação;;;;;1.000000;344136.83;;;PJ;32.402.502/0001-35;QI SOCIEDADEDE CREDITODIRETO SA;2040-10-06;S;IAP;Índice de Preços ao Consumidor Amplo (IPCA/IBGE);100.000000;15.530000;;S;N;
CLASSES - FIF;30.982.547/0001-09;MAUA CAPITAL REAL ESTATE DEBT III - FUNDO DE INVESTIMENTO FINANCEIRO MULTIMERCADO;2025-11-30;Títulos de Crédito Privado;CCI;N;Para negociação;;;;;1.000000;36757.90;;;PJ;32.402.502/0001-35;QI SOCIEDADEDE CREDITODIRETO SA;2043-04-25;S;IAP;Índice de Preços ao Consumidor Amplo (IPCA/IBGE);100.000000;15.530000;;S;N;
CLASSES - FIF;30.982.547/0001-09;MAUA CAPITAL REAL ESTATE DEBT III - FUNDO DE INVESTIMENTO FINANCEIRO MULTIMERCADO;2025-11-30;Títulos de Crédito Privado;CCI;N;Para negociação;;;;;1.000000;111930.31;;;PJ;32.402.502/0001-35;QI SOCIEDADEDE CREDITODIRETO SA;2037-05-01;S;IAP;Índice de Preços ao Consumidor Amplo (IPCA/IBGE);100.000000;15.590000;;S;N;
CLASSES - FIF;30.982.547/0001-09;MAUA CAPITAL REAL ESTATE DEBT III - FUNDO DE INVESTIMENTO FINANCEIRO MULTIMERCADO;2025-11-30;Títulos de Crédito Privado;CCI;N;Para negociação;;;;;1.000000;708531.30;;;PJ;32.402.502/0001-35;QI SOCIEDADEDE CREDITODIRETO SA;2043-04-10;S;IAP;Índice de Preços ao Consumidor Amplo (IPCA/IBGE);100.000000;15.590000;;S;N;
CLASSES - FIF;30.982.547/0001-09;MAUA CAPITAL REAL ESTATE DEBT III - FUNDO DE INVESTIMENTO FINANCEIRO MULTIMERCADO;2025-11-30;Títulos de Crédito Privado;CCI;N;Para negociação;;;;;1.000000;0.00;;;PJ;32.402.502/0001-35;QI SOCIEDADEDE CREDITODIRETO SA;2028-08-15;S;IAP;Índice de Preços ao Consumidor Amplo (IPCA/IBGE);100.000000;15.590000;;S;N;
CLASSES - FIF;30.982.547/0001-09;MAUA CAPITAL REAL ESTATE DEBT III - FUNDO DE INVESTIMENTO FINANCEIRO MULTIMERCADO;2025-11-30;Títulos de Crédito Privado;CCI;N;Para negociação;;;;;1.000000;0.00;;;PJ;32.402.502/0001-35;QI SOCIEDADEDE CREDITODIRETO SA;2054-03-05;S;IAP;Índice de Preços ao Consumidor Amplo (IPCA/IBGE);100.000000;15.660000;;S;N;
CLASSES - FIF;30.982.547/0001-09;MAUA CAPITAL REAL ESTATE DEBT III - FUNDO DE INVESTIMENTO FINANCEIRO MULTIMERCADO;2025-11-30;Títulos de Crédito Privado;CCI;N;Para negociação;;;;;1.000000;0.00;;;PJ;32.402.502/0001-35;QI SOCIEDADEDE CREDITODIRETO SA;2050-09-10;S;IAP;Índice de Preços ao Consumidor Amplo (IPCA/IBGE);100.000000;15.660000;;S;N;
CLASSES - FIF;30.982.547/0001-09;MAUA CAPITAL REAL ESTATE DEBT III - FUNDO DE INVESTIMENTO FINANCEIRO MULTIMERCADO;2025-11-30;Títulos de Crédito Privado;CCI;N;Para negociação;;;;;1.000000;0.00;;;PJ;32.402.502/0001-35;QI SOCIEDADEDE CREDITODIRETO SA;2054-02-12;S;IAP;Índice de Preços ao Consumidor Amplo (IPCA/IBGE);100.000000;15.660000;;S;N;
CLASSES - FIF;30.982.547/0001-09;MAUA CAPITAL REAL ESTATE DEBT III - FUNDO DE INVESTIMENTO FINANCEIRO MULTIMERCADO;2025-11-30;Títulos de Crédito Privado;CCI;N;Para negociação;;;;;1.000000;55701.90;;;PJ;32.402.502/0001-35;QI SOCIEDADEDE CREDITODIRETO SA;2053-09-12;S;IAP;Índice de Preços ao Consumidor Amplo (IPCA/IBGE);100.000000;15.660000;;S;N;
CLASSES - FIF;30.982.547/0001-09;MAUA CAPITAL REAL ESTATE DEBT III - FUNDO DE INVESTIMENTO FINANCEIRO MULTIMERCADO;2025-11-30;Títulos de Crédito Privado;CCI;N;Para negociação;;;;;2.000000;435222.24;;;PJ;32.402.502/0001-35;QI SOCIEDADEDE CREDITODIRETO SA;2053-12-15;S;IAP;Índice de Preços ao Consumidor Amplo (IPCA/IBGE);100.000000;15.660000;;S;N;
CLASSES - FIF;30.982.547/0001-09;MAUA CAPITAL REAL ESTATE DEBT III - FUNDO DE INVESTIMENTO FINANCEIRO MULTIMERCADO;2025-11-30;Títulos de Crédito Privado;CCI;N;Para negociação;;;;;1.000000;113293.07;;;PJ;32.402.502/0001-35;QI SOCIEDADEDE CREDITODIRETO SA;2042-06-18;S;IAP;Índice de Preços ao Consumidor Amplo (IPCA/IBGE);100.000000;15.660000;;S;N;
CLASSES - FIF;30.982.547/0001-09;MAUA CAPITAL REAL ESTATE DEBT III - FUNDO DE INVESTIMENTO FINANCEIRO MULTIMERCADO;2025-11-30;Títulos de Crédito Privado;CCI;N;Para negociação;;;;;1.000000;203297.24;;;PJ;32.402.502/0001-35;QI SOCIEDADEDE CREDITODIRETO SA;2053-09-20;S;IAP;Índice de Preços ao Consumidor Amplo (IPCA/IBGE);100.000000;15.660000;;S;N;
CLASSES - FIF;30.982.547/0001-09;MAUA CAPITAL REAL ESTATE DEBT III - FUNDO DE INVESTIMENTO FINANCEIRO MULTIMERCADO;2025-11-30;Títulos de Crédito Privado;CCI;N;Para negociação;;;;;1.000000;0.00;;;PJ;32.402.502/0001-35;QI SOCIEDADEDE CREDITODIRETO SA;2053-10-20;S;IAP;Índice de Preços ao Consumidor Amplo (IPCA/IBGE);100.000000;15.660000;;S;N;
CLASSES - FIF;30.982.547/0001-09;MAUA CAPITAL REAL ESTATE DEBT III - FUNDO DE INVESTIMENTO FINANCEIRO MULTIMERCADO;2025-11-30;Títulos de Crédito Privado;CCI;N;Para negociação;;;;;1.000000;405850.68;;;PJ;32.402.502/0001-35;QI SOCIEDADEDE CREDITODIRETO SA;2038-12-20;S;IAP;Índice de Preços ao Consumidor Amplo (IPCA/IBGE);100.000000;15.660000;;S;N;
CLASSES - FIF;30.982.547/0001-09;MAUA CAPITAL REAL ESTATE DEBT III - FUNDO DE INVESTIMENTO FINANCEIRO MULTIMERCADO;2025-11-30;Títulos de Crédito Privado;CCI;N;Para negociação;;;;;1.000000;288177.62;;;PJ;32.402.502/0001-35;QI SOCIEDADEDE CREDITODIRETO SA;2053-06-25;S;IAP;Índice de Preços ao Consumidor Amplo (IPCA/IBGE);100.000000;15.660000;;S;N;
CLASSES - FIF;30.982.547/0001-09;MAUA CAPITAL REAL ESTATE DEBT III - FUNDO DE INVESTIMENTO FINANCEIRO MULTIMERCADO;2025-11-30;Títulos de Crédito Privado;CCI;N;Para negociação;;;;;1.000000;0.00;;;PJ;32.402.502/0001-35;QI SOCIEDADEDE CREDITODIRETO SA;2043-09-25;S;IAP;Índice de Preços ao Consumidor Amplo (IPCA/IBGE);100.000000;15.660000;;S;N;
CLASSES - FIF;30.982.547/0001-09;MAUA CAPITAL REAL ESTATE DEBT III - FUNDO DE INVESTIMENTO FINANCEIRO MULTIMERCADO;2025-11-30;Títulos de Crédito Privado;CCI;N;Para negociação;;;;;1.000000;199905.08;;;PJ;32.402.502/0001-35;QI SOCIEDADEDE CREDITODIRETO SA;2047-12-25;S;IAP;Índice de Preços ao Consumidor Amplo (IPCA/IBGE);100.000000;15.660000;;S;N;
CLASSES - FIF;30.982.547/0001-09;MAUA CAPITAL REAL ESTATE DEBT III - FUNDO DE INVESTIMENTO FINANCEIRO MULTIMERCADO;2025-11-30;Títulos de Crédito Privado;CCI;N;Para negociação;;;;;1.000000;877016.11;;;PJ;32.402.502/0001-35;QI SOCIEDADEDE CREDITODIRETO SA;2038-08-30;S;IAP;Índice de Preços ao Consumidor Amplo (IPCA/IBGE);100.000000;15.660000;;S;N;
CLASSES - FIF;30.982.547/0001-09;MAUA CAPITAL REAL ESTATE DEBT III - FUNDO DE INVESTIMENTO FINANCEIRO MULTIMERCADO;2025-11-30;Títulos de Crédito Privado;CCI;N;Para negociação;;;;;1.000000;0.00;;;PJ;32.402.502/0001-35;QI SOCIEDADEDE CREDITODIRETO SA;2034-01-28;S;IAP;Índice de Preços ao Consumidor Amplo (IPCA/IBGE);100.000000;15.800000;;S;N;
CLASSES - FIF;30.982.547/0001-09;MAUA CAPITAL REAL ESTATE DEBT III - FUNDO DE INVESTIMENTO FINANCEIRO MULTIMERCADO;2025-11-30;Títulos de Crédito Privado;CCI;N;Para negociação;;;;;1.000000;0.00;;;PJ;32.402.502/0001-35;QI SOCIEDADEDE CREDITODIRETO SA;2043-10-01;S;IAP;Índice de Preços ao Consumidor Amplo (IPCA/IBGE);100.000000;16.010000;;S;N;
CLASSES - FIF;30.982.547/0001-09;MAUA CAPITAL REAL ESTATE DEBT III - FUNDO DE INVESTIMENTO FINANCEIRO MULTIMERCADO;2025-11-30;Títulos de Crédito Privado;CCI;N;Para negociação;;;;;1.000000;0.00;;;PJ;32.402.502/0001-35;QI SOCIEDADEDE CREDITODIRETO SA;2043-06-09;S;IAP;Índice de Preços ao Consumidor Amplo (IPCA/IBGE);100.000000;16.010000;;S;N;
CLASSES - FIF;30.982.547/0001-09;MAUA CAPITAL REAL ESTATE DEBT III - FUNDO DE INVESTIMENTO FINANCEIRO MULTIMERCADO;2025-11-30;Títulos de Crédito Privado;CCI;N;Para negociação;;;;;1.000000;0.00;;;PJ;32.402.502/0001-35;QI SOCIEDADEDE CREDITODIRETO SA;2028-07-10;S;IAP;Índice de Preços ao Consumidor Amplo (IPCA/IBGE);100.000000;16.010000;;S;N;
CLASSES - FIF;30.982.547/0001-09;MAUA CAPITAL REAL ESTATE DEBT III - FUNDO DE INVESTIMENTO FINANCEIRO MULTIMERCADO;2025-11-30;Títulos de Crédito Privado;CCI;N;Para negociação;;;;;1.000000;167980.86;;;PJ;32.402.502/0001-35;QI SOCIEDADEDE CREDITODIRETO SA;2043-10-15;S;IAP;Índice de Preços ao Consumidor Amplo (IPCA/IBGE);100.000000;16.010000;;S;N;
CLASSES - FIF;30.982.547/0001-09;MAUA CAPITAL REAL ESTATE DEBT III - FUNDO DE INVESTIMENTO FINANCEIRO MULTIMERCADO;2025-11-30;Títulos de Crédito Privado;CCI;N;Para negociação;;;;;1.000000;152358.53;;;PJ;32.402.502/0001-35;QI SOCIEDADEDE CREDITODIRETO SA;2033-07-20;S;IAP;Índice de Preços ao Consumidor Amplo (IPCA/IBGE);100.000000;16.010000;;S;N;
CLASSES - FIF;30.982.547/0001-09;MAUA CAPITAL REAL ESTATE DEBT III - FUNDO DE INVESTIMENTO FINANCEIRO MULTIMERCADO;2025-11-30;Títulos de Crédito Privado;CCI;N;Para negociação;;;;;1.000000;0.00;;;PJ;32.402.502/0001-35;QI SOCIEDADEDE CREDITODIRETO SA;2033-08-20;S;IAP;Índice de Preços ao Consumidor Amplo (IPCA/IBGE);100.000000;16.010000;;S;N;
CLASSES - FIF;30.982.547/0001-09;MAUA CAPITAL REAL ESTATE DEBT III - FUNDO DE INVESTIMENTO FINANCEIRO MULTIMERCADO;2025-11-30;Títulos de Crédito Privado;CCI;N;Para negociação;;;;;1.000000;0.00;;;PJ;32.402.502/0001-35;QI SOCIEDADEDE CREDITODIRETO SA;2043-12-20;S;IAP;Índice de Preços ao Consumidor Amplo (IPCA/IBGE);100.000000;16.010000;;S;N;
CLASSES - FIF;30.982.547/0001-09;MAUA CAPITAL REAL ESTATE DEBT III - FUNDO DE INVESTIMENTO FINANCEIRO MULTIMERCADO;2025-11-30;Títulos de Crédito Privado;CCI;N;Para negociação;;;;;1.000000;211436.31;;;PJ;32.402.502/0001-35;QI SOCIEDADEDE CREDITODIRETO SA;2043-12-25;S;IAP;Índice de Preços ao Consumidor Amplo (IPCA/IBGE);100.000000;16.010000;;S;N;
CLASSES - FIF;30.982.547/0001-09;MAUA CAPITAL REAL ESTATE DEBT III - FUNDO DE INVESTIMENTO FINANCEIRO MULTIMERCADO;2025-11-30;Títulos de Crédito Privado;CCI;N;Para negociação;;;;;1.000000;0.00;;;PJ;32.402.502/0001-35;QI SOCIEDADEDE CREDITODIRETO SA;2043-03-08;S;IAP;Índice de Preços ao Consumidor Amplo (IPCA/IBGE);100.000000;16.080000;;S;N;
CLASSES - FIF;30.982.547/0001-09;MAUA CAPITAL REAL ESTATE DEBT III - FUNDO DE INVESTIMENTO FINANCEIRO MULTIMERCADO;2025-11-30;Títulos de Crédito Privado;CCI;N;Para negociação;;;;;1.000000;0.00;;;PJ;32.402.502/0001-35;QI SOCIEDADEDE CREDITODIRETO SA;2039-02-12;S;IAP;Índice de Preços ao Consumidor Amplo (IPCA/IBGE);100.000000;16.080000;;S;N;
CLASSES - FIF;30.982.547/0001-09;MAUA CAPITAL REAL ESTATE DEBT III - FUNDO DE INVESTIMENTO FINANCEIRO MULTIMERCADO;2025-11-30;Títulos de Crédito Privado;CCI;N;Para negociação;;;;;1.000000;192419.05;;;PJ;32.402.502/0001-35;QI SOCIEDADEDE CREDITODIRETO SA;2042-12-17;S;IAP;Índice de Preços ao Consumidor Amplo (IPCA/IBGE);100.000000;16.080000;;S;N;
CLASSES - FIF;30.982.547/0001-09;MAUA CAPITAL REAL ESTATE DEBT III - FUNDO DE INVESTIMENTO FINANCEIRO MULTIMERCADO;2025-11-30;Títulos de Crédito Privado;CCI;N;Para negociação;;;;;1.000000;1085601.59;;;PJ;32.402.502/0001-35;QI SOCIEDADEDE CREDITODIRETO SA;2035-09-20;S;IAP;Índice de Preços ao Consumidor Amplo (IPCA/IBGE);100.000000;16.080000;;S;N;
CLASSES - FIF;30.982.547/0001-09;MAUA CAPITAL REAL ESTATE DEBT III - FUNDO DE INVESTIMENTO FINANCEIRO MULTIMERCADO;2025-11-30;Títulos de Crédito Privado;CCI;N;Para negociação;;;;;1.000000;45012.74;;;PJ;32.402.502/0001-35;QI SOCIEDADEDE CREDITODIRETO SA;2043-01-25;S;IAP;Índice de Preços ao Consumidor Amplo (IPCA/IBGE);100.000000;16.080000;;S;N;
CLASSES - FIF;30.982.547/0001-09;MAUA CAPITAL REAL ESTATE DEBT III - FUNDO DE INVESTIMENTO FINANCEIRO MULTIMERCADO;2025-11-30;Títulos de Crédito Privado;CCI;N;Para negociação;;;;;2.000000;790397.48;;;PJ;32.402.502/0001-35;QI SOCIEDADEDE CREDITODIRETO SA;2043-02-28;S;IAP;Índice de Preços ao Consumidor Amplo (IPCA/IBGE);100.000000;16.080000;;S;N;
CLASSES - FIF;30.982.547/0001-09;MAUA CAPITAL REAL ESTATE DEBT III - FUNDO DE INVESTIMENTO FINANCEIRO MULTIMERCADO;2025-11-30;Títulos de Crédito Privado;CCI;N;Para negociação;;;;;1.000000;113521.98;;;PJ;32.402.502/0001-35;QI SOCIEDADEDE CREDITODIRETO SA;2044-01-10;S;IAP;Índice de Preços ao Consumidor Amplo (IPCA/IBGE);100.000000;16.210000;;S;N;
CLASSES - FIF;30.982.547/0001-09;MAUA CAPITAL REAL ESTATE DEBT III - FUNDO DE INVESTIMENTO FINANCEIRO MULTIMERCADO;2025-11-30;Títulos de Crédito Privado;CCI;N;Para negociação;;;;;1.000000;509704.34;;;PJ;32.402.502/0001-35;QI SOCIEDADEDE CREDITODIRETO SA;2039-02-20;S;IAP;Índice de Preços ao Consumidor Amplo (IPCA/IBGE);100.000000;16.210000;;S;N;
CLASSES - FIF;30.982.547/0001-09;MAUA CAPITAL REAL ESTATE DEBT III - FUNDO DE INVESTIMENTO FINANCEIRO MULTIMERCADO;2025-11-30;Títulos de Crédito Privado;CCI;N;Para negociação;;;;;1.000000;0.00;;;PJ;32.402.502/0001-35;QI SOCIEDADEDE CREDITODIRETO SA;2038-09-28;S;IAP;Índice de Preços ao Consumidor Amplo (IPCA/IBGE);100.000000;16.350000;;S;N;
CLASSES - FIF;30.982.547/0001-09;MAUA CAPITAL REAL ESTATE DEBT III - FUNDO DE INVESTIMENTO FINANCEIRO MULTIMERCADO;2025-11-30;Títulos de Crédito Privado;CCI;N;Para negociação;;;;;1.000000;578133.51;;;PJ;32.402.502/0001-35;QI SOCIEDADEDE CREDITODIRETO SA;2043-08-15;S;IAP;Índice de Preços ao Consumidor Amplo (IPCA/IBGE);100.000000;16.440000;;S;N;
CLASSES - FIF;30.982.547/0001-09;MAUA CAPITAL REAL ESTATE DEBT III - FUNDO DE INVESTIMENTO FINANCEIRO MULTIMERCADO;2025-11-30;Títulos de Crédito Privado;CCI;N;Para negociação;;;;;1.000000;312168.50;;;PJ;32.402.502/0001-35;QI SOCIEDADEDE CREDITODIRETO SA;2033-10-20;S;IAP;Índice de Preços ao Consumidor Amplo (IPCA/IBGE);100.000000;16.440000;;S;N;
CLASSES - FIF;30.982.547/0001-09;MAUA CAPITAL REAL ESTATE DEBT III - FUNDO DE INVESTIMENTO FINANCEIRO MULTIMERCADO;2025-11-30;Títulos de Crédito Privado;CCI;N;Para negociação;;;;;1.000000;240006.41;;;PJ;32.402.502/0001-35;QI SOCIEDADEDE CREDITODIRETO SA;2033-12-20;S;IAP;Índice de Preços ao Consumidor Amplo (IPCA/IBGE);100.000000;16.440000;;S;N;
CLASSES - FIF;30.982.547/0001-09;MAUA CAPITAL REAL ESTATE DEBT III - FUNDO DE INVESTIMENTO FINANCEIRO MULTIMERCADO;2025-11-30;Títulos de Crédito Privado;CCI;N;Para negociação;;;;;1.000000;870344.39;;;PJ;32.402.502/0001-35;QI SOCIEDADEDE CREDITODIRETO SA;2043-10-10;S;IAP;Índice de Preços ao Consumidor Amplo (IPCA/IBGE);100.000000;16.490000;;S;N;
CLASSES - FIF;30.982.547/0001-09;MAUA CAPITAL REAL ESTATE DEBT III - FUNDO DE INVESTIMENTO FINANCEIRO MULTIMERCADO;2025-11-30;Títulos de Crédito Privado;CCI;N;Para negociação;;;;;1.000000;425284.00;;;PJ;32.402.502/0001-35;QI SOCIEDADEDE CREDITODIRETO SA;2038-03-25;S;IAP;Índice de Preços ao Consumidor Amplo (IPCA/IBGE);100.000000;16.530000;;S;N;
CLASSES - FIF;30.982.547/0001-09;MAUA CAPITAL REAL ESTATE DEBT III - FUNDO DE INVESTIMENTO FINANCEIRO MULTIMERCADO;2025-11-30;Títulos de Crédito Privado;CCI;N;Para negociação;;;;;1.000000;0.00;;;PJ;32.402.502/0001-35;QI SOCIEDADEDE CREDITODIRETO SA;2029-02-25;S;IAP;Índice de Preços ao Consumidor Amplo (IPCA/IBGE);100.000000;16.630000;;S;N;
CLASSES - FIF;30.982.547/0001-09;MAUA CAPITAL REAL ESTATE DEBT III - FUNDO DE INVESTIMENTO FINANCEIRO MULTIMERCADO;2025-11-30;Títulos de Crédito Privado;CCI;N;Para negociação;;;;;1.000000;0.00;;;PJ;32.402.502/0001-35;QI SOCIEDADEDE CREDITODIRETO SA;2033-11-15;S;IAP;Índice de Preços ao Consumidor Amplo (IPCA/IBGE);100.000000;16.770000;;S;N;
CLASSES - FIF;30.982.547/0001-09;MAUA CAPITAL REAL ESTATE DEBT III - FUNDO DE INVESTIMENTO FINANCEIRO MULTIMERCADO;2025-11-30;Títulos de Crédito Privado;CCI;N;Para negociação;;;;;1.000000;1991135.17;;;PJ;32.402.502/0001-35;QI SOCIEDADEDE CREDITODIRETO SA;2038-02-20;S;IAP;Índice de Preços ao Consumidor Amplo (IPCA/IBGE);100.000000;16.770000;;S;N;
CLASSES - FIF;30.982.547/0001-09;MAUA CAPITAL REAL ESTATE DEBT III - FUNDO DE INVESTIMENTO FINANCEIRO MULTIMERCADO;2025-11-30;Títulos de Crédito Privado;CCI;N;Para negociação;;;;;1.000000;50325.17;;;PJ;32.402.502/0001-35;QI SOCIEDADEDE CREDITODIRETO SA;2043-12-28;S;IAP;Índice de Preços ao Consumidor Amplo (IPCA/IBGE);100.000000;16.770000;;S;N;
CLASSES - FIF;30.982.547/0001-09;MAUA CAPITAL REAL ESTATE DEBT III - FUNDO DE INVESTIMENTO FINANCEIRO MULTIMERCADO;2025-11-30;Títulos de Crédito Privado;CCI;N;Para negociação;;;;;1.000000;150413.88;;;PJ;32.402.502/0001-35;QI SOCIEDADEDE CREDITODIRETO SA;2043-06-30;S;IAP;Índice de Preços ao Consumidor Amplo (IPCA/IBGE);100.000000;16.770000;;S;N;
CLASSES - FIF;30.982.547/0001-09;MAUA CAPITAL REAL ESTATE DEBT III - FUNDO DE INVESTIMENTO FINANCEIRO MULTIMERCADO;2025-11-30;Títulos de Crédito Privado;CCI;N;Para negociação;;;;;1.000000;479.10;;;PJ;32.402.502/0001-35;QI SOCIEDADEDE CREDITODIRETO SA;2043-11-10;S;IAP;Índice de Preços ao Consumidor Amplo (IPCA/IBGE);100.000000;16.870000;;S;N;
CLASSES - FIF;30.982.547/0001-09;MAUA CAPITAL REAL ESTATE DEBT III - FUNDO DE INVESTIMENTO FINANCEIRO MULTIMERCADO;2025-11-30;Títulos de Crédito Privado;CCI;N;Para negociação;;;;;1.000000;78499.48;;;PJ;32.402.502/0001-35;QI SOCIEDADEDE CREDITODIRETO SA;2043-12-10;S;IAP;Índice de Preços ao Consumidor Amplo (IPCA/IBGE);100.000000;16.870000;;S;N;
CLASSES - FIF;30.982.547/0001-09;MAUA CAPITAL REAL ESTATE DEBT III - FUNDO DE INVESTIMENTO FINANCEIRO MULTIMERCADO;2025-11-30;Títulos de Crédito Privado;CCI;N;Para negociação;;;;;1.000000;11612.37;;;PJ;32.402.502/0001-35;QI SOCIEDADEDE CREDITODIRETO SA;2028-07-15;S;IAP;Índice de Preços ao Consumidor Amplo (IPCA/IBGE);100.000000;16.870000;;S;N;
CLASSES - FIF;30.982.547/0001-09;MAUA CAPITAL REAL ESTATE DEBT III - FUNDO DE INVESTIMENTO FINANCEIRO MULTIMERCADO;2025-11-30;Títulos de Crédito Privado;CCI;N;Para negociação;;;;;1.000000;36643.86;;;PJ;32.402.502/0001-35;QI SOCIEDADEDE CREDITODIRETO SA;2043-11-18;S;IAP;Índice de Preços ao Consumidor Amplo (IPCA/IBGE);100.000000;16.870000;;S;N;
CLASSES - FIF;30.982.547/0001-09;MAUA CAPITAL REAL ESTATE DEBT III - FUNDO DE INVESTIMENTO FINANCEIRO MULTIMERCADO;2025-11-30;Títulos de Crédito Privado;CCI;N;Para negociação;;;;;1.000000;0.00;;;PJ;32.402.502/0001-35;QI SOCIEDADEDE CREDITODIRETO SA;2044-01-20;S;IAP;Índice de Preços ao Consumidor Amplo (IPCA/IBGE);100.000000;16.870000;;S;N;
CLASSES - FIF;30.982.547/0001-09;MAUA CAPITAL REAL ESTATE DEBT III - FUNDO DE INVESTIMENTO FINANCEIRO MULTIMERCADO;2025-11-30;Títulos de Crédito Privado;CCI;N;Para negociação;;;;;1.000000;186139.36;;;PJ;32.402.502/0001-35;QI SOCIEDADEDE CREDITODIRETO SA;2031-08-20;S;IAP;Índice de Preços ao Consumidor Amplo (IPCA/IBGE);100.000000;16.870000;;S;N;
CLASSES - FIF;30.982.547/0001-09;MAUA CAPITAL REAL ESTATE DEBT III - FUNDO DE INVESTIMENTO FINANCEIRO MULTIMERCADO;2025-11-30;Títulos de Crédito Privado;CCI;N;Para negociação;;;;;1.000000;55600.20;;;PJ;32.402.502/0001-35;QI SOCIEDADEDE CREDITODIRETO SA;2043-09-25;S;IAP;Índice de Preços ao Consumidor Amplo (IPCA/IBGE);100.000000;16.870000;;S;N;
CLASSES - FIF;30.982.547/0001-09;MAUA CAPITAL REAL ESTATE DEBT III - FUNDO DE INVESTIMENTO FINANCEIRO MULTIMERCADO;2025-11-30;Títulos de Crédito Privado;CCI;N;Para negociação;;;;;1.000000;407440.61;;;PJ;32.402.502/0001-35;QI SOCIEDADEDE CREDITODIRETO SA;2042-08-28;S;IAP;Índice de Preços ao Consumidor Amplo (IPCA/IBGE);100.000000;16.870000;;S;N;
CLASSES - FIF;30.982.547/0001-09;MAUA CAPITAL REAL ESTATE DEBT III - FUNDO DE INVESTIMENTO FINANCEIRO MULTIMERCADO;2025-11-30;Títulos de Crédito Privado;CCI;N;Para negociação;;;;;1.000000;67306.86;;;PJ;32.402.502/0001-35;QI SOCIEDADEDE CREDITODIRETO SA;2038-10-28;S;IAP;Índice de Preços ao Consumidor Amplo (IPCA/IBGE);100.000000;16.870000;;S;N;
CLASSES - FIF;30.982.547/0001-09;MAUA CAPITAL REAL ESTATE DEBT III - FUNDO DE INVESTIMENTO FINANCEIRO MULTIMERCADO;2025-11-30;Títulos de Crédito Privado;CCI;N;Para negociação;;;;;1.000000;429.99;;;PJ;32.402.502/0001-35;QI SOCIEDADEDE CREDITODIRETO SA;2042-03-10;S;IAP;Índice de Preços ao Consumidor Amplo (IPCA/IBGE);100.000000;16.900000;;S;N;
CLASSES - FIF;30.982.547/0001-09;MAUA CAPITAL REAL ESTATE DEBT III - FUNDO DE INVESTIMENTO FINANCEIRO MULTIMERCADO;2025-11-30;Títulos de Crédito Privado;CCI;N;Para negociação;;;;;1.000000;96810.05;;;PJ;32.402.502/0001-35;QI SOCIEDADEDE CREDITODIRETO SA;2043-03-20;S;IAP;Índice de Preços ao Consumidor Amplo (IPCA/IBGE);100.000000;16.900000;;S;N;
CLASSES - FIF;30.982.547/0001-09;MAUA CAPITAL REAL ESTATE DEBT III - FUNDO DE INVESTIMENTO FINANCEIRO MULTIMERCADO;2025-11-30;Títulos de Crédito Privado;CCI;N;Para negociação;;;;;1.000000;90299.83;;;PJ;32.402.502/0001-35;QI SOCIEDADEDE CREDITODIRETO SA;2043-05-22;S;IAP;Índice de Preços ao Consumidor Amplo (IPCA/IBGE);100.000000;16.900000;;S;N;
CLASSES - FIF;30.982.547/0001-09;MAUA CAPITAL REAL ESTATE DEBT III - FUNDO DE INVESTIMENTO FINANCEIRO MULTIMERCADO;2025-11-30;Títulos de Crédito Privado;CCI;N;Para negociação;;;;;1.000000;0.00;;;PJ;32.402.502/0001-35;QI SOCIEDADEDE CREDITODIRETO SA;2043-06-05;S;IAP;Índice de Preços ao Consumidor Amplo (IPCA/IBGE);100.000000;17.290000;;S;N;
CLASSES - FIF;30.982.547/0001-09;MAUA CAPITAL REAL ESTATE DEBT III - FUNDO DE INVESTIMENTO FINANCEIRO MULTIMERCADO;2025-11-30;Títulos de Crédito Privado;CCI;N;Para negociação;;;;;2.000000;0.00;;;PJ;32.402.502/0001-35;QI SOCIEDADEDE CREDITODIRETO SA;2043-09-06;S;IAP;Índice de Preços ao Consumidor Amplo (IPCA/IBGE);100.000000;17.290000;;S;N;
CLASSES - FIF;30.982.547/0001-09;MAUA CAPITAL REAL ESTATE DEBT III - FUNDO DE INVESTIMENTO FINANCEIRO MULTIMERCADO;2025-11-30;Títulos de Crédito Privado;CCI;N;Para negociação;;;;;1.000000;523005.54;;;PJ;32.402.502/0001-35;QI SOCIEDADEDE CREDITODIRETO SA;2041-01-10;S;IAP;Índice de Preços ao Consumidor Amplo (IPCA/IBGE);100.000000;17.290000;;S;N;
CLASSES - FIF;30.982.547/0001-09;MAUA CAPITAL REAL ESTATE DEBT III - FUNDO DE INVESTIMENTO FINANCEIRO MULTIMERCADO;2025-11-30;Títulos de Crédito Privado;CCI;N;Para negociação;;;;;1.000000;0.00;;;PJ;32.402.502/0001-35;QI SOCIEDADEDE CREDITODIRETO SA;2043-06-10;S;IAP;Índice de Preços ao Consumidor Amplo (IPCA/IBGE);100.000000;17.290000;;S;N;
CLASSES - FIF;30.982.547/0001-09;MAUA CAPITAL REAL ESTATE DEBT III - FUNDO DE INVESTIMENTO FINANCEIRO MULTIMERCADO;2025-11-30;Títulos de Crédito Privado;CCI;N;Para negociação;;;;;1.000000;117016.54;;;PJ;32.402.502/0001-35;QI SOCIEDADEDE CREDITODIRETO SA;2043-08-10;S;IAP;Índice de Preços ao Consumidor Amplo (IPCA/IBGE);100.000000;17.290000;;S;N;
CLASSES - FIF;30.982.547/0001-09;MAUA CAPITAL REAL ESTATE DEBT III - FUNDO DE INVESTIMENTO FINANCEIRO MULTIMERCADO;2025-11-30;Títulos de Crédito Privado;CCI;N;Para negociação;;;;;1.000000;160710.41;;;PJ;32.402.502/0001-35;QI SOCIEDADEDE CREDITODIRETO SA;2038-12-10;S;IAP;Índice de Preços ao Consumidor Amplo (IPCA/IBGE);100.000000;17.290000;;S;N;
CLASSES - FIF;30.982.547/0001-09;MAUA CAPITAL REAL ESTATE DEBT III - FUNDO DE INVESTIMENTO FINANCEIRO MULTIMERCADO;2025-11-30;Títulos de Crédito Privado;CCI;N;Para negociação;;;;;1.000000;221542.02;;;PJ;32.402.502/0001-35;QI SOCIEDADEDE CREDITODIRETO SA;2034-01-15;S;IAP;Índice de Preços ao Consumidor Amplo (IPCA/IBGE);100.000000;17.290000;;S;N;
CLASSES - FIF;30.982.547/0001-09;MAUA CAPITAL REAL ESTATE DEBT III - FUNDO DE INVESTIMENTO FINANCEIRO MULTIMERCADO;2025-11-30;Títulos de Crédito Privado;CCI;N;Para negociação;;;;;1.000000;7628.84;;;PJ;32.402.502/0001-35;QI SOCIEDADEDE CREDITODIRETO SA;2043-08-15;S;IAP;Índice de Preços ao Consumidor Amplo (IPCA/IBGE);100.000000;17.290000;;S;N;
CLASSES - FIF;30.982.547/0001-09;MAUA CAPITAL REAL ESTATE DEBT III - FUNDO DE INVESTIMENTO FINANCEIRO MULTIMERCADO;2025-11-30;Títulos de Crédito Privado;CCI;N;Para negociação;;;;;4.000000;0.00;;;PJ;32.402.502/0001-35;QI SOCIEDADEDE CREDITODIRETO SA;2033-06-17;S;IAP;Índice de Preços ao Consumidor Amplo (IPCA/IBGE);100.000000;17.290000;;S;N;
CLASSES - FIF;30.982.547/0001-09;MAUA CAPITAL REAL ESTATE DEBT III - FUNDO DE INVESTIMENTO FINANCEIRO MULTIMERCADO;2025-11-30;Títulos de Crédito Privado;CCI;N;Para negociação;;;;;1.000000;0.00;;;PJ;32.402.502/0001-35;QI SOCIEDADEDE CREDITODIRETO SA;2043-09-20;S;IAP;Índice de Preços ao Consumidor Amplo (IPCA/IBGE);100.000000;17.290000;;S;N;
CLASSES - FIF;30.982.547/0001-09;MAUA CAPITAL REAL ESTATE DEBT III - FUNDO DE INVESTIMENTO FINANCEIRO MULTIMERCADO;2025-11-30;Títulos de Crédito Privado;CCI;N;Para negociação;;;;;1.000000;0.00;;;PJ;32.402.502/0001-35;QI SOCIEDADEDE CREDITODIRETO SA;2036-12-22;S;IAP;Índice de Preços ao Consumidor Amplo (IPCA/IBGE);100.000000;17.290000;;S;N;
CLASSES - FIF;30.982.547/0001-09;MAUA CAPITAL REAL ESTATE DEBT III - FUNDO DE INVESTIMENTO FINANCEIRO MULTIMERCADO;2025-11-30;Títulos de Crédito Privado;CCI;N;Para negociação;;;;;2.000000;56512.79;;;PJ;32.402.502/0001-35;QI SOCIEDADEDE CREDITODIRETO SA;2043-08-28;S;IAP;Índice de Preços ao Consumidor Amplo (IPCA/IBGE);100.000000;17.290000;;S;N;
CLASSES - FIF;30.982.547/0001-09;MAUA CAPITAL REAL ESTATE DEBT III - FUNDO DE INVESTIMENTO FINANCEIRO MULTIMERCADO;2025-11-30;Títulos de Crédito Privado;CCI;N;Para negociação;;;;;1.000000;82810.37;;;PJ;32.402.502/0001-35;QI SOCIEDADEDE CREDITODIRETO SA;2035-09-28;S;IAP;Índice de Preços ao Consumidor Amplo (IPCA/IBGE);100.000000;17.290000;;S;N;
CLASSES - FIF;30.982.547/0001-09;MAUA CAPITAL REAL ESTATE DEBT III - FUNDO DE INVESTIMENTO FINANCEIRO MULTIMERCADO;2025-11-30;Títulos de Crédito Privado;CCI;N;Para negociação;;;;;1.000000;0.00;;;PJ;32.402.502/0001-35;QI SOCIEDADEDE CREDITODIRETO SA;2043-06-30;S;IAP;Índice de Preços ao Consumidor Amplo (IPCA/IBGE);100.000000;17.290000;;S;N;
CLASSES - FIF;30.982.547/0001-09;MAUA CAPITAL REAL ESTATE DEBT III - FUNDO DE INVESTIMENTO FINANCEIRO MULTIMERCADO;2025-11-30;Títulos de Crédito Privado;CCI;N;Para negociação;;;;;1.000000;115996.02;;;PJ;32.402.502/0001-35;QI SOCIEDADEDE CREDITODIRETO SA;2038-11-30;S;IAP;Índice de Preços ao Consumidor Amplo (IPCA/IBGE);100.000000;17.290000;;S;N;
CLASSES - FIF;30.982.547/0001-09;MAUA CAPITAL REAL ESTATE DEBT III - FUNDO DE INVESTIMENTO FINANCEIRO MULTIMERCADO;2025-11-30;Títulos de Crédito Privado;CCI;N;Para negociação;;;;;1.000000;17061.14;;;PJ;32.402.502/0001-35;QI SOCIEDADEDE CREDITODIRETO SA;2043-03-07;S;IAP;Índice de Preços ao Consumidor Amplo (IPCA/IBGE);100.000000;17.320000;;S;N;
CLASSES - FIF;30.982.547/0001-09;MAUA CAPITAL REAL ESTATE DEBT III - FUNDO DE INVESTIMENTO FINANCEIRO MULTIMERCADO;2025-11-30;Títulos de Crédito Privado;CCI;N;Para negociação;;;;;1.000000;0.00;;;PJ;32.402.502/0001-35;QI SOCIEDADEDE CREDITODIRETO SA;2031-07-10;S;IAP;Índice de Preços ao Consumidor Amplo (IPCA/IBGE);100.000000;17.320000;;S;N;
CLASSES - FIF;30.982.547/0001-09;MAUA CAPITAL REAL ESTATE DEBT III - FUNDO DE INVESTIMENTO FINANCEIRO MULTIMERCADO;2025-11-30;Títulos de Crédito Privado;CCI;N;Para negociação;;;;;1.000000;0.00;;;PJ;32.402.502/0001-35;QI SOCIEDADEDE CREDITODIRETO SA;2038-04-17;S;IAP;Índice de Preços ao Consumidor Amplo (IPCA/IBGE);100.000000;17.320000;;S;N;
CLASSES - FIF;30.982.547/0001-09;MAUA CAPITAL REAL ESTATE DEBT III - FUNDO DE INVESTIMENTO FINANCEIRO MULTIMERCADO;2025-11-30;Títulos de Crédito Privado;CCI;N;Para negociação;;;;;1.000000;0.00;;;PJ;32.402.502/0001-35;QI SOCIEDADEDE CREDITODIRETO SA;2039-02-20;S;IAP;Índice de Preços ao Consumidor Amplo (IPCA/IBGE);100.000000;17.460000;;S;N;
CLASSES - FIF;30.982.547/0001-09;MAUA CAPITAL REAL ESTATE DEBT III - FUNDO DE INVESTIMENTO FINANCEIRO MULTIMERCADO;2025-11-30;Títulos de Crédito Privado;CCI;N;Para negociação;;;;;1.000000;0.00;;;PJ;32.402.502/0001-35;QI SOCIEDADEDE CREDITODIRETO SA;2031-07-20;S;IAP;Índice de Preços ao Consumidor Amplo (IPCA/IBGE);100.000000;17.460000;;S;N;
CLASSES - FIF;30.982.547/0001-09;MAUA CAPITAL REAL ESTATE DEBT III - FUNDO DE INVESTIMENTO FINANCEIRO MULTIMERCADO;2025-11-30;Títulos de Crédito Privado;CCI;N;Para negociação;;;;;1.000000;0.00;;;PJ;32.402.502/0001-35;QI SOCIEDADEDE CREDITODIRETO SA;2038-07-27;S;IAP;Índice de Preços ao Consumidor Amplo (IPCA/IBGE);100.000000;17.600000;;S;N;
CLASSES - FIF;30.982.547/0001-09;MAUA CAPITAL REAL ESTATE DEBT III - FUNDO DE INVESTIMENTO FINANCEIRO MULTIMERCADO;2025-11-30;Títulos de Crédito Privado;CCI;N;Para negociação;;;;;1.000000;0.00;;;PJ;32.402.502/0001-35;QI SOCIEDADEDE CREDITODIRETO SA;2033-08-12;S;IAP;Índice de Preços ao Consumidor Amplo (IPCA/IBGE);100.000000;17.720000;;S;N;
CLASSES - FIF;30.982.547/0001-09;MAUA CAPITAL REAL ESTATE DEBT III - FUNDO DE INVESTIMENTO FINANCEIRO MULTIMERCADO;2025-11-30;Títulos de Crédito Privado;CCI;N;Para negociação;;;;;1.000000;0.00;;;PJ;32.402.502/0001-35;QI SOCIEDADEDE CREDITODIRETO SA;2044-01-20;S;IAP;Índice de Preços ao Consumidor Amplo (IPCA/IBGE);100.000000;17.720000;;S;N;
CLASSES - FIF;30.982.547/0001-09;MAUA CAPITAL REAL ESTATE DEBT III - FUNDO DE INVESTIMENTO FINANCEIRO MULTIMERCADO;2025-11-30;Títulos de Crédito Privado;CCI;N;Para negociação;;;;;1.000000;0.00;;;PJ;32.402.502/0001-35;QI SOCIEDADEDE CREDITODIRETO SA;2038-08-25;S;IAP;Índice de Preços ao Consumidor Amplo (IPCA/IBGE);100.000000;17.720000;;S;N;
CLASSES - FIF;30.982.547/0001-09;MAUA CAPITAL REAL ESTATE DEBT III - FUNDO DE INVESTIMENTO FINANCEIRO MULTIMERCADO;2025-11-30;Títulos de Crédito Privado;CCI;N;Para negociação;;;;;1.000000;0.00;;;PJ;32.402.502/0001-35;QI SOCIEDADEDE CREDITODIRETO SA;2038-09-25;S;IAP;Índice de Preços ao Consumidor Amplo (IPCA/IBGE);100.000000;17.720000;;S;N;
CLASSES - FIF;30.982.547/0001-09;MAUA CAPITAL REAL ESTATE DEBT III - FUNDO DE INVESTIMENTO FINANCEIRO MULTIMERCADO;2025-11-30;Títulos de Crédito Privado;CCI;N;Para negociação;;;;;3.000000;0.00;;;PJ;32.402.502/0001-35;QI SOCIEDADEDE CREDITODIRETO SA;2040-08-26;S;IAP;Índice de Preços ao Consumidor Amplo (IPCA/IBGE);100.000000;17.720000;;S;N;
CLASSES - FIF;30.982.547/0001-09;MAUA CAPITAL REAL ESTATE DEBT III - FUNDO DE INVESTIMENTO FINANCEIRO MULTIMERCADO;2025-11-30;Títulos de Crédito Privado;CCI;N;Para negociação;;;;;1.000000;245778.06;;;PJ;32.402.502/0001-35;QI SOCIEDADEDE CREDITODIRETO SA;2043-12-28;S;IAP;Índice de Preços ao Consumidor Amplo (IPCA/IBGE);100.000000;17.720000;;S;N;
CLASSES - FIF;30.982.547/0001-09;MAUA CAPITAL REAL ESTATE DEBT III - FUNDO DE INVESTIMENTO FINANCEIRO MULTIMERCADO;2025-11-30;Títulos de Crédito Privado;CCI;N;Para negociação;;;;;1.000000;245316.47;;;PJ;32.402.502/0001-35;QI SOCIEDADEDE CREDITODIRETO SA;2043-04-05;S;IAP;Índice de Preços ao Consumidor Amplo (IPCA/IBGE);100.000000;17.740000;;S;N;
CLASSES - FIF;30.982.547/0001-09;MAUA CAPITAL REAL ESTATE DEBT III - FUNDO DE INVESTIMENTO FINANCEIRO MULTIMERCADO;2025-11-30;Títulos de Crédito Privado;CCI;N;Para negociação;;;;;1.000000;0.00;;;PJ;32.402.502/0001-35;QI SOCIEDADEDE CREDITODIRETO SA;2043-04-10;S;IAP;Índice de Preços ao Consumidor Amplo (IPCA/IBGE);100.000000;17.740000;;S;N;
CLASSES - FIF;30.982.547/0001-09;MAUA CAPITAL REAL ESTATE DEBT III - FUNDO DE INVESTIMENTO FINANCEIRO MULTIMERCADO;2025-11-30;Títulos de Crédito Privado;CCI;N;Para negociação;;;;;1.000000;27551.25;;;PJ;32.402.502/0001-35;QI SOCIEDADEDE CREDITODIRETO SA;2042-01-06;S;IAP;Índice de Preços ao Consumidor Amplo (IPCA/IBGE);100.000000;18.160000;;S;N;
CLASSES - FIF;30.982.547/0001-09;MAUA CAPITAL REAL ESTATE DEBT III - FUNDO DE INVESTIMENTO FINANCEIRO MULTIMERCADO;2025-11-30;Títulos de Crédito Privado;CCI;N;Para negociação;;;;;1.000000;67539.95;;;PJ;32.402.502/0001-35;QI SOCIEDADEDE CREDITODIRETO SA;2043-09-06;S;IAP;Índice de Preços ao Consumidor Amplo (IPCA/IBGE);100.000000;18.160000;;S;N;
CLASSES - FIF;30.982.547/0001-09;MAUA CAPITAL REAL ESTATE DEBT III - FUNDO DE INVESTIMENTO FINANCEIRO MULTIMERCADO;2025-11-30;Títulos de Crédito Privado;CCI;N;Para negociação;;;;;1.000000;0.00;;;PJ;32.402.502/0001-35;QI SOCIEDADEDE CREDITODIRETO SA;2044-01-10;S;IAP;Índice de Preços ao Consumidor Amplo (IPCA/IBGE);100.000000;18.160000;;S;N;
CLASSES - FIF;30.982.547/0001-09;MAUA CAPITAL REAL ESTATE DEBT III - FUNDO DE INVESTIMENTO FINANCEIRO MULTIMERCADO;2025-11-30;Títulos de Crédito Privado;CCI;N;Para negociação;;;;;1.000000;128521.15;;;PJ;32.402.502/0001-35;QI SOCIEDADEDE CREDITODIRETO SA;2043-04-15;S;IAP;Índice de Preços ao Consumidor Amplo (IPCA/IBGE);100.000000;18.160000;;S;N;
CLASSES - FIF;30.982.547/0001-09;MAUA CAPITAL REAL ESTATE DEBT III - FUNDO DE INVESTIMENTO FINANCEIRO MULTIMERCADO;2025-11-30;Títulos de Crédito Privado;CCI;N;Para negociação;;;;;1.000000;0.00;;;PJ;32.402.502/0001-35;QI SOCIEDADEDE CREDITODIRETO SA;2038-09-20;S;IAP;Índice de Preços ao Consumidor Amplo (IPCA/IBGE);100.000000;18.160000;;S;N;
CLASSES - FIF;30.982.547/0001-09;MAUA CAPITAL REAL ESTATE DEBT III - FUNDO DE INVESTIMENTO FINANCEIRO MULTIMERCADO;2025-11-30;Títulos de Crédito Privado;CCI;N;Para negociação;;;;;1.000000;0.00;;;PJ;32.402.502/0001-35;QI SOCIEDADEDE CREDITODIRETO SA;2028-07-30;S;IAP;Índice de Preços ao Consumidor Amplo (IPCA/IBGE);100.000000;18.160000;;S;N;
CLASSES - FIF;30.982.547/0001-09;MAUA CAPITAL REAL ESTATE DEBT III - FUNDO DE INVESTIMENTO FINANCEIRO MULTIMERCADO;2025-11-30;Títulos de Crédito Privado;CCI;N;Para negociação;;;;;1.000000;0.00;;;PJ;32.402.502/0001-35;QI SOCIEDADEDE CREDITODIRETO SA;2043-08-10;S;IAP;Índice de Preços ao Consumidor Amplo (IPCA/IBGE);100.000000;19.560000;;S;N;
CLASSES - FIF;30.982.547/0001-09;MAUA CAPITAL REAL ESTATE DEBT III - FUNDO DE INVESTIMENTO FINANCEIRO MULTIMERCADO;2025-11-30;Títulos de Crédito Privado;CCI;N;Para negociação;;;;;1.000000;124240.93;;;PJ;32.402.502/0001-35;QI SOCIEDADEDE CREDITODIRETO SA;2043-12-20;S;IAP;Índice de Preços ao Consumidor Amplo (IPCA/IBGE);100.000000;19.560000;;S;N;
CLASSES - FIF;30.982.547/0001-09;MAUA CAPITAL REAL ESTATE DEBT III - FUNDO DE INVESTIMENTO FINANCEIRO MULTIMERCADO;2025-11-30;Títulos de Crédito Privado;CCI;N;Para negociação;;;;;1.000000;435828.67;;;PJ;32.402.502/0001-35;QI SOCIEDADEDE CREDITODIRETO SA;2033-06-25;S;IAP;Índice de Preços ao Consumidor Amplo (IPCA/IBGE);100.000000;19.560000;;S;N;
CLASSES - FIF;30.982.547/0001-09;MAUA CAPITAL REAL ESTATE DEBT III - FUNDO DE INVESTIMENTO FINANCEIRO MULTIMERCADO;2025-11-30;Títulos de Crédito Privado;CCI;N;Para negociação;;;;;1.000000;192814.89;;;PJ;32.402.502/0001-35;QI SOCIEDADEDE CREDITODIRETO SA;2051-12-20;S;IAP;Índice de Preços ao Consumidor Amplo (IPCA/IBGE);100.000000;7.950000;;S;N;
CLASSES - FIF;30.982.547/0001-09;MAUA CAPITAL REAL ESTATE DEBT III - FUNDO DE INVESTIMENTO FINANCEIRO MULTIMERCADO;2025-11-30;Títulos de Crédito Privado;CCI;N;Para negociação;;;;;1.000000;0.00;;;PJ;32.402.502/0001-35;QI SOCIEDADEDE CREDITODIRETO SA;2042-01-10;S;IAP;Índice de Preços ao Consumidor Amplo (IPCA/IBGE);100.000000;8.340000;;S;N;
CLASSES - FIF;30.982.547/0001-09;MAUA CAPITAL REAL ESTATE DEBT III - FUNDO DE INVESTIMENTO FINANCEIRO MULTIMERCADO;2025-11-30;Títulos de Crédito Privado;CCI;N;Para negociação;;;;;1.000000;173708.58;;;PJ;32.402.502/0001-35;QI SOCIEDADEDE CREDITODIRETO SA;2052-02-10;S;IAP;Índice de Preços ao Consumidor Amplo (IPCA/IBGE);100.000000;8.340000;;S;N;
CLASSES - FIF;30.982.547/0001-09;MAUA CAPITAL REAL ESTATE DEBT III - FUNDO DE INVESTIMENTO FINANCEIRO MULTIMERCADO;2025-11-30;Títulos de Crédito Privado;CCI;N;Para negociação;;;;;1.000000;74233.73;;;PJ;32.402.502/0001-35;QI SOCIEDADEDE CREDITODIRETO SA;2051-12-10;S;IAP;Índice de Preços ao Consumidor Amplo (IPCA/IBGE);100.000000;8.340000;;S;N;
CLASSES - FIF;30.982.547/0001-09;MAUA CAPITAL REAL ESTATE DEBT III - FUNDO DE INVESTIMENTO FINANCEIRO MULTIMERCADO;2025-11-30;Títulos de Crédito Privado;CCI;N;Para negociação;;;;;1.000000;12040.09;;;PJ;32.402.502/0001-35;QI SOCIEDADEDE CREDITODIRETO SA;2042-04-15;S;IAP;Índice de Preços ao Consumidor Amplo (IPCA/IBGE);100.000000;8.340000;;S;N;
CLASSES - FIF;30.982.547/0001-09;MAUA CAPITAL REAL ESTATE DEBT III - FUNDO DE INVESTIMENTO FINANCEIRO MULTIMERCADO;2025-11-30;Títulos de Crédito Privado;CCI;N;Para negociação;;;;;1.000000;60156.87;;;PJ;32.402.502/0001-35;QI SOCIEDADEDE CREDITODIRETO SA;2037-04-20;S;IAP;Índice de Preços ao Consumidor Amplo (IPCA/IBGE);100.000000;8.340000;;S;N;
CLASSES - FIF;30.982.547/0001-09;MAUA CAPITAL REAL ESTATE DEBT III - FUNDO DE INVESTIMENTO FINANCEIRO MULTIMERCADO;2025-11-30;Títulos de Crédito Privado;CCI;N;Para negociação;;;;;2.000000;78320.01;;;PJ;32.402.502/0001-35;QI SOCIEDADEDE CREDITODIRETO SA;2051-12-30;S;IAP;Índice de Preços ao Consumidor Amplo (IPCA/IBGE);100.000000;8.340000;;S;N;
CLASSES - FIF;30.982.547/0001-09;MAUA CAPITAL REAL ESTATE DEBT III - FUNDO DE INVESTIMENTO FINANCEIRO MULTIMERCADO;2025-11-30;Títulos de Crédito Privado;CCI;N;Para negociação;;;;;1.000000;0.00;;;PJ;32.402.502/0001-35;QI SOCIEDADEDE CREDITODIRETO SA;2051-10-15;S;IAP;Índice de Preços ao Consumidor Amplo (IPCA/IBGE);100.000000;8.343000;;S;N;
CLASSES - FIF;30.982.547/0001-09;MAUA CAPITAL REAL ESTATE DEBT III - FUNDO DE INVESTIMENTO FINANCEIRO MULTIMERCADO;2025-11-30;Títulos de Crédito Privado;CCI;N;Para negociação;;;;;1.000000;148488.33;;;PJ;32.402.502/0001-35;QI SOCIEDADEDE CREDITODIRETO SA;2052-05-15;S;IAP;Índice de Preços ao Consumidor Amplo (IPCA/IBGE);100.000000;8.470000;;S;N;
CLASSES - FIF;30.982.547/0001-09;MAUA CAPITAL REAL ESTATE DEBT III - FUNDO DE INVESTIMENTO FINANCEIRO MULTIMERCADO;2025-11-30;Títulos de Crédito Privado;CCI;N;Para negociação;;;;;1.000000;188270.26;;;PJ;32.402.502/0001-35;QI SOCIEDADEDE CREDITODIRETO SA;2051-12-15;S;IAP;Índice de Preços ao Consumidor Amplo (IPCA/IBGE);100.000000;8.470000;;S;N;
CLASSES - FIF;30.982.547/0001-09;MAUA CAPITAL REAL ESTATE DEBT III - FUNDO DE INVESTIMENTO FINANCEIRO MULTIMERCADO;2025-11-30;Títulos de Crédito Privado;CCI;N;Para negociação;;;;;1.000000;119125.44;;;PJ;32.402.502/0001-35;QI SOCIEDADEDE CREDITODIRETO SA;2051-09-25;S;IAP;Índice de Preços ao Consumidor Amplo (IPCA/IBGE);100.000000;8.470000;;S;N;
CLASSES - FIF;30.982.547/0001-09;MAUA CAPITAL REAL ESTATE DEBT III - FUNDO DE INVESTIMENTO FINANCEIRO MULTIMERCADO;2025-11-30;Títulos de Crédito Privado;CCI;N;Para negociação;;;;;1.000000;0.00;;;PJ;32.402.502/0001-35;QI SOCIEDADEDE CREDITODIRETO SA;2048-11-30;S;IAP;Índice de Preços ao Consumidor Amplo (IPCA/IBGE);100.000000;8.470000;;S;N;
CLASSES - FIF;30.982.547/0001-09;MAUA CAPITAL REAL ESTATE DEBT III - FUNDO DE INVESTIMENTO FINANCEIRO MULTIMERCADO;2025-11-30;Títulos de Crédito Privado;CCI;N;Para negociação;;;;;1.000000;0.00;;;PJ;32.402.502/0001-35;QI SOCIEDADEDE CREDITODIRETO SA;2049-12-30;S;IAP;Índice de Preços ao Consumidor Amplo (IPCA/IBGE);100.000000;8.470000;;S;N;
CLASSES - FIF;30.982.547/0001-09;MAUA CAPITAL REAL ESTATE DEBT III - FUNDO DE INVESTIMENTO FINANCEIRO MULTIMERCADO;2025-11-30;Títulos de Crédito Privado;CCI;N;Para negociação;;;;;1.000000;187885.68;;;PJ;32.402.502/0001-35;QI SOCIEDADEDE CREDITODIRETO SA;2052-07-15;S;IAP;Índice de Preços ao Consumidor Amplo (IPCA/IBGE);100.000000;8.472200;;S;N;
CLASSES - FIF;30.982.547/0001-09;MAUA CAPITAL REAL ESTATE DEBT III - FUNDO DE INVESTIMENTO FINANCEIRO MULTIMERCADO;2025-11-30;Títulos de Crédito Privado;CCI;N;Para negociação;;;;;1.000000;0.00;;;PJ;32.402.502/0001-35;QI SOCIEDADEDE CREDITODIRETO SA;2041-09-10;S;IAP;Índice de Preços ao Consumidor Amplo (IPCA/IBGE);100.000000;8.655600;;S;N;
CLASSES - FIF;30.982.547/0001-09;MAUA CAPITAL REAL ESTATE DEBT III - FUNDO DE INVESTIMENTO FINANCEIRO MULTIMERCADO;2025-11-30;Títulos de Crédito Privado;CCI;N;Para negociação;;;;;1.000000;0.00;;;PJ;32.402.502/0001-35;QI SOCIEDADEDE CREDITODIRETO SA;2051-10-05;S;IAP;Índice de Preços ao Consumidor Amplo (IPCA/IBGE);100.000000;8.730000;;S;N;
CLASSES - FIF;30.982.547/0001-09;MAUA CAPITAL REAL ESTATE DEBT III - FUNDO DE INVESTIMENTO FINANCEIRO MULTIMERCADO;2025-11-30;Títulos de Crédito Privado;CCI;N;Para negociação;;;;;1.000000;0.00;;;PJ;32.402.502/0001-35;QI SOCIEDADEDE CREDITODIRETO SA;2051-11-05;S;IAP;Índice de Preços ao Consumidor Amplo (IPCA/IBGE);100.000000;8.730000;;S;N;
CLASSES - FIF;30.982.547/0001-09;MAUA CAPITAL REAL ESTATE DEBT III - FUNDO DE INVESTIMENTO FINANCEIRO MULTIMERCADO;2025-11-30;Títulos de Crédito Privado;CCI;N;Para negociação;;;;;1.000000;81335.24;;;PJ;32.402.502/0001-35;QI SOCIEDADEDE CREDITODIRETO SA;2045-03-08;S;IAP;Índice de Preços ao Consumidor Amplo (IPCA/IBGE);100.000000;8.730000;;S;N;
CLASSES - FIF;30.982.547/0001-09;MAUA CAPITAL REAL ESTATE DEBT III - FUNDO DE INVESTIMENTO FINANCEIRO MULTIMERCADO;2025-11-30;Títulos de Crédito Privado;CCI;N;Para negociação;;;;;1.000000;70359.47;;;PJ;32.402.502/0001-35;QI SOCIEDADEDE CREDITODIRETO SA;2051-11-10;S;IAP;Índice de Preços ao Consumidor Amplo (IPCA/IBGE);100.000000;8.730000;;S;N;
CLASSES - FIF;30.982.547/0001-09;MAUA CAPITAL REAL ESTATE DEBT III - FUNDO DE INVESTIMENTO FINANCEIRO MULTIMERCADO;2025-11-30;Títulos de Crédito Privado;CCI;N;Para negociação;;;;;1.000000;0.00;;;PJ;32.402.502/0001-35;QI SOCIEDADEDE CREDITODIRETO SA;2051-12-10;S;IAP;Índice de Preços ao Consumidor Amplo (IPCA/IBGE);100.000000;8.730000;;S;N;
CLASSES - FIF;30.982.547/0001-09;MAUA CAPITAL REAL ESTATE DEBT III - FUNDO DE INVESTIMENTO FINANCEIRO MULTIMERCADO;2025-11-30;Títulos de Crédito Privado;CCI;N;Para negociação;;;;;1.000000;121034.90;;;PJ;32.402.502/0001-35;QI SOCIEDADEDE CREDITODIRETO SA;2052-05-11;S;IAP;Índice de Preços ao Consumidor Amplo (IPCA/IBGE);100.000000;8.730000;;S;N;
CLASSES - FIF;30.982.547/0001-09;MAUA CAPITAL REAL ESTATE DEBT III - FUNDO DE INVESTIMENTO FINANCEIRO MULTIMERCADO;2025-11-30;Títulos de Crédito Privado;CCI;N;Para negociação;;;;;1.000000;0.00;;;PJ;32.402.502/0001-35;QI SOCIEDADEDE CREDITODIRETO SA;2052-01-15;S;IAP;Índice de Preços ao Consumidor Amplo (IPCA/IBGE);100.000000;8.730000;;S;N;
CLASSES - FIF;30.982.547/0001-09;MAUA CAPITAL REAL ESTATE DEBT III - FUNDO DE INVESTIMENTO FINANCEIRO MULTIMERCADO;2025-11-30;Títulos de Crédito Privado;CCI;N;Para negociação;;;;;1.000000;387476.73;;;PJ;32.402.502/0001-35;QI SOCIEDADEDE CREDITODIRETO SA;2047-02-15;S;IAP;Índice de Preços ao Consumidor Amplo (IPCA/IBGE);100.000000;8.730000;;S;N;
CLASSES - FIF;30.982.547/0001-09;MAUA CAPITAL REAL ESTATE DEBT III - FUNDO DE INVESTIMENTO FINANCEIRO MULTIMERCADO;2025-11-30;Títulos de Crédito Privado;CCI;N;Para negociação;;;;;1.000000;512176.15;;;PJ;32.402.502/0001-35;QI SOCIEDADEDE CREDITODIRETO SA;2052-02-15;S;IAP;Índice de Preços ao Consumidor Amplo (IPCA/IBGE);100.000000;8.730000;;S;N;
CLASSES - FIF;30.982.547/0001-09;MAUA CAPITAL REAL ESTATE DEBT III - FUNDO DE INVESTIMENTO FINANCEIRO MULTIMERCADO;2025-11-30;Títulos de Crédito Privado;CCI;N;Para negociação;;;;;2.000000;0.00;;;PJ;32.402.502/0001-35;QI SOCIEDADEDE CREDITODIRETO SA;2052-05-15;S;IAP;Índice de Preços ao Consumidor Amplo (IPCA/IBGE);100.000000;8.730000;;S;N;
CLASSES - FIF;30.982.547/0001-09;MAUA CAPITAL REAL ESTATE DEBT III - FUNDO DE INVESTIMENTO FINANCEIRO MULTIMERCADO;2025-11-30;Títulos de Crédito Privado;CCI;N;Para negociação;;;;;1.000000;441583.36;;;PJ;32.402.502/0001-35;QI SOCIEDADEDE CREDITODIRETO SA;2051-10-15;S;IAP;Índice de Preços ao Consumidor Amplo (IPCA/IBGE);100.000000;8.730000;;S;N;
CLASSES - FIF;30.982.547/0001-09;MAUA CAPITAL REAL ESTATE DEBT III - FUNDO DE INVESTIMENTO FINANCEIRO MULTIMERCADO;2025-11-30;Títulos de Crédito Privado;CCI;N;Para negociação;;;;;1.000000;0.00;;;PJ;32.402.502/0001-35;QI SOCIEDADEDE CREDITODIRETO SA;2051-12-15;S;IAP;Índice de Preços ao Consumidor Amplo (IPCA/IBGE);100.000000;8.730000;;S;N;
CLASSES - FIF;30.982.547/0001-09;MAUA CAPITAL REAL ESTATE DEBT III - FUNDO DE INVESTIMENTO FINANCEIRO MULTIMERCADO;2025-11-30;Títulos de Crédito Privado;CCI;N;Para negociação;;;;;1.000000;460744.50;;;PJ;32.402.502/0001-35;QI SOCIEDADEDE CREDITODIRETO SA;2051-11-20;S;IAP;Índice de Preços ao Consumidor Amplo (IPCA/IBGE);100.000000;8.730000;;S;N;
CLASSES - FIF;30.982.547/0001-09;MAUA CAPITAL REAL ESTATE DEBT III - FUNDO DE INVESTIMENTO FINANCEIRO MULTIMERCADO;2025-11-30;Títulos de Crédito Privado;CCI;N;Para negociação;;;;;1.000000;0.00;;;PJ;32.402.502/0001-35;QI SOCIEDADEDE CREDITODIRETO SA;2051-11-26;S;IAP;Índice de Preços ao Consumidor Amplo (IPCA/IBGE);100.000000;8.730000;;S;N;
CLASSES - FIF;30.982.547/0001-09;MAUA CAPITAL REAL ESTATE DEBT III - FUNDO DE INVESTIMENTO FINANCEIRO MULTIMERCADO;2025-11-30;Títulos de Crédito Privado;CCI;N;Para negociação;;;;;1.000000;0.00;;;PJ;32.402.502/0001-35;QI SOCIEDADEDE CREDITODIRETO SA;2051-06-06;S;IAP;Índice de Preços ao Consumidor Amplo (IPCA/IBGE);100.000000;8.731100;;S;N;
CLASSES - FIF;30.982.547/0001-09;MAUA CAPITAL REAL ESTATE DEBT III - FUNDO DE INVESTIMENTO FINANCEIRO MULTIMERCADO;2025-11-30;Títulos de Crédito Privado;CCI;N;Para negociação;;;;;1.000000;1012693.75;;;PJ;32.402.502/0001-35;QI SOCIEDADEDE CREDITODIRETO SA;2052-07-15;S;IAP;Índice de Preços ao Consumidor Amplo (IPCA/IBGE);100.000000;8.731100;;S;N;
CLASSES - FIF;30.982.547/0001-09;MAUA CAPITAL REAL ESTATE DEBT III - FUNDO DE INVESTIMENTO FINANCEIRO MULTIMERCADO;2025-11-30;Títulos de Crédito Privado;CCI;N;Para negociação;;;;;1.000000;0.00;;;PJ;32.402.502/0001-35;QI SOCIEDADEDE CREDITODIRETO SA;2052-09-25;S;IAP;Índice de Preços ao Consumidor Amplo (IPCA/IBGE);100.000000;8.731100;;S;N;
CLASSES - FIF;30.982.547/0001-09;MAUA CAPITAL REAL ESTATE DEBT III - FUNDO DE INVESTIMENTO FINANCEIRO MULTIMERCADO;2025-11-30;Títulos de Crédito Privado;CCI;N;Para negociação;;;;;1.000000;35280.52;;;PJ;32.402.502/0001-35;QI SOCIEDADEDE CREDITODIRETO SA;2051-10-05;S;IAP;Índice de Preços ao Consumidor Amplo (IPCA/IBGE);100.000000;8.990000;;S;N;
CLASSES - FIF;30.982.547/0001-09;MAUA CAPITAL REAL ESTATE DEBT III - FUNDO DE INVESTIMENTO FINANCEIRO MULTIMERCADO;2025-11-30;Títulos de Crédito Privado;CCI;N;Para negociação;;;;;1.000000;78608.78;;;PJ;32.402.502/0001-35;QI SOCIEDADEDE CREDITODIRETO SA;2052-01-10;S;IAP;Índice de Preços ao Consumidor Amplo (IPCA/IBGE);100.000000;8.990000;;S;N;
CLASSES - FIF;30.982.547/0001-09;MAUA CAPITAL REAL ESTATE DEBT III - FUNDO DE INVESTIMENTO FINANCEIRO MULTIMERCADO;2025-11-30;Títulos de Crédito Privado;CCI;N;Para negociação;;;;;1.000000;43910.68;;;PJ;32.402.502/0001-35;QI SOCIEDADEDE CREDITODIRETO SA;2052-03-20;S;IAP;Índice de Preços ao Consumidor Amplo (IPCA/IBGE);100.000000;8.990000;;S;N;
CLASSES - FIF;30.982.547/0001-09;MAUA CAPITAL REAL ESTATE DEBT III - FUNDO DE INVESTIMENTO FINANCEIRO MULTIMERCADO;2025-11-30;Títulos de Crédito Privado;CCI;N;Para negociação;;;;;1.000000;0.00;;;PJ;32.402.502/0001-35;QI SOCIEDADEDE CREDITODIRETO SA;2052-04-20;S;IAP;Índice de Preços ao Consumidor Amplo (IPCA/IBGE);100.000000;8.990000;;S;N;
CLASSES - FIF;30.982.547/0001-09;MAUA CAPITAL REAL ESTATE DEBT III - FUNDO DE INVESTIMENTO FINANCEIRO MULTIMERCADO;2025-11-30;Títulos de Crédito Privado;CCI;N;Para negociação;;;;;1.000000;0.00;;;PJ;32.402.502/0001-35;QI SOCIEDADEDE CREDITODIRETO SA;2052-02-25;S;IAP;Índice de Preços ao Consumidor Amplo (IPCA/IBGE);100.000000;8.990000;;S;N;
CLASSES - FIF;30.982.547/0001-09;MAUA CAPITAL REAL ESTATE DEBT III - FUNDO DE INVESTIMENTO FINANCEIRO MULTIMERCADO;2025-11-30;Títulos de Crédito Privado;CCI;N;Para negociação;;;;;1.000000;139467.82;;;PJ;32.402.502/0001-35;QI SOCIEDADEDE CREDITODIRETO SA;2052-05-25;S;IAP;Índice de Preços ao Consumidor Amplo (IPCA/IBGE);100.000000;8.990000;;S;N;
CLASSES - FIF;30.982.547/0001-09;MAUA CAPITAL REAL ESTATE DEBT III - FUNDO DE INVESTIMENTO FINANCEIRO MULTIMERCADO;2025-11-30;Títulos de Crédito Privado;CCI;N;Para negociação;;;;;1.000000;9456.90;;;PJ;32.402.502/0001-35;QI SOCIEDADEDE CREDITODIRETO SA;2051-12-25;S;IAP;Índice de Preços ao Consumidor Amplo (IPCA/IBGE);100.000000;8.990000;;S;N;
CLASSES - FIF;30.982.547/0001-09;MAUA CAPITAL REAL ESTATE DEBT III - FUNDO DE INVESTIMENTO FINANCEIRO MULTIMERCADO;2025-11-30;Títulos de Crédito Privado;CCI;N;Para negociação;;;;;1.000000;86861.03;;;PJ;32.402.502/0001-35;QI SOCIEDADEDE CREDITODIRETO SA;2052-08-05;S;IAP;Índice de Preços ao Consumidor Amplo (IPCA/IBGE);100.000000;8.990500;;S;N;
CLASSES - FIF;30.982.547/0001-09;MAUA CAPITAL REAL ESTATE DEBT III - FUNDO DE INVESTIMENTO FINANCEIRO MULTIMERCADO;2025-11-30;Títulos de Crédito Privado;CCI;N;Para negociação;;;;;1.000000;322712.61;;;PJ;32.402.502/0001-35;QI SOCIEDADEDE CREDITODIRETO SA;2049-06-10;S;IAP;Índice de Preços ao Consumidor Amplo (IPCA/IBGE);100.000000;8.990500;;S;N;
CLASSES - FIF;30.982.547/0001-09;MAUA CAPITAL REAL ESTATE DEBT III - FUNDO DE INVESTIMENTO FINANCEIRO MULTIMERCADO;2025-11-30;Títulos de Crédito Privado;CCI;N;Para negociação;;;;;1.000000;94036.13;;;PJ;32.402.502/0001-35;QI SOCIEDADEDE CREDITODIRETO SA;2047-07-20;S;IAP;Índice de Preços ao Consumidor Amplo (IPCA/IBGE);100.000000;8.990500;;S;N;
CLASSES - FIF;30.982.547/0001-09;MAUA CAPITAL REAL ESTATE DEBT III - FUNDO DE INVESTIMENTO FINANCEIRO MULTIMERCADO;2025-11-30;Títulos de Crédito Privado;CCI;N;Para negociação;;;;;1.000000;0.00;;;PJ;32.402.502/0001-35;QI SOCIEDADEDE CREDITODIRETO SA;2037-07-29;S;IAP;Índice de Preços ao Consumidor Amplo (IPCA/IBGE);100.000000;8.990500;;S;N;
CLASSES - FIF;30.982.547/0001-09;MAUA CAPITAL REAL ESTATE DEBT III - FUNDO DE INVESTIMENTO FINANCEIRO MULTIMERCADO;2025-11-30;Títulos de Crédito Privado;CCI;N;Para negociação;;;;;1.000000;113119.73;;;PJ;32.402.502/0001-35;QI SOCIEDADEDE CREDITODIRETO SA;2052-03-10;S;IAP;Índice de Preços ao Consumidor Amplo (IPCA/IBGE);100.000000;9.250000;;S;N;
CLASSES - FIF;30.982.547/0001-09;MAUA CAPITAL REAL ESTATE DEBT III - FUNDO DE INVESTIMENTO FINANCEIRO MULTIMERCADO;2025-11-30;Títulos de Crédito Privado;CCI;N;Para negociação;;;;;1.000000;148594.99;;;PJ;32.402.502/0001-35;QI SOCIEDADEDE CREDITODIRETO SA;2051-12-25;S;IAP;Índice de Preços ao Consumidor Amplo (IPCA/IBGE);100.000000;9.510000;;S;N;
CLASSES - FIF;30.982.547/0001-09;MAUA CAPITAL REAL ESTATE DEBT III - FUNDO DE INVESTIMENTO FINANCEIRO MULTIMERCADO;2025-11-30;Títulos de Crédito Privado;CCI;N;Para negociação;;;;;1.000000;42496.35;;;PJ;32.402.502/0001-35;QI SOCIEDADEDE CREDITODIRETO SA;2051-10-30;S;IAP;Índice de Preços ao Consumidor Amplo (IPCA/IBGE);100.000000;9.510000;;S;N;
CLASSES - FIF;30.982.547/0001-09;MAUA CAPITAL REAL ESTATE DEBT III - FUNDO DE INVESTIMENTO FINANCEIRO MULTIMERCADO;2025-11-30;Títulos de Crédito Privado;CCI;N;Para negociação;;;;;1.000000;766833.26;;;PJ;32.402.502/0001-35;QI SOCIEDADEDE CREDITODIRETO SA;2052-10-01;S;IAP;Índice de Preços ao Consumidor Amplo (IPCA/IBGE);100.000000;9.511000;;S;N;
CLASSES - FIF;30.982.547/0001-09;MAUA CAPITAL REAL ESTATE DEBT III - FUNDO DE INVESTIMENTO FINANCEIRO MULTIMERCADO;2025-11-30;Títulos de Crédito Privado;CCI;N;Para negociação;;;;;1.000000;0.00;;;PJ;32.402.502/0001-35;QI SOCIEDADEDE CREDITODIRETO SA;2048-06-16;S;IAP;Índice de Preços ao Consumidor Amplo (IPCA/IBGE);100.000000;9.511000;;S;N;
CLASSES - FIF;30.982.547/0001-09;MAUA CAPITAL REAL ESTATE DEBT III - FUNDO DE INVESTIMENTO FINANCEIRO MULTIMERCADO;2025-11-30;Títulos de Crédito Privado;CCI;N;Para negociação;;;;;1.000000;0.00;;;PJ;32.402.502/0001-35;QI SOCIEDADEDE CREDITODIRETO SA;2052-04-30;S;IAP;Índice de Preços ao Consumidor Amplo (IPCA/IBGE);100.000000;9.770000;;S;N;
CLASSES - FIF;30.982.547/0001-09;MAUA CAPITAL REAL ESTATE DEBT III - FUNDO DE INVESTIMENTO FINANCEIRO MULTIMERCADO;2025-11-30;Títulos de Crédito Privado;CCI;N;Para negociação;;;;;1.000000;112464.67;;;PJ;32.402.502/0001-35;QI SOCIEDADEDE CREDITODIRETO SA;2052-10-25;S;IAP;Índice de Preços ao Consumidor Amplo (IPCA/IBGE);100.000000;9.772200;;S;N;
CLASSES - FIF;30.982.547/0001-09;MAUA CAPITAL REAL ESTATE DEBT III - FUNDO DE INVESTIMENTO FINANCEIRO MULTIMERCADO;2025-11-30;Títulos de Crédito Privado;CCI;N;Para negociação;;;;;1.000000;326785.91;;;PJ;32.402.502/0001-35;QI SOCIEDADEDE CREDITODIRETO SA;2053-01-20;S;INP;Índice Nacional de Preços ao Consumidor (INPC/IBGE);100.000000;9.510000;;S;N;
CLASSES - FIF;30.982.547/0001-09;MAUA CAPITAL REAL ESTATE DEBT III - FUNDO DE INVESTIMENTO FINANCEIRO MULTIMERCADO;2025-11-30;Títulos de Crédito Privado;CCI;N;Para negociação;;;;;1.000000;99422.70;;;PJ;32.402.502/0001-35;QISOCIEDADECFI;2053-11-10;S;IAP;Índice de Preços ao Consumidor Amplo (IPCA/IBGE);100.000000;14.030000;;S;N;
CLASSES - FIF;30.982.547/0001-09;MAUA CAPITAL REAL ESTATE DEBT III - FUNDO DE INVESTIMENTO FINANCEIRO MULTIMERCADO;2025-11-30;Títulos de Crédito Privado;CCI;N;Para negociação;;;;;1.000000;405060.47;;;PJ;32.402.502/0001-35;QISOCIEDADECFI;2045-09-15;S;IAP;Índice de Preços ao Consumidor Amplo (IPCA/IBGE);100.000000;14.030000;;S;N;
CLASSES - FIF;30.982.547/0001-09;MAUA CAPITAL REAL ESTATE DEBT III - FUNDO DE INVESTIMENTO FINANCEIRO MULTIMERCADO;2025-11-30;Títulos de Crédito Privado;CCI;N;Para negociação;;;;;1.000000;34151.47;;;PJ;32.402.502/0001-35;QISOCIEDADECFI;2042-12-15;S;IAP;Índice de Preços ao Consumidor Amplo (IPCA/IBGE);100.000000;14.030000;;S;N;
CLASSES - FIF;30.982.547/0001-09;MAUA CAPITAL REAL ESTATE DEBT III - FUNDO DE INVESTIMENTO FINANCEIRO MULTIMERCADO;2025-11-30;Títulos de Crédito Privado;CCI;N;Para negociação;;;;;1.000000;339034.69;;;PJ;32.402.502/0001-35;QISOCIEDADECFI;2053-12-20;S;IAP;Índice de Preços ao Consumidor Amplo (IPCA/IBGE);100.000000;14.570000;;S;N;
CLASSES - FIF;30.982.547/0001-09;MAUA CAPITAL REAL ESTATE DEBT III - FUNDO DE INVESTIMENTO FINANCEIRO MULTIMERCADO;2025-11-30;Títulos de Crédito Privado;CCI;N;Para negociação;;;;;1.000000;1687120.03;;;PJ;32.402.502/0001-35;QISOCIEDADECFI;2050-06-15;S;IAP;Índice de Preços ao Consumidor Amplo (IPCA/IBGE);100.000000;14.710000;;S;N;
CLASSES - FIF;30.982.547/0001-09;MAUA CAPITAL REAL ESTATE DEBT III - FUNDO DE INVESTIMENTO FINANCEIRO MULTIMERCADO;2025-11-30;Títulos de Crédito Privado;CCI;N;Para negociação;;;;;1.000000;338533.39;;;PJ;32.402.502/0001-35;QISOCIEDADECFI;2053-10-10;S;IAP;Índice de Preços ao Consumidor Amplo (IPCA/IBGE);100.000000;15.120000;;S;N;
CLASSES - FIF;30.982.547/0001-09;MAUA CAPITAL REAL ESTATE DEBT III - FUNDO DE INVESTIMENTO FINANCEIRO MULTIMERCADO;2025-11-30;Títulos de Crédito Privado;CCI;N;Para negociação;;;;;1.000000;470870.90;;;PJ;32.402.502/0001-35;QISOCIEDADECFI;2054-01-15;S;IAP;Índice de Preços ao Consumidor Amplo (IPCA/IBGE);100.000000;15.120000;;S;N;
CLASSES - FIF;30.982.547/0001-09;MAUA CAPITAL REAL ESTATE DEBT III - FUNDO DE INVESTIMENTO FINANCEIRO MULTIMERCADO;2025-11-30;Títulos de Crédito Privado;CCI;N;Para negociação;;;;;1.000000;83700.43;;;PJ;32.402.502/0001-35;QISOCIEDADECFI;2053-10-20;S;IAP;Índice de Preços ao Consumidor Amplo (IPCA/IBGE);100.000000;15.120000;;S;N;
CLASSES - FIF;30.982.547/0001-09;MAUA CAPITAL REAL ESTATE DEBT III - FUNDO DE INVESTIMENTO FINANCEIRO MULTIMERCADO;2025-11-30;Títulos de Crédito Privado;CCI;N;Para negociação;;;;;1.000000;62548.17;;;PJ;32.402.502/0001-35;QISOCIEDADECFI;2054-02-25;S;IAP;Índice de Preços ao Consumidor Amplo (IPCA/IBGE);100.000000;15.120000;;S;N;
CLASSES - FIF;30.982.547/0001-09;MAUA CAPITAL REAL ESTATE DEBT III - FUNDO DE INVESTIMENTO FINANCEIRO MULTIMERCADO;2025-11-30;Títulos de Crédito Privado;CCI;N;Para negociação;;;;;1.000000;20932.93;;;PJ;32.402.502/0001-35;QISOCIEDADECFI;2053-11-30;S;IAP;Índice de Preços ao Consumidor Amplo (IPCA/IBGE);100.000000;15.120000;;S;N;
CLASSES - FIF;30.982.547/0001-09;MAUA CAPITAL REAL ESTATE DEBT III - FUNDO DE INVESTIMENTO FINANCEIRO MULTIMERCADO;2025-11-30;Títulos de Crédito Privado;CCI;N;Para negociação;;;;;1.000000;0.00;;;PJ;32.402.502/0001-35;QISOCIEDADECFI;2053-10-25;S;IAP;Índice de Preços ao Consumidor Amplo (IPCA/IBGE);100.000000;15.660000;;S;N;
CLASSES - FIF;30.982.547/0001-09;MAUA CAPITAL REAL ESTATE DEBT III - FUNDO DE INVESTIMENTO FINANCEIRO MULTIMERCADO;2025-11-30;Títulos de Crédito Privado;CCI;N;Para negociação;;;;;1.000000;0.00;;;PJ;32.402.502/0001-35;QISOCIEDADECFI;2044-01-08;S;IAP;Índice de Preços ao Consumidor Amplo (IPCA/IBGE);100.000000;16.010000;;S;N;
CLASSES - FIF;30.982.547/0001-09;MAUA CAPITAL REAL ESTATE DEBT III - FUNDO DE INVESTIMENTO FINANCEIRO MULTIMERCADO;2025-11-30;Títulos de Crédito Privado;CCI;N;Para negociação;;;;;1.000000;57348.90;;;PJ;32.402.502/0001-35;QISOCIEDADECFI;2054-02-10;S;IAP;Índice de Preços ao Consumidor Amplo (IPCA/IBGE);100.000000;16.210000;;S;N;
CLASSES - FIF;30.982.547/0001-09;MAUA CAPITAL REAL ESTATE DEBT III - FUNDO DE INVESTIMENTO FINANCEIRO MULTIMERCADO;2025-11-30;Títulos de Crédito Privado;CCI;N;Para negociação;;;;;1.000000;154851.22;;;PJ;32.402.502/0001-35;QISOCIEDADECFI;2033-12-28;S;IAP;Índice de Preços ao Consumidor Amplo (IPCA/IBGE);100.000000;16.210000;;S;N;
CLASSES - FIF;30.982.547/0001-09;MAUA CAPITAL REAL ESTATE DEBT III - FUNDO DE INVESTIMENTO FINANCEIRO MULTIMERCADO;2025-11-30;Títulos de Crédito Privado;CCI;N;Para negociação;;;;;1.000000;358161.44;;;PJ;32.402.502/0001-35;QISOCIEDADECFI;2033-10-15;S;IAP;Índice de Preços ao Consumidor Amplo (IPCA/IBGE);100.000000;16.630000;;S;N;
CLASSES - FIF;30.982.547/0001-09;MAUA CAPITAL REAL ESTATE DEBT III - FUNDO DE INVESTIMENTO FINANCEIRO MULTIMERCADO;2025-11-30;Títulos de Crédito Privado;CCI;N;Para negociação;;;;;1.000000;0.00;;;PJ;32.402.502/0001-35;QISOCIEDADECFI;2044-01-01;S;IAP;Índice de Preços ao Consumidor Amplo (IPCA/IBGE);100.000000;16.870000;;S;N;
CLASSES - FIF;30.982.547/0001-09;MAUA CAPITAL REAL ESTATE DEBT III - FUNDO DE INVESTIMENTO FINANCEIRO MULTIMERCADO;2025-11-30;Títulos de Crédito Privado;CCI;N;Para negociação;;;;;1.000000;0.00;;;PJ;32.402.502/0001-35;QISOCIEDADECFI;2043-10-20;S;IAP;Índice de Preços ao Consumidor Amplo (IPCA/IBGE);100.000000;16.870000;;S;N;
CLASSES - FIF;30.982.547/0001-09;MAUA CAPITAL REAL ESTATE DEBT III - FUNDO DE INVESTIMENTO FINANCEIRO MULTIMERCADO;2025-11-30;Títulos de Crédito Privado;CCI;N;Para negociação;;;;;1.000000;0.00;;;PJ;32.402.502/0001-35;QISOCIEDADECFI;2043-06-25;S;IAP;Índice de Preços ao Consumidor Amplo (IPCA/IBGE);100.000000;16.870000;;S;N;
CLASSES - FIF;30.982.547/0001-09;MAUA CAPITAL REAL ESTATE DEBT III - FUNDO DE INVESTIMENTO FINANCEIRO MULTIMERCADO;2025-11-30;Títulos de Crédito Privado;CCI;N;Para negociação;;;;;1.000000;61149.85;;;PJ;32.402.502/0001-35;QISOCIEDADECFI;2028-12-22;S;IAP;Índice de Preços ao Consumidor Amplo (IPCA/IBGE);100.000000;17.040000;;S;N;
CLASSES - FIF;30.982.547/0001-09;MAUA CAPITAL REAL ESTATE DEBT III - FUNDO DE INVESTIMENTO FINANCEIRO MULTIMERCADO;2025-11-30;Títulos de Crédito Privado;CCI;N;Para negociação;;;;;1.000000;61488.88;;;PJ;32.402.502/0001-35;QISOCIEDADECFI;2043-10-20;S;IAP;Índice de Preços ao Consumidor Amplo (IPCA/IBGE);100.000000;17.290000;;S;N;
CLASSES - FIF;30.982.547/0001-09;MAUA CAPITAL REAL ESTATE DEBT III - FUNDO DE INVESTIMENTO FINANCEIRO MULTIMERCADO;2025-11-30;Títulos de Crédito Privado;CCI;N;Para negociação;;;;;1.000000;355292.48;;;PJ;32.402.502/0001-35;QISOCIEDADECFI;2032-02-18;S;IAP;Índice de Preços ao Consumidor Amplo (IPCA/IBGE);100.000000;17.720000;;S;N;
CLASSES - FIF;30.982.547/0001-09;MAUA CAPITAL REAL ESTATE DEBT III - FUNDO DE INVESTIMENTO FINANCEIRO MULTIMERCADO;2025-11-30;Títulos de Crédito Privado;CCI;N;Para negociação;;;;;1.000000;177960.66;;;PJ;32.402.502/0001-35;QISOCIEDADECFI;2043-11-20;S;IAP;Índice de Preços ao Consumidor Amplo (IPCA/IBGE);100.000000;17.720000;;S;N;
CLASSES - FIF;30.982.547/0001-09;MAUA CAPITAL REAL ESTATE DEBT III - FUNDO DE INVESTIMENTO FINANCEIRO MULTIMERCADO;2025-11-30;Títulos de Crédito Privado;CCI;N;Para negociação;;;;;1.000000;99946.23;;;PJ;32.402.502/0001-35;QISOCIEDADECFI;2043-12-10;S;IAP;Índice de Preços ao Consumidor Amplo (IPCA/IBGE);100.000000;18.160000;;S;N;
CLASSES - FIF;30.982.547/0001-09;MAUA CAPITAL REAL ESTATE DEBT III - FUNDO DE INVESTIMENTO FINANCEIRO MULTIMERCADO;2025-11-30;Títulos de Crédito Privado;CCI;N;Para negociação;;;;;1.000000;25967.97;;;PJ;32.402.502/0001-35;QISOCIEDADECFI;2029-09-22;S;IAP;Índice de Preços ao Consumidor Amplo (IPCA/IBGE);100.000000;18.160000;;S;N;
CLASSES - FIF;30.982.547/0001-09;MAUA CAPITAL REAL ESTATE DEBT III - FUNDO DE INVESTIMENTO FINANCEIRO MULTIMERCADO;2025-11-30;Títulos de Crédito Privado;CCI;N;Para negociação;;;;;1.000000;0.00;;;PJ;32.402.502/0001-35;QISOCIEDADECFI;2044-01-18;S;IAP;Índice de Preços ao Consumidor Amplo (IPCA/IBGE);100.000000;20.980000;;S;N;
CLASSES - FIF;30.982.547/0001-09;MAUA CAPITAL REAL ESTATE DEBT III - FUNDO DE INVESTIMENTO FINANCEIRO MULTIMERCADO;2025-11-30;Títulos de Crédito Privado;CCI;N;Para negociação;;;;;1.000000;0.00;;;PJ;22.610.500/0001-88;VORTX DTVM;2043-11-05;S;IAP;Índice de Preços ao Consumidor Amplo (IPCA/IBGE);100.000000;17.720000;;S;N;
CLASSES - FIF;31.158.712/0001-67;HARMONIA FUNDO DE INVESTIMENTO MULTIMERCADO CREDITO PRIVADO;2025-11-30;Debêntures;Debênture simples;N;Para negociação;;;;;2801.000000;2794967.08;;;PJ;49.947.676/0001-86;CREDITCORP SECU;2028-08-21;N;;;;;0.000000;S;N;
CLASSES - FIF;31.247.970/0001-10;JULIUS BAER GESTÃO DE CRÉDITO SELETIVO 120 CRED PRIV FIF MULTIMERCADO - RESPONSABILIDADE LIMITADA;2025-11-30;Debêntures;Debênture simples;N;Para negociação;;;;;2217.000000;2238320.99;;;PJ;55.085.811/0001-24;EXES SECURITIZA;2031-10-20;S;DI1;DI de um dia;100.000000;1.000000;;S;N;
CLASSES - FIF;31.570.107/0001-07;KINEA KP FUNDO DE INVESTIMENTO FINANCEIRO MULTIMERCADO CRÉDITO PRIVADO RESP LIMITADA;2025-11-30;Títulos ligados ao agronegócio;CPR;N;Para negociação;;;;;37686.000000;36406782.44;;;PJ;83.054.478/0001-21;ADAMI SA MADEIRAS;2031-09-15;S;DOL;Dólar comercial;100.000000;6.500000;;N;N;
CLASSES - FIF;31.908.005/0001-40;G5 SHLIMS FUNDO INCENTIVADO DE INVESTIMENTO FINANCEIRO EM INFRAESTRUTURA  RENDA FIXA;2025-11-30;Debêntures;Debênture simples;N;Para negociação;;;;;490.000000;483434.05;;;PJ;07.714.104/0001-07;GIGA MAIS FIBRA TELECOMUNICACOES S.A.;2031-10-15;S;IAP;Índice de Preços ao Consumidor Amplo (IPCA/IBGE);100.000000;10.347900;;S;N;
CLASSES - FIF;31.943.951/0001-28;MMCP QI FUNDO DE INVESTIMENTO FINANCEIRO MULTIMERCADO CRÉDITO PRIVADO RESPONSABILIDADE LIMITADA;2025-11-30;Títulos de Crédito Privado;Nota Promissória/ Commercial Paper/ Export Note;N;Para negociação;;;;;25.000000;100443.21;;;PJ;61.167.060/0001-98;INDUSTRIA QUIMICA KIMBERLIT LTDA;2027-03-31;S;DI1;DI de um dia;100.000000;6.000000;;S;N;
CLASSES - FIF;32.075.119/0001-10;ARX HEDGE MASTER FIF EM INFRAESTRUTURA RENDA FIXA - RESPONSABILIDADE LIMITADA;2025-11-30;Debêntures;Debênture simples;N;Para negociação;;;;;14235.000000;14069898.53;;;PJ;06.981.180/0001-16;CEMIG DISTRIBUIÇÃO S/A;2037-10-15;S;IAP;Índice de Preços ao Consumidor Amplo (IPCA/IBGE);100.000000;7.169628;;S;N;
CLASSES - FIF;32.158.821/0001-47;G5 SUNSET FUNDO DE INVESTIMENTO FINANCEIRO MULTIMERCADO;2025-11-30;Títulos ligados ao agronegócio;CRA;N;Para negociação;;;;;298.000000;37582.78;;;PJ;10.753.164/0001-43;ECO SECURITIZADORA DE DIREITOS CREDITORIOS DO AGRO;2025-12-15;S;DI1;DI de um dia;100.000000;9.000000;;S;N;
CLASSES - FIF;32.240.314/0001-58;PG3 FUNDO DE INVESTIMENTO FINANCEIRO MULTIMERCADO;2025-11-30;Debêntures;Debênture simples;N;Para negociação;;;;;26930278.000000;5415442.65;;;PJ;31.908.144/0001-74;SRC HOLDING PARTICIPACOES S.A.;2050-04-17;N;;;;;0.000000;S;N;
CLASSES - FIF;32.302.132/0001-64;M100 FUNDO DE INVESTIMENTO FINANCEIRO MULTIMERCADO CRÉDITO PRIVADO RESPONSABILIDADE LIMITADA;2025-11-30;Debêntures;Debênture simples;N;Para negociação;0.000000;0.00;0.000000;0.00;100.000000;510618.90;;;PJ;36.788.309/0001-35;DDR CAPITAL SECURITIZADORA S/A;2035-05-06;S;IAP;Índice de Preços ao Consumidor Amplo (IPCA/IBGE);100.000000;18.155913;;S;N;
CLASSES - FIF;32.312.678/0001-04;ARX DENALI PREVIDÊNCIA FI FINANCEIRO RENDA FIXA CRÉDITO PRIVADO - RESPONSABILIDADE LIMITADA;2025-11-30;Debêntures;Debênture simples;N;Para negociação;;;;;106000.000000;107010942.99;;;PJ;55.085.811/0001-24;ÉXES SECURITIZADORA S.A.;2031-10-20;S;DI1;DI de um dia;100.000000;1.121225;;S;N;
CLASSES - FIF;32.312.678/0001-04;ARX DENALI PREVIDÊNCIA FI FINANCEIRO RENDA FIXA CRÉDITO PRIVADO - RESPONSABILIDADE LIMITADA;2025-11-30;Títulos de Crédito Privado;Nota Promissória/ Commercial Paper/ Export Note;N;Para negociação;;;;;29900.000000;30283195.47;;;PJ;10.647.979/0001-48;CONCESSIONARIA ROTA DAS BANDEIRAS S;2027-10-28;S;DI1;DI de um dia;100.000000;0.699991;;S;N;
CLASSES - FIF;32.312.678/0001-04;ARX DENALI PREVIDÊNCIA FI FINANCEIRO RENDA FIXA CRÉDITO PRIVADO - RESPONSABILIDADE LIMITADA;2025-11-30;Títulos de Crédito Privado;Nota Promissória/ Commercial Paper/ Export Note;N;Para negociação;;;;;27890.000000;30136505.50;;;PJ;15.139.629/0001-94;CIA ELETRICIDADE ESTADO BAHIA COELB;2028-12-20;S;DI1;DI de um dia;100.000000;1.339308;;S;N;
CLASSES - FIF;32.312.678/0001-04;ARX DENALI PREVIDÊNCIA FI FINANCEIRO RENDA FIXA CRÉDITO PRIVADO - RESPONSABILIDADE LIMITADA;2025-11-30;Títulos de Crédito Privado;Nota Promissória/ Commercial Paper/ Export Note;N;Para negociação;;;;;30291.000000;32730903.13;;;PJ;15.139.629/0001-94;CIA ELETRICIDADE ESTADO BAHIA COELB;2028-12-20;S;DI1;DI de um dia;100.000000;1.333980;;S;N;
CLASSES - FIF;32.312.678/0001-04;ARX DENALI PREVIDÊNCIA FI FINANCEIRO RENDA FIXA CRÉDITO PRIVADO - RESPONSABILIDADE LIMITADA;2025-11-30;Títulos de Crédito Privado;Nota Promissória/ Commercial Paper/ Export Note;N;Para negociação;;;;;37763.000000;40803348.34;;;PJ;10.835.932/0001-08;CELPE - CIA ENERGÉTICA DE PERNAMBUC;2028-12-20;S;DI1;DI de um dia;100.000000;1.380184;;S;N;
CLASSES - FIF;32.312.678/0001-04;ARX DENALI PREVIDÊNCIA FI FINANCEIRO RENDA FIXA CRÉDITO PRIVADO - RESPONSABILIDADE LIMITADA;2025-11-30;Títulos de Crédito Privado;Nota Promissória/ Commercial Paper/ Export Note;N;Para negociação;;;;;6800.000000;7365590.24;;;PJ;50.746.577/0001-15;COSAN SA INDUSTRIA E COMERCIO;2028-12-27;S;DI1;DI de um dia;100.000000;1.742867;;S;N;
CLASSES - FIF;32.312.678/0001-04;ARX DENALI PREVIDÊNCIA FI FINANCEIRO RENDA FIXA CRÉDITO PRIVADO - RESPONSABILIDADE LIMITADA;2025-11-30;Títulos de Crédito Privado;Nota Promissória/ Commercial Paper/ Export Note;N;Para negociação;;;;;11892.000000;12881117.52;;;PJ;50.746.577/0001-15;COSAN SA INDUSTRIA E COMERCIO;2028-12-27;S;DI1;DI de um dia;100.000000;1.759578;;S;N;
CLASSES - FIF;32.312.678/0001-04;ARX DENALI PREVIDÊNCIA FI FINANCEIRO RENDA FIXA CRÉDITO PRIVADO - RESPONSABILIDADE LIMITADA;2025-11-30;Títulos de Crédito Privado;Nota Promissória/ Commercial Paper/ Export Note;N;Para negociação;;;;;10570.000000;11449160.13;;;PJ;50.746.577/0001-15;COSAN SA INDUSTRIA E COMERCIO;2028-12-27;S;DI1;DI de um dia;100.000000;1.732747;;S;N;
CLASSES - FIF;32.312.678/0001-04;ARX DENALI PREVIDÊNCIA FI FINANCEIRO RENDA FIXA CRÉDITO PRIVADO - RESPONSABILIDADE LIMITADA;2025-11-30;Títulos de Crédito Privado;Nota Promissória/ Commercial Paper/ Export Note;N;Para negociação;;;;;11366.000000;12311367.46;;;PJ;50.746.577/0001-15;COSAN SA INDUSTRIA E COMERCIO;2028-12-27;S;DI1;DI de um dia;100.000000;1.754087;;S;N;
CLASSES - FIF;32.312.678/0001-04;ARX DENALI PREVIDÊNCIA FI FINANCEIRO RENDA FIXA CRÉDITO PRIVADO - RESPONSABILIDADE LIMITADA;2025-11-30;Títulos de Crédito Privado;Nota Promissória/ Commercial Paper/ Export Note;N;Para negociação;;;;;7820.000000;8470428.78;;;PJ;50.746.577/0001-15;COSAN SA INDUSTRIA E COMERCIO;2028-12-27;S;DI1;DI de um dia;100.000000;1.733457;;S;N;
CLASSES - FIF;32.312.678/0001-04;ARX DENALI PREVIDÊNCIA FI FINANCEIRO RENDA FIXA CRÉDITO PRIVADO - RESPONSABILIDADE LIMITADA;2025-11-30;Títulos de Crédito Privado;Nota Promissória/ Commercial Paper/ Export Note;N;Para negociação;;;;;480.000000;509880.06;;;PJ;50.746.577/0001-15;COSAN SA INDUSTRIA E COMERCIO;2031-01-30;S;DI1;DI de um dia;100.000000;1.716053;;S;N;
CLASSES - FIF;32.312.678/0001-04;ARX DENALI PREVIDÊNCIA FI FINANCEIRO RENDA FIXA CRÉDITO PRIVADO - RESPONSABILIDADE LIMITADA;2025-11-30;Títulos de Crédito Privado;Nota Promissória/ Commercial Paper/ Export Note;N;Para negociação;;;;;6985.000000;7419817.19;;;PJ;50.746.577/0001-15;COSAN SA INDUSTRIA E COMERCIO;2031-01-30;S;DI1;DI de um dia;100.000000;1.804343;;S;N;
CLASSES - FIF;32.319.373/0001-16;ARX ELBRUS MASTER II FUNDO INCENTIVADO DE INVESTIMENTO FINANCEIRO EM INFRA RENDA FIXA  - RESP LTDA;2025-11-30;Debêntures;Debênture simples;N;Para negociação;;;;;11508.000000;11374527.03;;;PJ;06.981.180/0001-16;CEMIG DISTRIBUIÇÃO S/A;2037-10-15;S;IAP;Índice de Preços ao Consumidor Amplo (IPCA/IBGE);100.000000;7.169628;;S;N;
CLASSES - FIF;32.346.713/0001-06;WESTERN ASSET ADVISORY XP SEGUROS RENDA FIXA ATIVO FIF PREVIDENCIÁRIO - RESPONSABILIDADE LIMITADA;2025-11-30;Debêntures;Debênture simples;N;Para negociação;;;;;14.000000;14125.49;;;PJ;08.402.943/0001-52;GUARARAPES CONFECÇÕES SA;2028-10-15;S;DI1;DI de um dia;100.000000;33.778484;;S;N;
CLASSES - FIF;32.356.892/0001-54;QUATA CLO FUNDO DE INVESTIMENTO MULTIMERCADO CREDITO PRIVADO;2025-11-30;Debêntures;Debênture simples;N;Para negociação;;;;;1170.000000;364684.40;;;PJ;20.611.180/0002-36;SETELOC SA;2026-12-26;S;DI1;DI de um dia;100.000000;6.876047;;S;N;
CLASSES - FIF;32.356.892/0001-54;QUATA CLO FUNDO DE INVESTIMENTO MULTIMERCADO CREDITO PRIVADO;2025-11-30;Títulos de Crédito Privado;CCB;N;Para negociação;;;;;957.000000;678577.28;;;PJ;04.931.019/0001-02;Brasbunker Par;2026-10-22;N;;;;;25.340100;S;N;
CLASSES - FIF;32.356.892/0001-54;QUATA CLO FUNDO DE INVESTIMENTO MULTIMERCADO CREDITO PRIVADO;2025-11-30;Títulos de Crédito Privado;CCB;N;Para negociação;;;;;220.000000;27924.83;;;PJ;05.826.986/0001-77;Frigorifico Be;2026-02-18;S;DI1;DI de um dia;100.000000;7.500000;;S;N;
CLASSES - FIF;32.356.892/0001-54;QUATA CLO FUNDO DE INVESTIMENTO MULTIMERCADO CREDITO PRIVADO;2025-11-30;Títulos de Crédito Privado;CCB;N;Para negociação;;;;;900.000000;90657.29;;;PJ;78.269.545/0001-95;LATI SAO JOAO;2026-02-27;S;DI1;DI de um dia;100.000000;5.819999;;S;N;
CLASSES - FIF;32.356.892/0001-54;QUATA CLO FUNDO DE INVESTIMENTO MULTIMERCADO CREDITO PRIVADO;2025-11-30;Títulos de Crédito Privado;CCB;N;Para negociação;;;;;1145.000000;259824.76;;;PJ;77.591.402/0001-32;JOTA ELE CONSTR;2026-03-10;S;DI1;DI de um dia;100.000000;7.500000;;S;N;
CLASSES - FIF;32.356.892/0001-54;QUATA CLO FUNDO DE INVESTIMENTO MULTIMERCADO CREDITO PRIVADO;2025-11-30;Títulos de Crédito Privado;CCB;N;Para negociação;;;;;1016.000000;346559.07;;;PJ;08.736.011/0001-46;GRAN COFFEE COM;2026-03-30;S;DI1;DI de um dia;100.000000;5.900000;;S;N;
CLASSES - FIF;32.356.892/0001-54;QUATA CLO FUNDO DE INVESTIMENTO MULTIMERCADO CREDITO PRIVADO;2025-11-30;Títulos de Crédito Privado;CCB;N;Para negociação;;;;;2022.000000;688900.84;;;PJ;02.060.862/0011-07;SUPERFRIO DISTR;2026-04-06;S;DI1;DI de um dia;100.000000;5.999999;;S;N;
CLASSES - FIF;32.356.892/0001-54;QUATA CLO FUNDO DE INVESTIMENTO MULTIMERCADO CREDITO PRIVADO;2025-11-30;Títulos de Crédito Privado;CCB;N;Para negociação;;;;;945.000000;266747.69;;;PJ;05.651.966/0001-02;DCENTER DISTRIB;2026-04-15;S;DI1;DI de um dia;100.000000;6.000000;;S;N;
CLASSES - FIF;32.356.892/0001-54;QUATA CLO FUNDO DE INVESTIMENTO MULTIMERCADO CREDITO PRIVADO;2025-11-30;Títulos de Crédito Privado;CCB;N;Para negociação;;;;;3477.000000;1341270.84;;;PJ;04.931.019/0001-02;Brasbunker Par;2026-09-08;S;DI1;DI de um dia;100.000000;11.250000;;S;N;
CLASSES - FIF;32.356.892/0001-54;QUATA CLO FUNDO DE INVESTIMENTO MULTIMERCADO CREDITO PRIVADO;2025-11-30;Títulos de Crédito Privado;CCB;N;Para negociação;;;;;1000.000000;385755.20;;;PJ;04.931.019/0001-02;Brasbunker Par;2026-09-08;S;DI1;DI de um dia;100.000000;11.249999;;S;N;
CLASSES - FIF;32.356.892/0001-54;QUATA CLO FUNDO DE INVESTIMENTO MULTIMERCADO CREDITO PRIVADO;2025-11-30;Títulos de Crédito Privado;CCB;N;Para negociação;;;;;1041.000000;448286.48;;;PJ;83.675.413/0001-01;MACROMAQ EQUIP;2026-09-10;S;DI1;DI de um dia;100.000000;8.747461;;S;N;
CLASSES - FIF;32.356.892/0001-54;QUATA CLO FUNDO DE INVESTIMENTO MULTIMERCADO CREDITO PRIVADO;2025-11-30;Títulos de Crédito Privado;CCB;N;Para negociação;;;;;1686.000000;649235.26;;;PJ;01.261.681/0001-04;WHB AUTOMOTIVE;2026-09-28;S;DI1;DI de um dia;100.000000;9.000000;;S;N;
CLASSES - FIF;32.356.892/0001-54;QUATA CLO FUNDO DE INVESTIMENTO MULTIMERCADO CREDITO PRIVADO;2025-11-30;Títulos de Crédito Privado;CCB;N;Para negociação;;;;;1057.000000;802144.92;;;PJ;01.261.681/0001-04;WHB AUTOMOTIVE;2026-10-09;S;DI1;DI de um dia;100.000000;9.000000;;S;N;
CLASSES - FIF;32.356.892/0001-54;QUATA CLO FUNDO DE INVESTIMENTO MULTIMERCADO CREDITO PRIVADO;2025-11-30;Títulos de Crédito Privado;CCB;N;Para negociação;;;;;896.000000;302381.26;;;PJ;84.229.889/0001-73;Brandili Textil;2026-10-26;S;DI1;DI de um dia;100.000000;6.000000;;S;N;
CLASSES - FIF;32.356.892/0001-54;QUATA CLO FUNDO DE INVESTIMENTO MULTIMERCADO CREDITO PRIVADO;2025-11-30;Títulos de Crédito Privado;CCB;N;Para negociação;;;;;1721.000000;1735224.35;;;PJ;10.635.691/0001-53;VIA RONDON CONC;2026-11-12;S;DI1;DI de um dia;100.000000;5.000000;;S;N;
CLASSES - FIF;32.356.892/0001-54;QUATA CLO FUNDO DE INVESTIMENTO MULTIMERCADO CREDITO PRIVADO;2025-11-30;Títulos de Crédito Privado;CCB;N;Para negociação;;;;;2320.000000;1571003.59;;;PJ;09.267.996/0001-70;YUNY INCORP HOL;2026-11-27;S;DI1;DI de um dia;100.000000;6.900000;;S;N;
CLASSES - FIF;32.356.892/0001-54;QUATA CLO FUNDO DE INVESTIMENTO MULTIMERCADO CREDITO PRIVADO;2025-11-30;Títulos de Crédito Privado;CCB;N;Para negociação;;;;;812.000000;727531.41;;;PJ;01.025.974/0001-92;VINCULA IND.COM;2026-12-18;S;DI1;DI de um dia;100.000000;8.250000;;S;N;
CLASSES - FIF;32.356.892/0001-54;QUATA CLO FUNDO DE INVESTIMENTO MULTIMERCADO CREDITO PRIVADO;2025-11-30;Títulos de Crédito Privado;CCB;N;Para negociação;;;;;1182.000000;96210.14;;;PJ;02.045.487/0001-54;MARISOL VESTUA;2027-02-15;S;DI1;DI de um dia;100.000000;5.500100;;S;N;
CLASSES - FIF;32.356.892/0001-54;QUATA CLO FUNDO DE INVESTIMENTO MULTIMERCADO CREDITO PRIVADO;2025-11-30;Títulos de Crédito Privado;CCB;N;Para negociação;;;;;49.000000;21994.95;;;PJ;02.045.487/0001-54;MARISOL VESTUA;2027-02-15;S;DI1;DI de um dia;100.000000;5.500000;;S;N;
CLASSES - FIF;32.356.892/0001-54;QUATA CLO FUNDO DE INVESTIMENTO MULTIMERCADO CREDITO PRIVADO;2025-11-30;Títulos de Crédito Privado;CCB;N;Para negociação;;;;;1306.000000;930160.90;;;PJ;86.445.822/0001-00;COPOBRAS S/A;2027-04-05;S;DI1;DI de um dia;100.000000;5.500000;;S;N;
CLASSES - FIF;32.356.892/0001-54;QUATA CLO FUNDO DE INVESTIMENTO MULTIMERCADO CREDITO PRIVADO;2025-11-30;Títulos de Crédito Privado;CCB;N;Para negociação;;;;;420.000000;299132.91;;;PJ;86.445.822/0001-00;COPOBRAS S/A;2027-04-05;S;DI1;DI de um dia;100.000000;5.499999;;S;N;
CLASSES - FIF;32.356.892/0001-54;QUATA CLO FUNDO DE INVESTIMENTO MULTIMERCADO CREDITO PRIVADO;2025-11-30;Títulos de Crédito Privado;CCB;N;Para negociação;;;;;2338.000000;1801845.87;;;PJ;27.036.543/0001-15;ITV URBANISMO;2027-10-25;S;DI1;DI de um dia;100.000000;5.499999;;S;N;
CLASSES - FIF;32.356.892/0001-54;QUATA CLO FUNDO DE INVESTIMENTO MULTIMERCADO CREDITO PRIVADO;2025-11-30;Títulos de Crédito Privado;CCB;N;Para negociação;;;;;285.000000;219643.32;;;PJ;27.036.543/0001-15;ITV URBANISMO;2027-10-25;S;DI1;DI de um dia;100.000000;5.500001;;S;N;
CLASSES - FIF;32.356.892/0001-54;QUATA CLO FUNDO DE INVESTIMENTO MULTIMERCADO CREDITO PRIVADO;2025-11-30;Títulos de Crédito Privado;CCB;N;Para negociação;;;;;1500.000000;1141300.89;;;PJ;50.935.576/0001-19;PLASCAR INDUSTR;2027-12-13;S;DI1;DI de um dia;100.000000;9.371248;;S;N;
CLASSES - FIF;32.356.892/0001-54;QUATA CLO FUNDO DE INVESTIMENTO MULTIMERCADO CREDITO PRIVADO;2025-11-30;Títulos de Crédito Privado;CCB;N;Para negociação;;;;;1705.000000;1294864.94;;;PJ;61.532.198/0001-49;DELGA IND COM;2027-12-15;S;DI1;DI de um dia;100.000000;5.918214;;S;N;
CLASSES - FIF;32.356.892/0001-54;QUATA CLO FUNDO DE INVESTIMENTO MULTIMERCADO CREDITO PRIVADO;2025-11-30;Títulos de Crédito Privado;CCB;N;Para negociação;;;;;2540.000000;1589201.08;;;PJ;23.169.418/0001-22;PARANA EMPR.IMO;2028-01-05;S;DI1;DI de um dia;100.000000;6.000000;;S;N;
CLASSES - FIF;32.356.892/0001-54;QUATA CLO FUNDO DE INVESTIMENTO MULTIMERCADO CREDITO PRIVADO;2025-11-30;Títulos de Crédito Privado;CCB;N;Para negociação;;;;;2188.000000;1704737.42;;;PJ;32.402.502/0001-35;QI Sociedade de;2028-03-27;S;DI1;DI de um dia;100.000000;5.999999;;S;N;
CLASSES - FIF;32.356.892/0001-54;QUATA CLO FUNDO DE INVESTIMENTO MULTIMERCADO CREDITO PRIVADO;2025-11-30;Títulos de Crédito Privado;CCB;N;Para negociação;;;;;848.000000;792838.14;;;PJ;32.402.502/0001-35;QI Sociedade de;2028-03-27;S;DI1;DI de um dia;100.000000;6.000000;;S;N;
CLASSES - FIF;32.356.892/0001-54;QUATA CLO FUNDO DE INVESTIMENTO MULTIMERCADO CREDITO PRIVADO;2025-11-30;Títulos de Crédito Privado;CCB;N;Para negociação;;;;;1700.000000;1253291.02;;;PJ;23.169.418/0001-22;PARANA EMPR.IMO;2028-05-05;S;DI1;DI de um dia;100.000000;5.750000;;S;N;
CLASSES - FIF;32.356.892/0001-54;QUATA CLO FUNDO DE INVESTIMENTO MULTIMERCADO CREDITO PRIVADO;2025-11-30;Títulos de Crédito Privado;Nota Promissória/ Commercial Paper/ Export Note;N;Para negociação;;;;;596.000000;33348.81;;;PJ;61.554.028/0001-65;CECIL S/A - LAMINACAO DE METAIS;2025-12-15;S;DI1;DI de um dia;100.000000;6.001942;;S;N;
CLASSES - FIF;32.356.892/0001-54;QUATA CLO FUNDO DE INVESTIMENTO MULTIMERCADO CREDITO PRIVADO;2025-11-30;Títulos de Crédito Privado;Nota Promissória/ Commercial Paper/ Export Note;N;Para negociação;;;;;500.000000;27977.19;;;PJ;61.554.028/0001-65;CECIL S/A - LAMINACAO DE METAIS;2025-12-15;S;DI1;DI de um dia;100.000000;5.999999;;S;N;
CLASSES - FIF;32.356.892/0001-54;QUATA CLO FUNDO DE INVESTIMENTO MULTIMERCADO CREDITO PRIVADO;2025-11-30;Títulos de Crédito Privado;Nota Promissória/ Commercial Paper/ Export Note;N;Para negociação;;;;;500.000000;67007.82;;;PJ;05.826.986/0001-77;Frigorifico Better Beef Ltda;2026-01-26;S;DI1;DI de um dia;100.000000;5.999999;;S;N;
CLASSES - FIF;32.356.892/0001-54;QUATA CLO FUNDO DE INVESTIMENTO MULTIMERCADO CREDITO PRIVADO;2025-11-30;Títulos de Crédito Privado;Nota Promissória/ Commercial Paper/ Export Note;N;Para negociação;;;;;66.000000;44646.39;;;PJ;32.402.502/0001-35;QI Sociedade de Crédito Direto S.A.;2026-03-11;S;DI1;DI de um dia;100.000000;5.499999;;S;N;
CLASSES - FIF;32.356.892/0001-54;QUATA CLO FUNDO DE INVESTIMENTO MULTIMERCADO CREDITO PRIVADO;2025-11-30;Títulos de Crédito Privado;Nota Promissória/ Commercial Paper/ Export Note;N;Para negociação;;;;;1805.000000;1221011.12;;;PJ;32.402.502/0001-35;QI Sociedade de Crédito Direto S.A.;2026-03-11;S;DI1;DI de um dia;100.000000;5.500000;;S;N;
CLASSES - FIF;32.356.892/0001-54;QUATA CLO FUNDO DE INVESTIMENTO MULTIMERCADO CREDITO PRIVADO;2025-11-30;Títulos de Crédito Privado;Nota Promissória/ Commercial Paper/ Export Note;N;Para negociação;;;;;800.000000;324889.84;;;PJ;05.826.986/0001-77;Frigorifico Better Beef Ltda;2026-05-04;S;DI1;DI de um dia;100.000000;6.500000;;S;N;
CLASSES - FIF;32.356.892/0001-54;QUATA CLO FUNDO DE INVESTIMENTO MULTIMERCADO CREDITO PRIVADO;2025-11-30;Títulos de Crédito Privado;Nota Promissória/ Commercial Paper/ Export Note;N;Para negociação;;;;;1730.000000;870136.35;;;PJ;75.444.430/0001-00;DACALDA ACUCAR E ALCOOL;2026-08-18;S;DI1;DI de um dia;100.000000;5.900000;;S;N;
CLASSES - FIF;32.356.892/0001-54;QUATA CLO FUNDO DE INVESTIMENTO MULTIMERCADO CREDITO PRIVADO;2025-11-30;Títulos de Crédito Privado;Nota Promissória/ Commercial Paper/ Export Note;N;Para negociação;;;;;538.000000;183846.90;;;PJ;85.070.068/0001-08;GONÇALVES E TORTOLA S A;2026-09-29;S;DI1;DI de um dia;100.000000;5.940453;;S;N;
CLASSES - FIF;32.356.892/0001-54;QUATA CLO FUNDO DE INVESTIMENTO MULTIMERCADO CREDITO PRIVADO;2025-11-30;Títulos de Crédito Privado;Nota Promissória/ Commercial Paper/ Export Note;N;Para negociação;;;;;653.000000;223145.03;;;PJ;85.070.068/0001-08;GONÇALVES E TORTOLA S A;2026-09-29;S;DI1;DI de um dia;100.000000;5.884910;;S;N;
CLASSES - FIF;32.356.892/0001-54;QUATA CLO FUNDO DE INVESTIMENTO MULTIMERCADO CREDITO PRIVADO;2025-11-30;Títulos de Crédito Privado;Nota Promissória/ Commercial Paper/ Export Note;N;Para negociação;;;;;1086.000000;368035.83;;;PJ;85.070.068/0001-08;GONÇALVES E TORTOLA S A;2026-09-29;S;DI1;DI de um dia;100.000000;5.698598;;S;N;
CLASSES - FIF;32.356.892/0001-54;QUATA CLO FUNDO DE INVESTIMENTO MULTIMERCADO CREDITO PRIVADO;2025-11-30;Títulos de Crédito Privado;Nota Promissória/ Commercial Paper/ Export Note;N;Para negociação;;;;;159.000000;91129.75;;;PJ;02.886.413/0001-40;Indústria de Papéis Sudeste Ltda.;2026-11-25;S;DI1;DI de um dia;100.000000;7.999999;;S;N;
CLASSES - FIF;32.356.892/0001-54;QUATA CLO FUNDO DE INVESTIMENTO MULTIMERCADO CREDITO PRIVADO;2025-11-30;Títulos de Crédito Privado;Nota Promissória/ Commercial Paper/ Export Note;N;Para negociação;;;;;1865.000000;1068911.79;;;PJ;02.886.413/0001-40;Indústria de Papéis Sudeste Ltda.;2026-11-25;S;DI1;DI de um dia;100.000000;8.000000;;S;N;
CLASSES - FIF;32.356.892/0001-54;QUATA CLO FUNDO DE INVESTIMENTO MULTIMERCADO CREDITO PRIVADO;2025-11-30;Títulos de Crédito Privado;Nota Promissória/ Commercial Paper/ Export Note;N;Para negociação;;;;;1337.000000;1121603.94;;;PJ;06.088.741/0001-52;VALE GRANDE IND. E COM. ALI. SA;2027-02-26;S;DI1;DI de um dia;100.000000;5.350000;;S;N;
CLASSES - FIF;32.356.892/0001-54;QUATA CLO FUNDO DE INVESTIMENTO MULTIMERCADO CREDITO PRIVADO;2025-11-30;Títulos de Crédito Privado;Nota Promissória/ Commercial Paper/ Export Note;N;Para negociação;;;;;130.000000;88563.71;;;PJ;52.311.289/0001-63;MARCHESAN IMPLEMENTOSD MAQ AGRICOLA;2027-03-03;S;DI1;DI de um dia;100.000000;4.499999;;S;N;
CLASSES - FIF;32.356.892/0001-54;QUATA CLO FUNDO DE INVESTIMENTO MULTIMERCADO CREDITO PRIVADO;2025-11-30;Títulos de Crédito Privado;Nota Promissória/ Commercial Paper/ Export Note;N;Para negociação;;;;;2750.000000;1774194.30;;;PJ;52.311.289/0001-63;MARCHESAN IMPLEMENTOSD MAQ AGRICOLA;2027-03-03;S;DI1;DI de um dia;100.000000;4.500000;;S;N;
CLASSES - FIF;32.356.892/0001-54;QUATA CLO FUNDO DE INVESTIMENTO MULTIMERCADO CREDITO PRIVADO;2025-11-30;Títulos de Crédito Privado;Nota Promissória/ Commercial Paper/ Export Note;N;Para negociação;;;;;3800.000000;1027633.62;;;PJ;47.333.539/0001-26;Ind.Ceramica Fragnani Ltda;2027-03-29;S;DI1;DI de um dia;100.000000;5.500000;;S;N;
CLASSES - FIF;32.356.892/0001-54;QUATA CLO FUNDO DE INVESTIMENTO MULTIMERCADO CREDITO PRIVADO;2025-11-30;Títulos de Crédito Privado;Nota Promissória/ Commercial Paper/ Export Note;N;Para negociação;;;;;1707.000000;901838.21;;;PJ;06.088.741/0001-52;VALE GRANDE IND. E COM. ALI. SA;2027-04-01;S;DI1;DI de um dia;100.000000;5.700000;;S;N;
CLASSES - FIF;32.356.892/0001-54;QUATA CLO FUNDO DE INVESTIMENTO MULTIMERCADO CREDITO PRIVADO;2025-11-30;Títulos de Crédito Privado;Nota Promissória/ Commercial Paper/ Export Note;N;Para negociação;;;;;2560.000000;1778144.99;;;PJ;17.245.234/0001-00;CIA FIACAO TEC CEDRO E CACHOEIRA;2027-05-24;S;DI1;DI de um dia;100.000000;6.300000;;S;N;
CLASSES - FIF;32.356.892/0001-54;QUATA CLO FUNDO DE INVESTIMENTO MULTIMERCADO CREDITO PRIVADO;2025-11-30;Títulos de Crédito Privado;Nota Promissória/ Commercial Paper/ Export Note;N;Para negociação;;;;;1350.000000;878654.81;;;PJ;52.645.009/0001-53;FRIGOESTRELA SA;2027-05-31;S;DI1;DI de um dia;100.000000;5.765066;;S;N;
CLASSES - FIF;32.356.892/0001-54;QUATA CLO FUNDO DE INVESTIMENTO MULTIMERCADO CREDITO PRIVADO;2025-11-30;Títulos de Crédito Privado;Nota Promissória/ Commercial Paper/ Export Note;N;Para negociação;;;;;1200.000000;807358.19;;;PJ;75.444.430/0001-00;DACALDA ACUCAR E ALCOOL;2027-11-02;S;DI1;DI de um dia;100.000000;5.700705;;S;N;
CLASSES - FIF;32.356.892/0001-54;QUATA CLO FUNDO DE INVESTIMENTO MULTIMERCADO CREDITO PRIVADO;2025-11-30;Títulos ligados ao agronegócio;CRA;N;Para negociação;;;;;407.000000;51423.11;;;PJ;10.753.164/0001-43;ECO SECURITIZAD;2025-12-15;S;DI1;DI de um dia;100.000000;6.380524;;S;N;
CLASSES - FIF;32.356.892/0001-54;QUATA CLO FUNDO DE INVESTIMENTO MULTIMERCADO CREDITO PRIVADO;2025-11-30;Títulos ligados ao agronegócio;CRA;N;Para negociação;;;;;500.000000;254307.71;;;PJ;02.773.542/0001-22;RB SEC CIA SEC;2026-12-17;S;DI1;DI de um dia;100.000000;4.215473;;S;N;
CLASSES - FIF;32.356.892/0001-54;QUATA CLO FUNDO DE INVESTIMENTO MULTIMERCADO CREDITO PRIVADO;2025-11-30;Títulos ligados ao agronegócio;CRA;N;Para negociação;;;;;1000.000000;583241.09;;;PJ;25.005.683/0001-09;VERT CIA SECURI;2027-12-28;S;DI1;DI de um dia;100.000000;0.536467;;S;N;
CLASSES - FIF;32.356.892/0001-54;QUATA CLO FUNDO DE INVESTIMENTO MULTIMERCADO CREDITO PRIVADO;2025-11-30;Títulos ligados ao agronegócio;NCA;N;Para negociação;;;;;427.000000;427000.00;;;PJ;50.935.576/0001-19;PLASCAR INDUSTR;2026-04-28;N;;;;;42.576100;S;N;
CLASSES - FIF;32.356.892/0001-54;QUATA CLO FUNDO DE INVESTIMENTO MULTIMERCADO CREDITO PRIVADO;2025-11-30;Títulos ligados ao agronegócio;NCA;N;Para negociação;;;;;303.000000;303543.63;;;PJ;60.957.784/0001-72;DELLA VIA PNEUS;2026-05-26;N;;;;;25.340099;S;N;
CLASSES - FIF;32.356.892/0001-54;QUATA CLO FUNDO DE INVESTIMENTO MULTIMERCADO CREDITO PRIVADO;2025-11-30;Títulos ligados ao agronegócio;NCA;N;Para negociação;;;;;1503.000000;1067671.09;;;PJ;04.821.041/0001-08;METALFRIO SOLUT;2028-03-23;S;DI1;DI de um dia;100.000000;6.071308;;S;N;
CLASSES - FIF;32.356.892/0001-54;QUATA CLO FUNDO DE INVESTIMENTO MULTIMERCADO CREDITO PRIVADO;2025-11-30;Títulos ligados ao agronegócio;NCA;N;Para negociação;;;;;1298.000000;73478.90;;;PJ;04.562.559/0001-66;CIA NAVEGA AMAZ;2025-12-01;S;DI1;DI de um dia;100.000000;8.000000;;S;N;
CLASSES - FIF;32.356.892/0001-54;QUATA CLO FUNDO DE INVESTIMENTO MULTIMERCADO CREDITO PRIVADO;2025-11-30;Títulos ligados ao agronegócio;NCA;N;Para negociação;;;;;600.000000;50790.16;;;PJ;04.562.559/0001-66;CIA NAVEGA AMAZ;2025-12-01;N;;;;;19.986599;S;N;
CLASSES - FIF;32.356.892/0001-54;QUATA CLO FUNDO DE INVESTIMENTO MULTIMERCADO CREDITO PRIVADO;2025-11-30;Títulos ligados ao agronegócio;NCA;N;Para negociação;;;;;2000.000000;225817.85;;;PJ;10.635.691/0001-53;VIA RONDON CONC;2025-12-01;S;DI1;DI de um dia;100.000000;4.999999;;S;N;
CLASSES - FIF;32.356.892/0001-54;QUATA CLO FUNDO DE INVESTIMENTO MULTIMERCADO CREDITO PRIVADO;2025-11-30;Títulos ligados ao agronegócio;NCA;N;Para negociação;;;;;892.000000;225833.22;;;PJ;58.731.662/0001-11;Ri Happy Brinqu;2025-12-10;S;DI1;DI de um dia;100.000000;7.219510;;S;N;
CLASSES - FIF;32.356.892/0001-54;QUATA CLO FUNDO DE INVESTIMENTO MULTIMERCADO CREDITO PRIVADO;2025-11-30;Títulos ligados ao agronegócio;NCA;N;Para negociação;;;;;350.000000;350826.86;;;PJ;01.261.681/0001-04;WHB AUTOMOTIVE;2026-04-24;N;;;;;31.694549;S;N;
CLASSES - FIF;32.356.892/0001-54;QUATA CLO FUNDO DE INVESTIMENTO MULTIMERCADO CREDITO PRIVADO;2025-11-30;Títulos ligados ao agronegócio;NCA;N;Para negociação;;;;;4275.000000;4278216.22;;;PJ;45.017.632/0001-04;IZVQ FARM FOODS;2026-04-27;S;DI1;DI de um dia;100.000000;7.500000;;S;N;
CLASSES - FIF;32.356.892/0001-54;QUATA CLO FUNDO DE INVESTIMENTO MULTIMERCADO CREDITO PRIVADO;2025-11-30;Títulos ligados ao agronegócio;NCA;N;Para negociação;;;;;2510.000000;1051366.46;;;PJ;30.779.649/0001-13;HOSPITAL E MAT;2026-04-28;S;DI1;DI de um dia;100.000000;4.489349;;S;N;
CLASSES - FIF;32.356.892/0001-54;QUATA CLO FUNDO DE INVESTIMENTO MULTIMERCADO CREDITO PRIVADO;2025-11-30;Títulos ligados ao agronegócio;NCA;N;Para negociação;;;;;1653.000000;596516.90;;;PJ;50.564.053/0001-03;BOMBRIL S/A;2026-06-10;S;DI1;DI de um dia;100.000000;4.765261;;S;N;
CLASSES - FIF;32.356.892/0001-54;QUATA CLO FUNDO DE INVESTIMENTO MULTIMERCADO CREDITO PRIVADO;2025-11-30;Títulos ligados ao agronegócio;NCA;N;Para negociação;;;;;1765.000000;696964.87;;;PJ;41.246.890/0001-01;RENTAL PART;2026-06-22;S;DI1;DI de um dia;100.000000;4.999999;;S;N;
CLASSES - FIF;32.356.892/0001-54;QUATA CLO FUNDO DE INVESTIMENTO MULTIMERCADO CREDITO PRIVADO;2025-11-30;Títulos ligados ao agronegócio;NCA;N;Para negociação;;;;;2686.000000;1462207.28;;;PJ;01.928.075/0001-08;DMA DISTRIBUIDO;2026-07-09;S;DI1;DI de um dia;100.000000;4.999537;;S;N;
CLASSES - FIF;32.356.892/0001-54;QUATA CLO FUNDO DE INVESTIMENTO MULTIMERCADO CREDITO PRIVADO;2025-11-30;Títulos ligados ao agronegócio;NCA;N;Para negociação;;;;;970.000000;377651.18;;;PJ;47.383.971/0001-21;PLANOVA PLANEJA;2026-07-13;S;DI1;DI de um dia;100.000000;6.056142;;N;N;
CLASSES - FIF;32.356.892/0001-54;QUATA CLO FUNDO DE INVESTIMENTO MULTIMERCADO CREDITO PRIVADO;2025-11-30;Títulos ligados ao agronegócio;NCA;N;Para negociação;;;;;701.000000;686195.83;;;PJ;00.405.805/0001-15;PRODUTEC COMERC;2026-07-27;S;DI1;DI de um dia;100.000000;7.199994;;S;N;
CLASSES - FIF;32.356.892/0001-54;QUATA CLO FUNDO DE INVESTIMENTO MULTIMERCADO CREDITO PRIVADO;2025-11-30;Títulos ligados ao agronegócio;NCA;N;Para negociação;;;;;2088.000000;2086934.96;;;PJ;82.069.113/0001-08;DISTRIBUIDORA P;2026-07-27;S;DI1;DI de um dia;100.000000;7.199994;;S;N;
CLASSES - FIF;32.356.892/0001-54;QUATA CLO FUNDO DE INVESTIMENTO MULTIMERCADO CREDITO PRIVADO;2025-11-30;Títulos ligados ao agronegócio;NCA;N;Para negociação;;;;;350.000000;178048.39;;;PJ;03.852.459/0001-01;EGTC INFRA;2026-07-31;S;DI1;DI de um dia;100.000000;5.045259;;N;N;
CLASSES - FIF;32.356.892/0001-54;QUATA CLO FUNDO DE INVESTIMENTO MULTIMERCADO CREDITO PRIVADO;2025-11-30;Títulos ligados ao agronegócio;NCA;N;Para negociação;;;;;3833.000000;3877504.62;;;PJ;61.189.288/0001-89;MARISA LOJAS S.;2026-09-17;S;DI1;DI de um dia;100.000000;8.499999;;S;N;
CLASSES - FIF;32.356.892/0001-54;QUATA CLO FUNDO DE INVESTIMENTO MULTIMERCADO CREDITO PRIVADO;2025-11-30;Títulos ligados ao agronegócio;NCA;N;Para negociação;;;;;1090.000000;517918.13;;;PJ;50.564.053/0001-03;BOMBRIL S/A;2026-09-25;S;DI1;DI de um dia;100.000000;5.486680;;S;N;
CLASSES - FIF;32.356.892/0001-54;QUATA CLO FUNDO DE INVESTIMENTO MULTIMERCADO CREDITO PRIVADO;2025-11-30;Títulos ligados ao agronegócio;NCA;N;Para negociação;;;;;176.000000;83627.15;;;PJ;50.564.053/0001-03;BOMBRIL S/A;2026-09-25;S;DI1;DI de um dia;100.000000;5.476536;;S;N;
CLASSES - FIF;32.356.892/0001-54;QUATA CLO FUNDO DE INVESTIMENTO MULTIMERCADO CREDITO PRIVADO;2025-11-30;Títulos ligados ao agronegócio;NCA;N;Para negociação;;;;;1087.000000;366491.52;;;PJ;46.955.383/0001-52;QI DTVM;2026-09-28;S;DI1;DI de um dia;100.000000;4.996246;;S;N;
CLASSES - FIF;32.356.892/0001-54;QUATA CLO FUNDO DE INVESTIMENTO MULTIMERCADO CREDITO PRIVADO;2025-11-30;Títulos ligados ao agronegócio;NCA;N;Para negociação;;;;;599.000000;201958.07;;;PJ;46.955.383/0001-52;QI DTVM;2026-09-28;S;DI1;DI de um dia;100.000000;4.996379;;S;N;
CLASSES - FIF;32.356.892/0001-54;QUATA CLO FUNDO DE INVESTIMENTO MULTIMERCADO CREDITO PRIVADO;2025-11-30;Títulos ligados ao agronegócio;NCA;N;Para negociação;;;;;1280.000000;435049.64;;;PJ;02.536.066/0001-26;VITAL ENGENHARI;2026-09-28;S;DI1;DI de um dia;100.000000;4.997230;;S;N;
CLASSES - FIF;32.356.892/0001-54;QUATA CLO FUNDO DE INVESTIMENTO MULTIMERCADO CREDITO PRIVADO;2025-11-30;Títulos ligados ao agronegócio;NCA;N;Para negociação;;;;;801.000000;817566.31;;;PJ;04.931.019/0001-02;Brasbunker Par;2026-09-28;S;DI1;DI de um dia;100.000000;9.542647;;S;N;
CLASSES - FIF;32.356.892/0001-54;QUATA CLO FUNDO DE INVESTIMENTO MULTIMERCADO CREDITO PRIVADO;2025-11-30;Títulos ligados ao agronegócio;NCA;N;Para negociação;;;;;2128.000000;2164089.45;;;PJ;14.947.900/0001-55;RURAL BRASIL LT;2026-10-28;S;DI1;DI de um dia;100.000000;8.500000;;S;N;
CLASSES - FIF;32.356.892/0001-54;QUATA CLO FUNDO DE INVESTIMENTO MULTIMERCADO CREDITO PRIVADO;2025-11-30;Títulos ligados ao agronegócio;NCA;N;Para negociação;;;;;1335.000000;1346429.41;;;PJ;12.718.011/0001-90;CENTRAL AÇUCARE;2026-11-13;S;DI1;DI de um dia;100.000000;7.500003;;S;N;
CLASSES - FIF;32.356.892/0001-54;QUATA CLO FUNDO DE INVESTIMENTO MULTIMERCADO CREDITO PRIVADO;2025-11-30;Títulos ligados ao agronegócio;NCA;N;Para negociação;;;;;1238.000000;562020.07;;;PJ;13.284.642/0001-01;NOVACKI INDUSTR;2026-11-16;S;DI1;DI de um dia;100.000000;60.848244;;S;N;
CLASSES - FIF;32.356.892/0001-54;QUATA CLO FUNDO DE INVESTIMENTO MULTIMERCADO CREDITO PRIVADO;2025-11-30;Títulos ligados ao agronegócio;NCA;N;Para negociação;;;;;1300.000000;741916.43;;;PJ;05.651.966/0001-02;DCENTER DISTRIB;2026-11-19;S;DI1;DI de um dia;100.000000;6.499999;;N;N;
CLASSES - FIF;32.356.892/0001-54;QUATA CLO FUNDO DE INVESTIMENTO MULTIMERCADO CREDITO PRIVADO;2025-11-30;Títulos ligados ao agronegócio;NCA;N;Para negociação;;;;;700.000000;402542.62;;;PJ;13.284.642/0001-01;NOVACKI INDUSTR;2026-11-23;S;DI1;DI de um dia;100.000000;6.999999;;S;N;
CLASSES - FIF;32.356.892/0001-54;QUATA CLO FUNDO DE INVESTIMENTO MULTIMERCADO CREDITO PRIVADO;2025-11-30;Títulos ligados ao agronegócio;NCA;N;Para negociação;;;;;427.000000;382581.86;;;PJ;01.025.974/0001-92;VINCULA IND.COM;2026-12-18;S;DI1;DI de um dia;100.000000;8.250269;;S;N;
CLASSES - FIF;32.356.892/0001-54;QUATA CLO FUNDO DE INVESTIMENTO MULTIMERCADO CREDITO PRIVADO;2025-11-30;Títulos ligados ao agronegócio;NCA;N;Para negociação;;;;;966.000000;604151.70;;;PJ;46.955.383/0001-52;QI DTVM;2026-12-21;S;DI1;DI de um dia;100.000000;7.996091;;S;N;
CLASSES - FIF;32.356.892/0001-54;QUATA CLO FUNDO DE INVESTIMENTO MULTIMERCADO CREDITO PRIVADO;2025-11-30;Títulos ligados ao agronegócio;NCA;N;Para negociação;;;;;899.000000;858450.31;;;PJ;06.085.164/0001-45;RESOLV VIGILANC;2027-04-19;S;DI1;DI de um dia;100.000000;5.999989;;S;N;
CLASSES - FIF;32.356.892/0001-54;QUATA CLO FUNDO DE INVESTIMENTO MULTIMERCADO CREDITO PRIVADO;2025-11-30;Títulos ligados ao agronegócio;NCA;N;Para negociação;;;;;1247.000000;1197039.53;;;PJ;55.577.977/0001-68;ORTOCITY - SERV;2027-04-26;S;DI1;DI de um dia;100.000000;5.949937;;S;N;
CLASSES - FIF;32.356.892/0001-54;QUATA CLO FUNDO DE INVESTIMENTO MULTIMERCADO CREDITO PRIVADO;2025-11-30;Títulos ligados ao agronegócio;NCA;N;Para negociação;;;;;2663.000000;2371298.81;;;PJ;04.562.559/0001-66;CIA NAVEGA AMAZ;2027-04-30;S;DI1;DI de um dia;100.000000;6.499988;;S;N;
CLASSES - FIF;32.356.892/0001-54;QUATA CLO FUNDO DE INVESTIMENTO MULTIMERCADO CREDITO PRIVADO;2025-11-30;Títulos ligados ao agronegócio;NCA;N;Para negociação;;;;;535.000000;539684.66;;;PJ;09.262.835/0001-94;COLEGIO DA VINC;2027-05-13;S;DI1;DI de um dia;100.000000;8.000004;;S;N;
CLASSES - FIF;32.356.892/0001-54;QUATA CLO FUNDO DE INVESTIMENTO MULTIMERCADO CREDITO PRIVADO;2025-11-30;Títulos ligados ao agronegócio;NCA;N;Para negociação;;;;;1228.000000;1231494.42;;;PJ;08.736.011/0001-46;GRAN COFFEE COM;2027-05-24;S;DI1;DI de um dia;100.000000;5.900000;;S;N;
CLASSES - FIF;32.356.892/0001-54;QUATA CLO FUNDO DE INVESTIMENTO MULTIMERCADO CREDITO PRIVADO;2025-11-30;Títulos ligados ao agronegócio;NCA;N;Para negociação;;;;;580.000000;588030.14;;;PJ;02.156.313/0001-69;Construtora Cen;2027-06-28;S;DI1;DI de um dia;100.000000;5.999988;;S;N;
CLASSES - FIF;32.356.892/0001-54;QUATA CLO FUNDO DE INVESTIMENTO MULTIMERCADO CREDITO PRIVADO;2025-11-30;Títulos ligados ao agronegócio;NCA;N;Para negociação;;;;;2007.000000;2034787.06;;;PJ;02.156.313/0001-69;Construtora Cen;2027-06-28;S;DI1;DI de um dia;100.000000;5.999990;;S;N;
CLASSES - FIF;32.356.892/0001-54;QUATA CLO FUNDO DE INVESTIMENTO MULTIMERCADO CREDITO PRIVADO;2025-11-30;Títulos ligados ao agronegócio;NCA;N;Para negociação;;;;;793.000000;810323.57;;;PJ;19.826.203/0001-60;Lions Pre-owned;2027-07-28;S;DI1;DI de um dia;100.000000;7.000000;;S;N;
CLASSES - FIF;32.356.892/0001-54;QUATA CLO FUNDO DE INVESTIMENTO MULTIMERCADO CREDITO PRIVADO;2025-11-30;Títulos ligados ao agronegócio;NCA;N;Para negociação;;;;;420.000000;408677.60;;;PJ;13.284.642/0001-01;NOVACKI INDUSTR;2027-08-09;S;DI1;DI de um dia;100.000000;7.000000;;S;N;
CLASSES - FIF;32.356.892/0001-54;QUATA CLO FUNDO DE INVESTIMENTO MULTIMERCADO CREDITO PRIVADO;2025-11-30;Títulos ligados ao agronegócio;NCA;N;Para negociação;;;;;935.000000;939319.52;;;PJ;61.550.497/0001-06;CETENCO ENGENHA;2027-10-20;S;DI1;DI de um dia;100.000000;9.999987;;S;N;
CLASSES - FIF;32.356.892/0001-54;QUATA CLO FUNDO DE INVESTIMENTO MULTIMERCADO CREDITO PRIVADO;2025-11-30;Títulos ligados ao agronegócio;NCA;N;Para negociação;;;;;1414.000000;1414000.00;;;PJ;34.771.518/0001-40;INNOVAPHARMA BR;2027-10-28;S;DI1;DI de um dia;100.000000;6.999999;;S;N;
CLASSES - FIF;32.356.892/0001-54;QUATA CLO FUNDO DE INVESTIMENTO MULTIMERCADO CREDITO PRIVADO;2025-11-30;Títulos ligados ao agronegócio;NCA;N;Para negociação;;;;;480.000000;349473.94;;;PJ;03.852.459/0001-01;EGTC INFRA;2027-12-10;S;DI1;DI de um dia;100.000000;10.012641;;S;N;
CLASSES - FIF;32.356.892/0001-54;QUATA CLO FUNDO DE INVESTIMENTO MULTIMERCADO CREDITO PRIVADO;2025-11-30;Títulos ligados ao agronegócio;NCA;N;Para negociação;;;;;1120.000000;815439.20;;;PJ;03.852.459/0001-01;EGTC INFRA;2027-12-10;S;DI1;DI de um dia;100.000000;5.198694;;S;N;
CLASSES - FIF;32.356.892/0001-54;QUATA CLO FUNDO DE INVESTIMENTO MULTIMERCADO CREDITO PRIVADO;2025-11-30;Títulos ligados ao agronegócio;NCA;N;Para negociação;;;;;2935.000000;2980016.15;;;PJ;02.456.955/0001-83;NATULAB LABORAT;2028-01-28;S;DI1;DI de um dia;100.000000;5.849999;;S;N;
CLASSES - FIF;32.356.892/0001-54;QUATA CLO FUNDO DE INVESTIMENTO MULTIMERCADO CREDITO PRIVADO;2025-11-30;Títulos ligados ao agronegócio;NCA;N;Para negociação;;;;;2098.000000;1867014.30;;;PJ;31.787.927/0001-47;BREW COMPANY PA;2028-03-13;S;DI1;DI de um dia;100.000000;5.849375;;S;N;
CLASSES - FIF;32.356.892/0001-54;QUATA CLO FUNDO DE INVESTIMENTO MULTIMERCADO CREDITO PRIVADO;2025-11-30;Títulos ligados ao agronegócio;NCA;N;Para negociação;;;;;1250.000000;929694.48;;;PJ;04.821.041/0001-08;METALFRIO SOLUT;2028-03-23;S;DI1;DI de um dia;100.000000;5.617641;;N;N;
CLASSES - FIF;32.356.892/0001-54;QUATA CLO FUNDO DE INVESTIMENTO MULTIMERCADO CREDITO PRIVADO;2025-11-30;Títulos ligados ao agronegócio;NCA;N;Para negociação;;;;;2100.000000;1561886.73;;;PJ;04.821.041/0001-08;METALFRIO SOLUT;2028-03-23;S;DI1;DI de um dia;100.000000;5.617263;;N;N;
CLASSES - FIF;32.356.892/0001-54;QUATA CLO FUNDO DE INVESTIMENTO MULTIMERCADO CREDITO PRIVADO;2025-11-30;Títulos ligados ao agronegócio;NCA;N;Para negociação;;;;;1048.000000;1044586.76;;;PJ;04.821.041/0001-08;METALFRIO SOLUT;2028-03-23;S;DI1;DI de um dia;100.000000;6.500000;;S;N;
CLASSES - FIF;32.356.892/0001-54;QUATA CLO FUNDO DE INVESTIMENTO MULTIMERCADO CREDITO PRIVADO;2025-11-30;Títulos ligados ao agronegócio;NCA;N;Para negociação;;;;;3883.000000;3933719.33;;;PJ;07.278.350/0001-63;SS COM DE COSME;2028-07-28;S;DI1;DI de um dia;100.000000;4.769185;;S;N;
CLASSES - FIF;32.356.892/0001-54;QUATA CLO FUNDO DE INVESTIMENTO MULTIMERCADO CREDITO PRIVADO;2025-11-30;Títulos ligados ao agronegócio;NCA;N;Para negociação;;;;;83.000000;84084.14;;;PJ;07.278.350/0001-63;SS COM DE COSME;2028-07-28;S;DI1;DI de um dia;100.000000;4.707107;;S;N;
CLASSES - FIF;32.356.892/0001-54;QUATA CLO FUNDO DE INVESTIMENTO MULTIMERCADO CREDITO PRIVADO;2025-11-30;Títulos ligados ao agronegócio;NCA;N;Para negociação;;;;;1077.000000;1091067.66;;;PJ;07.278.350/0001-63;SS COM DE COSME;2028-07-28;S;DI1;DI de um dia;100.000000;4.751272;;S;N;
CLASSES - FIF;32.356.892/0001-54;QUATA CLO FUNDO DE INVESTIMENTO MULTIMERCADO CREDITO PRIVADO;2025-11-30;Títulos ligados ao agronegócio;NCA;N;Para negociação;;;;;1574.000000;706025.83;;;PJ;33.412.792/0001-60;ALYA CONSTRUTOR;2028-10-09;S;DI1;DI de um dia;100.000000;6.261789;;S;N;
CLASSES - FIF;32.356.892/0001-54;QUATA CLO FUNDO DE INVESTIMENTO MULTIMERCADO CREDITO PRIVADO;2025-11-30;Títulos ligados ao agronegócio;NCA;N;Para negociação;;;;;750.000000;392501.55;;;PJ;33.412.792/0001-60;ALYA CONSTRUTOR;2028-10-09;S;DI1;DI de um dia;100.000000;6.028631;;N;N;
CLASSES - FIF;32.356.892/0001-54;QUATA CLO FUNDO DE INVESTIMENTO MULTIMERCADO CREDITO PRIVADO;2025-11-30;Títulos ligados ao agronegócio;NCA;N;Para negociação;;;;;1364.000000;1379055.94;;;PJ;33.412.792/0001-60;ALYA CONSTRUTOR;2028-10-09;S;DI1;DI de um dia;100.000000;5.749992;;N;N;
CLASSES - FIF;32.385.140/0001-11;MAG PREV XP SEGUROS ADVISORY FIF RF CRÉD PRIV - RESPONSABILIDADE LIMITADA;2025-11-30;Títulos de Crédito Privado;Nota Promissória/ Commercial Paper/ Export Note;N;Para negociação;;;;;200.000000;215763.29;;;PJ;33.000.167/0001-01;PETROLEO BRASILEIRO;2032-08-25;S;DI1;DI de um dia;100.000000;1.633237;;S;N;
CLASSES - FIF;32.385.140/0001-11;MAG PREV XP SEGUROS ADVISORY FIF RF CRÉD PRIV - RESPONSABILIDADE LIMITADA;2025-11-30;Títulos de Crédito Privado;Nota Promissória/ Commercial Paper/ Export Note;N;Para negociação;;;;;2765.000000;2982927.42;;;PJ;33.000.167/0001-01;PETROLEO BRASILEIRO;2032-08-25;S;DI1;DI de um dia;100.000000;1.952941;;S;N;
CLASSES - FIF;32.385.140/0001-11;MAG PREV XP SEGUROS ADVISORY FIF RF CRÉD PRIV - RESPONSABILIDADE LIMITADA;2025-11-30;Títulos de Crédito Privado;Nota Promissória/ Commercial Paper/ Export Note;N;Para negociação;;;;;2564.000000;2721635.92;;;PJ;33.000.167/0001-01;PETROLEO BRASILEIRO;2030-02-25;S;DI1;DI de um dia;100.000000;1.717451;;S;N;
CLASSES - FIF;32.385.140/0001-11;MAG PREV XP SEGUROS ADVISORY FIF RF CRÉD PRIV - RESPONSABILIDADE LIMITADA;2025-11-30;Títulos de Crédito Privado;Nota Promissória/ Commercial Paper/ Export Note;N;Para negociação;;;;;250.000000;265370.12;;;PJ;33.000.167/0001-01;PETROLEO BRASILEIRO;2030-02-25;S;DI1;DI de um dia;100.000000;1.534259;;S;N;
CLASSES - FIF;32.388.028/0001-34;BRAM DEBENTURES INCENTIVADAS CDI FI FINANCEIRO - CI EM INFRA RF - RESP LIMITADA;2025-11-30;Títulos de Crédito Privado;Nota Promissória/ Commercial Paper/ Export Note;N;Para negociação;;;;;5520.000000;5866108.69;;;PJ;15.483.161/0001-50;ALSOL ENERGIAS;2027-06-23;S;DI1;DI de um dia;100.000000;0.597238;;S;N;
CLASSES - FIF;32.770.526/0001-47;ARX K2 INFLAÇÃO CURTA FI FINANCEIRO MULTIMERCADO CRÉDITO PRIVADO- RESPONSABILIDADE LIMITADA;2025-11-30;Debêntures;Debênture simples;N;Para negociação;;;;;1900.000000;1918120.68;;;PJ;55.085.811/0001-24;ÉXES SECURITIZADORA S.A.;2031-10-20;S;DI1;DI de um dia;100.000000;1.121225;;S;N;
CLASSES - FIF;32.770.526/0001-47;ARX K2 INFLAÇÃO CURTA FI FINANCEIRO MULTIMERCADO CRÉDITO PRIVADO- RESPONSABILIDADE LIMITADA;2025-11-30;Títulos de Crédito Privado;Nota Promissória/ Commercial Paper/ Export Note;N;Para negociação;;;;;653.000000;693649.34;;;PJ;50.746.577/0001-15;COSAN SA INDUSTRIA E COMERCIO;2031-01-30;S;DI1;DI de um dia;100.000000;1.804343;;S;N;
CLASSES - FIF;32.770.526/0001-47;ARX K2 INFLAÇÃO CURTA FI FINANCEIRO MULTIMERCADO CRÉDITO PRIVADO- RESPONSABILIDADE LIMITADA;2025-11-30;Títulos de Crédito Privado;Nota Promissória/ Commercial Paper/ Export Note;N;Para negociação;;;;;360.000000;389943.02;;;PJ;50.746.577/0001-15;COSAN SA INDUSTRIA E COMERCIO;2028-12-27;S;DI1;DI de um dia;100.000000;1.759581;;S;N;
CLASSES - FIF;32.770.526/0001-47;ARX K2 INFLAÇÃO CURTA FI FINANCEIRO MULTIMERCADO CRÉDITO PRIVADO- RESPONSABILIDADE LIMITADA;2025-11-30;Títulos de Crédito Privado;Nota Promissória/ Commercial Paper/ Export Note;N;Para negociação;;;;;344.000000;372612.21;;;PJ;50.746.577/0001-15;COSAN SA INDUSTRIA E COMERCIO;2028-12-27;S;DI1;DI de um dia;100.000000;1.754087;;S;N;
CLASSES - FIF;32.770.526/0001-47;ARX K2 INFLAÇÃO CURTA FI FINANCEIRO MULTIMERCADO CRÉDITO PRIVADO- RESPONSABILIDADE LIMITADA;2025-11-30;Títulos de Crédito Privado;Nota Promissória/ Commercial Paper/ Export Note;N;Para negociação;;;;;2429.000000;2631032.17;;;PJ;50.746.577/0001-15;COSAN SA INDUSTRIA E COMERCIO;2028-12-27;S;DI1;DI de um dia;100.000000;1.742863;;S;N;
CLASSES - FIF;32.770.526/0001-47;ARX K2 INFLAÇÃO CURTA FI FINANCEIRO MULTIMERCADO CRÉDITO PRIVADO- RESPONSABILIDADE LIMITADA;2025-11-30;Títulos de Crédito Privado;Nota Promissória/ Commercial Paper/ Export Note;N;Para negociação;;;;;300.000000;303844.77;;;PJ;10.647.979/0001-48;CONCESSIONARIA ROTA DAS BANDEIRAS S;2027-10-28;S;DI1;DI de um dia;100.000000;0.699991;;S;N;
CLASSES - FIF;32.771.072/0001-29;XP CORPORATE PLUS MASTER FI FINANCEIRO MULTIMERCADO CRÉDITO PRIVADO -  RESPONSABILIDADE LIMITADA;2025-11-30;Debêntures;Debênture simples;N;Para negociação;;;;;4422.000000;4464173.49;;;PJ;55.085.811/0001-24;ÉXES SECURITIZADORA S.A.;2031-10-20;S;DI1;DI de um dia;100.000000;1.121225;;S;N;
CLASSES - FIF;32.771.072/0001-29;XP CORPORATE PLUS MASTER FI FINANCEIRO MULTIMERCADO CRÉDITO PRIVADO -  RESPONSABILIDADE LIMITADA;2025-11-30;Títulos de Crédito Privado;Nota Promissória/ Commercial Paper/ Export Note;N;Para negociação;;;;;4730.000000;4995940.84;;;PJ;29.198.324/0001-68;ABC BRASIL COMERCIALIZADORA DE ENER;2026-07-22;S;DI1;DI de um dia;100.000000;1.198333;;S;N;
CLASSES - FIF;32.771.072/0001-29;XP CORPORATE PLUS MASTER FI FINANCEIRO MULTIMERCADO CRÉDITO PRIVADO -  RESPONSABILIDADE LIMITADA;2025-11-30;Títulos de Crédito Privado;Nota Promissória/ Commercial Paper/ Export Note;N;Para negociação;;;;;6856.000000;7325317.31;;;PJ;29.198.324/0001-68;ABC BRASIL COMERCIALIZADORA DE ENER;2026-12-20;S;DI1;DI de um dia;100.000000;0.748951;;S;N;
CLASSES - FIF;32.771.072/0001-29;XP CORPORATE PLUS MASTER FI FINANCEIRO MULTIMERCADO CRÉDITO PRIVADO -  RESPONSABILIDADE LIMITADA;2025-11-30;Títulos de Crédito Privado;Nota Promissória/ Commercial Paper/ Export Note;N;Para negociação;;;;;3400.000000;3682795.12;;;PJ;50.746.577/0001-15;COSAN SA INDUSTRIA E COMERCIO;2028-12-27;S;DI1;DI de um dia;100.000000;1.729147;;S;N;
CLASSES - FIF;33.600.624/0001-07;INTEGRAL ICATU PREVIDENCIARIO II FIF - CI RENDA FIXA CRÉDITO PRIVADO FIFE - RESP LIMITADA;2025-11-30;Debêntures;Debênture simples;N;Para negociação;;;;;75.000000;74609.64;;;PJ;09.288.252/0001-32;ANIMA HOLDING;2029-10-15;S;DI1;DI de um dia;100.000000;1.832813;;S;N;
CLASSES - FIF;33.600.624/0001-07;INTEGRAL ICATU PREVIDENCIARIO II FIF - CI RENDA FIXA CRÉDITO PRIVADO FIFE - RESP LIMITADA;2025-11-30;Debêntures;Debênture simples;N;Para negociação;;;;;50.000000;48488.05;;;PJ;00.242.184/0001-04;ARMAC LOCAÇÃO,;2030-11-05;S;DI1;DI de um dia;100.000000;1.605830;;S;N;
CLASSES - FIF;33.600.624/0001-07;INTEGRAL ICATU PREVIDENCIARIO II FIF - CI RENDA FIXA CRÉDITO PRIVADO FIFE - RESP LIMITADA;2025-11-30;Debêntures;Debênture simples;N;Para negociação;;;;;50.000000;50085.59;;;PJ;61.585.865/0001-51;RAIA DROGASIL S;2032-11-10;S;DI1;DI de um dia;100.000000;0.531909;;S;N;
CLASSES - FIF;34.218.592/0001-34;GUILE QI FUNDO DE INVESTIMENTO FINANCEIRO MULTIMERCADO CRÉDITO PRIVADO;2025-11-30;Títulos de Crédito Privado;Nota Promissória/ Commercial Paper/ Export Note;N;Para negociação;;;;;57.000000;229010.51;;;PJ;61.167.060/0001-98;INDUSTRIA QUIMICA KIMBERLIT LTDA;2027-03-31;S;DI1;DI de um dia;100.000000;6.000000;;S;N;
CLASSES - FIF;34.474.470/0001-09;ARX VINSON MASTER FI FINANCEIRO RENDA FIXA CRÉDITO PRIVADO - RESPONSABILIDADE LIMITADA;2025-11-30;Debêntures;Debênture simples;N;Para negociação;;;;;26000.000000;26247967.15;;;PJ;55.085.811/0001-24;ÉXES SECURITIZADORA S.A.;2031-10-20;S;DI1;DI de um dia;100.000000;1.121225;;S;N;
CLASSES - FIF;34.474.470/0001-09;ARX VINSON MASTER FI FINANCEIRO RENDA FIXA CRÉDITO PRIVADO - RESPONSABILIDADE LIMITADA;2025-11-30;Títulos de Crédito Privado;Nota Promissória/ Commercial Paper/ Export Note;N;Para negociação;;;;;3300.000000;3342292.48;;;PJ;10.647.979/0001-48;CONCESSIONARIA ROTA DAS BANDEIRAS S;2027-10-28;S;DI1;DI de um dia;100.000000;0.699991;;S;N;
CLASSES - FIF;34.474.470/0001-09;ARX VINSON MASTER FI FINANCEIRO RENDA FIXA CRÉDITO PRIVADO - RESPONSABILIDADE LIMITADA;2025-11-30;Títulos de Crédito Privado;Nota Promissória/ Commercial Paper/ Export Note;N;Para negociação;;;;;4292.000000;4637715.37;;;PJ;15.139.629/0001-94;CIA ELETRICIDADE ESTADO BAHIA COELB;2028-12-20;S;DI1;DI de um dia;100.000000;1.333980;;S;N;
CLASSES - FIF;34.474.470/0001-09;ARX VINSON MASTER FI FINANCEIRO RENDA FIXA CRÉDITO PRIVADO - RESPONSABILIDADE LIMITADA;2025-11-30;Títulos de Crédito Privado;Nota Promissória/ Commercial Paper/ Export Note;N;Para negociação;;;;;4051.000000;4377303.11;;;PJ;15.139.629/0001-94;CIA ELETRICIDADE ESTADO BAHIA COELB;2028-12-20;S;DI1;DI de um dia;100.000000;1.339308;;S;N;
CLASSES - FIF;34.474.470/0001-09;ARX VINSON MASTER FI FINANCEIRO RENDA FIXA CRÉDITO PRIVADO - RESPONSABILIDADE LIMITADA;2025-11-30;Títulos de Crédito Privado;Nota Promissória/ Commercial Paper/ Export Note;N;Para negociação;;;;;5350.000000;5780735.47;;;PJ;10.835.932/0001-08;CELPE - CIA ENERGÉTICA DE PERNAMBUC;2028-12-20;S;DI1;DI de um dia;100.000000;1.380184;;S;N;
CLASSES - FIF;34.474.470/0001-09;ARX VINSON MASTER FI FINANCEIRO RENDA FIXA CRÉDITO PRIVADO - RESPONSABILIDADE LIMITADA;2025-11-30;Títulos de Crédito Privado;Nota Promissória/ Commercial Paper/ Export Note;N;Para negociação;;;;;1920.000000;2079696.07;;;PJ;50.746.577/0001-15;COSAN SA INDUSTRIA E COMERCIO;2028-12-27;S;DI1;DI de um dia;100.000000;1.742867;;S;N;
CLASSES - FIF;34.474.470/0001-09;ARX VINSON MASTER FI FINANCEIRO RENDA FIXA CRÉDITO PRIVADO - RESPONSABILIDADE LIMITADA;2025-11-30;Títulos de Crédito Privado;Nota Promissória/ Commercial Paper/ Export Note;N;Para negociação;;;;;4064.000000;4402023.34;;;PJ;50.746.577/0001-15;COSAN SA INDUSTRIA E COMERCIO;2028-12-27;S;DI1;DI de um dia;100.000000;1.759578;;S;N;
CLASSES - FIF;34.474.470/0001-09;ARX VINSON MASTER FI FINANCEIRO RENDA FIXA CRÉDITO PRIVADO - RESPONSABILIDADE LIMITADA;2025-11-30;Títulos de Crédito Privado;Nota Promissória/ Commercial Paper/ Export Note;N;Para negociação;;;;;2239.000000;2425228.91;;;PJ;50.746.577/0001-15;COSAN SA INDUSTRIA E COMERCIO;2028-12-27;S;DI1;DI de um dia;100.000000;1.733457;;S;N;
CLASSES - FIF;34.474.470/0001-09;ARX VINSON MASTER FI FINANCEIRO RENDA FIXA CRÉDITO PRIVADO - RESPONSABILIDADE LIMITADA;2025-11-30;Títulos de Crédito Privado;Nota Promissória/ Commercial Paper/ Export Note;N;Para negociação;;;;;3883.000000;4205968.66;;;PJ;50.746.577/0001-15;COSAN SA INDUSTRIA E COMERCIO;2028-12-27;S;DI1;DI de um dia;100.000000;1.754087;;S;N;
CLASSES - FIF;34.474.470/0001-09;ARX VINSON MASTER FI FINANCEIRO RENDA FIXA CRÉDITO PRIVADO - RESPONSABILIDADE LIMITADA;2025-11-30;Títulos de Crédito Privado;Nota Promissória/ Commercial Paper/ Export Note;N;Para negociação;;;;;3026.000000;3277687.66;;;PJ;50.746.577/0001-15;COSAN SA INDUSTRIA E COMERCIO;2028-12-27;S;DI1;DI de um dia;100.000000;1.732747;;S;N;
CLASSES - FIF;34.474.470/0001-09;ARX VINSON MASTER FI FINANCEIRO RENDA FIXA CRÉDITO PRIVADO - RESPONSABILIDADE LIMITADA;2025-11-30;Títulos de Crédito Privado;Nota Promissória/ Commercial Paper/ Export Note;N;Para negociação;;;;;2778.000000;2950930.88;;;PJ;50.746.577/0001-15;COSAN SA INDUSTRIA E COMERCIO;2031-01-30;S;DI1;DI de um dia;100.000000;1.804343;;S;N;
CLASSES - FIF;34.474.989/0001-97;ARX DENALI MASTER FIF RENDA FIXA CRÉDITO PRIVADO - RESP LTDA;2025-11-30;Debêntures;Debênture simples;N;Para negociação;;;;;19400.000000;19585021.64;;;PJ;55.085.811/0001-24;ÉXES SECURITIZADORA S.A.;2031-10-20;S;DI1;DI de um dia;100.000000;1.121225;;S;N;
CLASSES - FIF;34.474.989/0001-97;ARX DENALI MASTER FIF RENDA FIXA CRÉDITO PRIVADO - RESP LTDA;2025-11-30;Debêntures;Debênture simples;N;Para negociação;;;;;15000.000000;16505999.99;;;PJ;50.365.355/0001-52;BIOMETANO VERDE PAULINIA SA;2025-12-31;S;DI1;DI de um dia;100.000000;1.924666;;N;N;
CLASSES - FIF;34.474.989/0001-97;ARX DENALI MASTER FIF RENDA FIXA CRÉDITO PRIVADO - RESP LTDA;2025-11-30;Debêntures;Debênture simples;N;Para negociação;;;;;11835.000000;13023233.99;;;PJ;50.365.355/0001-52;BIOMETANO VERDE PAULINIA SA;2025-12-31;S;DI1;DI de um dia;100.000000;2.711052;;N;N;
CLASSES - FIF;34.474.989/0001-97;ARX DENALI MASTER FIF RENDA FIXA CRÉDITO PRIVADO - RESP LTDA;2025-11-30;Títulos de Crédito Privado;Nota Promissória/ Commercial Paper/ Export Note;N;Para negociação;;;;;2333.000000;2478229.56;;;PJ;50.746.577/0001-15;COSAN SA INDUSTRIA E COMERCIO;2031-01-30;S;DI1;DI de um dia;100.000000;1.804343;;S;N;
CLASSES - FIF;34.474.989/0001-97;ARX DENALI MASTER FIF RENDA FIXA CRÉDITO PRIVADO - RESP LTDA;2025-11-30;Títulos de Crédito Privado;Nota Promissória/ Commercial Paper/ Export Note;N;Para negociação;;;;;2089.000000;2262752.65;;;PJ;50.746.577/0001-15;COSAN SA INDUSTRIA E COMERCIO;2028-12-27;S;DI1;DI de um dia;100.000000;1.742867;;S;N;
CLASSES - FIF;34.474.989/0001-97;ARX DENALI MASTER FIF RENDA FIXA CRÉDITO PRIVADO - RESP LTDA;2025-11-30;Títulos de Crédito Privado;Nota Promissória/ Commercial Paper/ Export Note;N;Para negociação;;;;;7197.000000;7795610.73;;;PJ;50.746.577/0001-15;COSAN SA INDUSTRIA E COMERCIO;2028-12-27;S;DI1;DI de um dia;100.000000;1.733457;;S;N;
CLASSES - FIF;34.474.989/0001-97;ARX DENALI MASTER FIF RENDA FIXA CRÉDITO PRIVADO - RESP LTDA;2025-11-30;Títulos de Crédito Privado;Nota Promissória/ Commercial Paper/ Export Note;N;Para negociação;;;;;410.000000;444101.76;;;PJ;50.746.577/0001-15;COSAN SA INDUSTRIA E COMERCIO;2028-12-27;S;DI1;DI de um dia;100.000000;1.759581;;S;N;
CLASSES - FIF;34.474.989/0001-97;ARX DENALI MASTER FIF RENDA FIXA CRÉDITO PRIVADO - RESP LTDA;2025-11-30;Títulos de Crédito Privado;Nota Promissória/ Commercial Paper/ Export Note;N;Para negociação;;;;;392.000000;424604.61;;;PJ;50.746.577/0001-15;COSAN SA INDUSTRIA E COMERCIO;2028-12-27;S;DI1;DI de um dia;100.000000;1.754087;;S;N;
CLASSES - FIF;34.474.989/0001-97;ARX DENALI MASTER FIF RENDA FIXA CRÉDITO PRIVADO - RESP LTDA;2025-11-30;Títulos de Crédito Privado;Nota Promissória/ Commercial Paper/ Export Note;N;Para negociação;;;;;9728.000000;10537126.75;;;PJ;50.746.577/0001-15;COSAN SA INDUSTRIA E COMERCIO;2028-12-27;S;DI1;DI de um dia;100.000000;1.732747;;S;N;
CLASSES - FIF;34.474.989/0001-97;ARX DENALI MASTER FIF RENDA FIXA CRÉDITO PRIVADO - RESP LTDA;2025-11-30;Títulos de Crédito Privado;Nota Promissória/ Commercial Paper/ Export Note;N;Para negociação;;;;;5247.000000;5669442.81;;;PJ;10.835.932/0001-08;CELPE - CIA ENERGÉTICA DE PERNAMBUC;2028-12-20;S;DI1;DI de um dia;100.000000;1.380184;;S;N;
CLASSES - FIF;34.474.989/0001-97;ARX DENALI MASTER FIF RENDA FIXA CRÉDITO PRIVADO - RESP LTDA;2025-11-30;Títulos de Crédito Privado;Nota Promissória/ Commercial Paper/ Export Note;N;Para negociação;;;;;4208.000000;4546949.27;;;PJ;15.139.629/0001-94;CIA ELETRICIDADE ESTADO BAHIA COELB;2028-12-20;S;DI1;DI de um dia;100.000000;1.333980;;S;N;
CLASSES - FIF;34.474.989/0001-97;ARX DENALI MASTER FIF RENDA FIXA CRÉDITO PRIVADO - RESP LTDA;2025-11-30;Títulos de Crédito Privado;Nota Promissória/ Commercial Paper/ Export Note;N;Para negociação;;;;;3973.000000;4293020.31;;;PJ;15.139.629/0001-94;CIA ELETRICIDADE ESTADO BAHIA COELB;2028-12-20;S;DI1;DI de um dia;100.000000;1.339308;;S;N;
CLASSES - FIF;34.474.989/0001-97;ARX DENALI MASTER FIF RENDA FIXA CRÉDITO PRIVADO - RESP LTDA;2025-11-30;Títulos de Crédito Privado;Nota Promissória/ Commercial Paper/ Export Note;N;Para negociação;;;;;1500.000000;1519223.85;;;PJ;10.647.979/0001-48;CONCESSIONARIA ROTA DAS BANDEIRAS S;2027-10-28;S;DI1;DI de um dia;100.000000;0.699991;;S;N;
CLASSES - FIF;34.476.006/0001-51;SANTANDER DINÂMICO RENDA FIXA CRÉDITO PRIVADO - FUNDO DE INVESTIMENTO FINANCEIRO RESP LIMITADA;2025-11-30;Títulos de Crédito Privado;Nota Promissória/ Commercial Paper/ Export Note;N;Para negociação;;;;;884.000000;952810.52;;;PJ;50.746.577/0001-15;COSAN SA INDUST;2028-12-27;S;DI1;DI de um dia;100.000000;1.630871;;S;N;
CLASSES - FIF;34.476.006/0001-51;SANTANDER DINÂMICO RENDA FIXA CRÉDITO PRIVADO - FUNDO DE INVESTIMENTO FINANCEIRO RESP LIMITADA;2025-11-30;Títulos ligados ao agronegócio;CRA;N;Para negociação;;;;;6225.000000;6304782.15;;;PJ;10.753.164/0001-43;ECO SECURITIZAD;2029-09-05;S;DI1;DI de um dia;100.000000;3.500000;;S;N;
CLASSES - FIF;34.488.907/0001-63;BRASILPREV TOP TP II FUNDO DE INVESTIMENTO FINANCEIRO RENDA FIXA CRÉDITO PRIVADO RESP LIMITADA;2025-11-30;Títulos ligados ao agronegócio;CRA;N;Para negociação;;;;;54442.000000;58297549.88;;;PJ;10.753.164/0001-43;ECO SECURITIZADORA DIREITOS CREDITORIOS AGRONEGOCIO SA;2029-08-15;S;DI1;DI de um dia;100.000000;1.750000;;S;N;
CLASSES - FIF;34.488.907/0001-63;BRASILPREV TOP TP II FUNDO DE INVESTIMENTO FINANCEIRO RENDA FIXA CRÉDITO PRIVADO RESP LIMITADA;2025-11-30;Títulos ligados ao agronegócio;CRA;N;Para negociação;;;;;17713.000000;20815172.95;;;PJ;02.773.542/0001-22;OPEA SECURITIZADORA S.A.;2028-07-15;S;IAP;Índice de Preços ao Consumidor Amplo (IPCA/IBGE);100.000000;4.500000;;S;N;
CLASSES - FIF;34.626.161/0001-07;ONDINA FIF - CLASSE DE INVESTIMENTO MULTIMERCADO CRÉDITO PRIVADO - RESP LIMITADA;2025-11-30;Títulos de Crédito Privado;CCB;N;Para negociação;;;;;350.000000;88265.22;;;PJ;21.320.221/0001-17;UBY AGROQUIMICA;2026-05-12;S;DI1;DI de um dia;100.000000;3.294682;;S;N;
CLASSES - FIF;34.626.161/0001-07;ONDINA FIF - CLASSE DE INVESTIMENTO MULTIMERCADO CRÉDITO PRIVADO - RESP LIMITADA;2025-11-30;Títulos de Crédito Privado;CCCB;N;Para negociação;;;;;1.000000;135475.57;;;PJ;15.114.366/0001-69;BANCO BOCOM BBM;2026-12-28;S;DI1;DI de um dia;100.000000;4.730982;;S;N;
CLASSES - FIF;34.687.399/0001-42;VINLAND MASTER FUNDO DE INVESTIMENTO FINANCEIRO RENDA FIXA LONGO PRAZO RESPONSABILIDADE LIMITADA;2025-11-30;Debêntures;Debênture simples;N;Para negociação;;;;;5380.000000;5431083.65;;;PJ;55.085.811/0001-24;EXES SECURITIZADORA SA;2031-10-20;S;DI1;DI de um dia;100.000000;1.000000;;S;N;
CLASSES - FIF;34.687.399/0001-42;VINLAND MASTER FUNDO DE INVESTIMENTO FINANCEIRO RENDA FIXA LONGO PRAZO RESPONSABILIDADE LIMITADA;2025-11-30;Títulos de Crédito Privado;Nota Promissória/ Commercial Paper/ Export Note;N;Para negociação;;;;;14750.000000;15143582.32;;;PJ;28.042.871/0001-97;GESTORA DE INTE;2028-09-26;S;DI1;DI de um dia;100.000000;1.200000;;S;N;
CLASSES - FIF;34.719.516/0001-02;UJAY DIAMANTE FUNDO DE INVESTIMENTO MULTIMERCADO;2025-11-30;Debêntures;Debênture simples;N;Para negociação;;;;;800.000000;987460.39;;;PJ;42.152.864/0001-79;THALASSIUS A033.21 PARTICIPACOES S.A.;2050-11-18;S;IAP;Índice de Preços ao Consumidor Amplo (IPCA/IBGE);100.000000;10.051391;;S;N;
CLASSES - FIF;34.962.302/0001-62;ARX EVEREST MASTER FIF RENDA FIXA CRÉDITO PRIVADO - RESPONSABILIDADE LIMITADA;2025-11-30;Debêntures;Debênture simples;N;Para negociação;;;;;7465.000000;8214485.99;;;PJ;50.365.355/0001-52;BIOMETANO VERDE PAULINIA SA;2025-12-31;S;DI1;DI de um dia;100.000000;2.711052;;N;N;
CLASSES - FIF;34.962.302/0001-62;ARX EVEREST MASTER FIF RENDA FIXA CRÉDITO PRIVADO - RESPONSABILIDADE LIMITADA;2025-11-30;Debêntures;Debênture simples;N;Para negociação;;;;;9200.000000;9287742.22;;;PJ;55.085.811/0001-24;ÉXES SECURITIZADORA S.A.;2031-10-20;S;DI1;DI de um dia;100.000000;1.121225;;S;N;
CLASSES - FIF;34.962.302/0001-62;ARX EVEREST MASTER FIF RENDA FIXA CRÉDITO PRIVADO - RESPONSABILIDADE LIMITADA;2025-11-30;Títulos de Crédito Privado;Nota Promissória/ Commercial Paper/ Export Note;N;Para negociação;;;;;5500.000000;5570487.46;;;PJ;10.647.979/0001-48;CONCESSIONARIA ROTA DAS BANDEIRAS S;2027-10-28;S;DI1;DI de um dia;100.000000;0.699991;;S;N;
CLASSES - FIF;34.962.302/0001-62;ARX EVEREST MASTER FIF RENDA FIXA CRÉDITO PRIVADO - RESPONSABILIDADE LIMITADA;2025-11-30;Títulos de Crédito Privado;Nota Promissória/ Commercial Paper/ Export Note;N;Para negociação;;;;;3068.000000;3315123.66;;;PJ;15.139.629/0001-94;CIA ELETRICIDADE ESTADO BAHIA COELB;2028-12-20;S;DI1;DI de um dia;100.000000;1.339308;;S;N;
CLASSES - FIF;34.962.302/0001-62;ARX EVEREST MASTER FIF RENDA FIXA CRÉDITO PRIVADO - RESPONSABILIDADE LIMITADA;2025-11-30;Títulos de Crédito Privado;Nota Promissória/ Commercial Paper/ Export Note;N;Para negociação;;;;;3250.000000;3511783.54;;;PJ;15.139.629/0001-94;CIA ELETRICIDADE ESTADO BAHIA COELB;2028-12-20;S;DI1;DI de um dia;100.000000;1.333980;;S;N;
CLASSES - FIF;34.962.302/0001-62;ARX EVEREST MASTER FIF RENDA FIXA CRÉDITO PRIVADO - RESPONSABILIDADE LIMITADA;2025-11-30;Títulos de Crédito Privado;Nota Promissória/ Commercial Paper/ Export Note;N;Para negociação;;;;;4052.000000;4378231.80;;;PJ;10.835.932/0001-08;CELPE - CIA ENERGÉTICA DE PERNAMBUC;2028-12-20;S;DI1;DI de um dia;100.000000;1.380184;;S;N;
CLASSES - FIF;34.962.302/0001-62;ARX EVEREST MASTER FIF RENDA FIXA CRÉDITO PRIVADO - RESPONSABILIDADE LIMITADA;2025-11-30;Títulos de Crédito Privado;Nota Promissória/ Commercial Paper/ Export Note;N;Para negociação;;;;;2476.000000;2681941.38;;;PJ;50.746.577/0001-15;COSAN SA INDUSTRIA E COMERCIO;2028-12-27;S;DI1;DI de um dia;100.000000;1.759581;;S;N;
CLASSES - FIF;34.962.302/0001-62;ARX EVEREST MASTER FIF RENDA FIXA CRÉDITO PRIVADO - RESPONSABILIDADE LIMITADA;2025-11-30;Títulos de Crédito Privado;Nota Promissória/ Commercial Paper/ Export Note;N;Para negociação;;;;;2914.000000;3156372.05;;;PJ;50.746.577/0001-15;COSAN SA INDUSTRIA E COMERCIO;2028-12-27;S;DI1;DI de um dia;100.000000;1.742863;;S;N;
CLASSES - FIF;34.962.302/0001-62;ARX EVEREST MASTER FIF RENDA FIXA CRÉDITO PRIVADO - RESPONSABILIDADE LIMITADA;2025-11-30;Títulos de Crédito Privado;Nota Promissória/ Commercial Paper/ Export Note;N;Para negociação;;;;;2365.000000;2561708.96;;;PJ;50.746.577/0001-15;COSAN SA INDUSTRIA E COMERCIO;2028-12-27;S;DI1;DI de um dia;100.000000;1.754087;;S;N;
CLASSES - FIF;34.962.302/0001-62;ARX EVEREST MASTER FIF RENDA FIXA CRÉDITO PRIVADO - RESPONSABILIDADE LIMITADA;2025-11-30;Títulos de Crédito Privado;Nota Promissória/ Commercial Paper/ Export Note;N;Para negociação;;;;;684.000000;726579.09;;;PJ;50.746.577/0001-15;COSAN SA INDUSTRIA E COMERCIO;2031-01-30;S;DI1;DI de um dia;100.000000;1.804343;;S;N;
CLASSES - FIF;35.001.550/0001-00;CORAGEM FIF MULTIMERCADO CP INVESTIMENTO NO EXTERIOR - RESPONSABILIDADE LIMITADA;2025-11-30;Títulos de Crédito Privado;CCB;N;Para negociação;0.000000;0.00;0.000000;0.00;1.000000;1990379.66;;;PJ;59.459.413/0001-81;KESH BANK LTDA;2027-05-23;N;;;;;0.000000;S;N;
CLASSES - FIF;35.001.550/0001-00;CORAGEM FIF MULTIMERCADO CP INVESTIMENTO NO EXTERIOR - RESPONSABILIDADE LIMITADA;2025-11-30;Títulos de Crédito Privado;Nota Promissória/ Commercial Paper/ Export Note;N;Para negociação;0.000000;0.00;0.000000;0.00;1.000000;120358.02;;;PJ;59.459.413/0001-81;KESH BANK LTDA;2026-11-24;N;;;;;5.000000;S;N;
CLASSES - FIF;35.001.550/0001-00;CORAGEM FIF MULTIMERCADO CP INVESTIMENTO NO EXTERIOR - RESPONSABILIDADE LIMITADA;2025-11-30;Títulos de Crédito Privado;Nota Promissória/ Commercial Paper/ Export Note;N;Para negociação;0.000000;0.00;0.000000;0.00;1.000000;1106513.91;;;PJ;07.262.678/0001-91;FLAVIO DUSSO LOPES;2027-01-31;N;;;;;10.000000;S;N;
CLASSES - FIF;35.377.796/0001-80;PORTO SEGURO MASTER FIF RENDA FIXA CRÉDITO PRIVADO LONGO PRAZO RESPONSABILIDADE LIMITADA;2025-11-30;Debêntures;Debênture simples;N;Para negociação;;;;;4400.000000;4439440.85;;;PJ;08.402.943/0001-52;GUARARAPES CONFECCOES S/A;2028-10-15;S;DI1;DI de um dia;100.000000;0.950000;;S;N;
CLASSES - FIF;35.377.796/0001-80;PORTO SEGURO MASTER FIF RENDA FIXA CRÉDITO PRIVADO LONGO PRAZO RESPONSABILIDADE LIMITADA;2025-11-30;Títulos de Crédito Privado;Nota Promissória/ Commercial Paper/ Export Note;N;Para negociação;;;;;3879.000000;4178735.84;;;PJ;33.000.167/0001-01;PETROLEO BRASILEIRO S.A. PETROBRAS;2032-08-25;S;DI1;DI de um dia;100.000000;1.900000;;S;N;
CLASSES - FIF;35.377.796/0001-80;PORTO SEGURO MASTER FIF RENDA FIXA CRÉDITO PRIVADO LONGO PRAZO RESPONSABILIDADE LIMITADA;2025-11-30;Títulos de Crédito Privado;Nota Promissória/ Commercial Paper/ Export Note;N;Para negociação;;;;;585.000000;622380.55;;;PJ;33.000.167/0001-01;PETROLEO BRASILEIRO S.A. PETROBRAS;2030-02-25;S;DI1;DI de um dia;100.000000;1.650000;;S;N;
CLASSES - FIF;35.377.796/0001-80;PORTO SEGURO MASTER FIF RENDA FIXA CRÉDITO PRIVADO LONGO PRAZO RESPONSABILIDADE LIMITADA;2025-11-30;Títulos de Crédito Privado;Nota Promissória/ Commercial Paper/ Export Note;N;Para negociação;;;;;6159.000000;6615648.88;;;PJ;50.746.577/0001-15;COSAN SA INDUSTRIA E COMERCIO;2028-12-27;S;DI1;DI de um dia;100.000000;1.750000;;S;N;
CLASSES - FIF;35.399.404/0001-84;COMPASS CREDIT SELECTION FIF RENDA FIXA CRÉDITO PRIVADO LONGO PRAZO - RESPONSABILIDADE LIMITADA;2025-11-30;Debêntures;Debênture simples;N;Para negociação;;;;;5000.000000;4973975.85;;;PJ;09.288.252/0001-32;ANIMA HOLDING S/A;2029-10-15;S;DI1;DI de um dia;100.000000;2.871001;;S;N;
CLASSES - FIF;35.399.404/0001-84;COMPASS CREDIT SELECTION FIF RENDA FIXA CRÉDITO PRIVADO LONGO PRAZO - RESPONSABILIDADE LIMITADA;2025-11-30;Títulos de Crédito Privado;Nota Promissória/ Commercial Paper/ Export Note;N;Para negociação;;;;;7628.000000;8262459.17;;;PJ;50.746.577/0001-15;COSAN SA INDUSTRIA E COMERCIO;2028-12-27;S;DI1;DI de um dia;100.000000;1.743180;;S;N;
CLASSES - FIF;35.399.404/0001-84;COMPASS CREDIT SELECTION FIF RENDA FIXA CRÉDITO PRIVADO LONGO PRAZO - RESPONSABILIDADE LIMITADA;2025-11-30;Títulos de Crédito Privado;Nota Promissória/ Commercial Paper/ Export Note;N;Para negociação;;;;;5000.000000;5402556.52;;;PJ;10.835.932/0001-08;CELPE - CIA ENERGÉTICA DE PERNAMBUC;2028-12-20;S;DI1;DI de um dia;100.000000;1.365480;;S;N;
CLASSES - FIF;35.399.404/0001-84;COMPASS CREDIT SELECTION FIF RENDA FIXA CRÉDITO PRIVADO LONGO PRAZO - RESPONSABILIDADE LIMITADA;2025-11-30;Títulos de Crédito Privado;Nota Promissória/ Commercial Paper/ Export Note;N;Para negociação;;;;;5000.000000;5402743.91;;;PJ;15.139.629/0001-94;CIA ELETRICIDADE ESTADO BAHIA COELB;2028-12-20;S;DI1;DI de um dia;100.000000;1.318229;;S;N;
CLASSES - FIF;35.600.771/0001-02;STONEX SAFIRA AGRO FUNDO DE INVESTIMENTO FINANCEIRO MULTIMERCADO;2025-11-30;Títulos ligados ao agronegócio;CPR;N;Para negociação;;;;;1.000000;3993699.29;;;PJ;62.090.873/0001-90;STONEX DISTRIBUIDORA DE TITULOS E VALORES MOBILIAR;2028-03-20;N;;;;;100.000000;S;N;
CLASSES - FIF;35.600.771/0001-02;STONEX SAFIRA AGRO FUNDO DE INVESTIMENTO FINANCEIRO MULTIMERCADO;2025-11-30;Títulos ligados ao agronegócio;CRA;N;Para negociação;;;;;4000.000000;1320000.00;;;PJ;02.773.542/0001-22;OPEA SECURITIZADORA S.A.;2026-09-30;S;DI1;DI de um dia;100.000000;6.350000;;S;N;
CLASSES - FIF;35.600.771/0001-02;STONEX SAFIRA AGRO FUNDO DE INVESTIMENTO FINANCEIRO MULTIMERCADO;2025-11-30;Títulos ligados ao agronegócio;CRA;N;Para negociação;;;;;13477.000000;6825748.75;;;PJ;02.773.542/0001-22;OPEA SECURITIZADORA S.A.;2026-12-17;S;DI1;DI de um dia;100.000000;5.350000;;S;N;
CLASSES - FIF;35.600.771/0001-02;STONEX SAFIRA AGRO FUNDO DE INVESTIMENTO FINANCEIRO MULTIMERCADO;2025-11-30;Títulos ligados ao agronegócio;CRA;N;Para negociação;;;;;800.000000;2217965.22;;;PJ;02.773.542/0001-22;OPEA SECURITIZADORA S.A.;2026-12-21;S;DI1;DI de um dia;100.000000;5.000000;;S;N;
CLASSES - FIF;35.600.771/0001-02;STONEX SAFIRA AGRO FUNDO DE INVESTIMENTO FINANCEIRO MULTIMERCADO;2025-11-30;Títulos ligados ao agronegócio;CRA;N;Para negociação;;;;;508.000000;1755746.41;;;PJ;02.773.542/0001-22;OPEA SECURITIZADORA S.A.;2026-12-23;S;DI1;DI de um dia;100.000000;5.000000;;S;N;
CLASSES - FIF;35.600.771/0001-02;STONEX SAFIRA AGRO FUNDO DE INVESTIMENTO FINANCEIRO MULTIMERCADO;2025-11-30;Títulos ligados ao agronegócio;CRA;N;Para negociação;;;;;4300.000000;2479372.29;;;PJ;02.773.542/0001-22;OPEA SECURITIZADORA S.A.;2027-08-11;S;DI1;DI de um dia;100.000000;5.150000;;S;N;
CLASSES - FIF;35.600.771/0001-02;STONEX SAFIRA AGRO FUNDO DE INVESTIMENTO FINANCEIRO MULTIMERCADO;2025-11-30;Títulos ligados ao agronegócio;CRA;N;Para negociação;;;;;3496.000000;1533231.68;;;PJ;02.773.542/0001-22;OPEA SECURITIZADORA S.A.;2028-12-15;S;DI1;DI de um dia;100.000000;4.500000;;S;N;
CLASSES - FIF;35.600.771/0001-02;STONEX SAFIRA AGRO FUNDO DE INVESTIMENTO FINANCEIRO MULTIMERCADO;2025-11-30;Títulos ligados ao agronegócio;CRA;N;Para negociação;;;;;2971.000000;1918155.79;;;PJ;04.200.649/0001-07;COMPANHIA PROVINCIA DE SECURITIZACAO;2028-10-31;S;DI1;DI de um dia;100.000000;4.200000;;S;N;
CLASSES - FIF;35.600.771/0001-02;STONEX SAFIRA AGRO FUNDO DE INVESTIMENTO FINANCEIRO MULTIMERCADO;2025-11-30;Títulos ligados ao agronegócio;CRA;N;Para negociação;;;;;10000.000000;8234731.04;;;PJ;10.753.164/0001-43;ECO SECURITIZADORA DE DIREITOS CREDITORIOS DO AGRO;2027-09-30;S;DI1;DI de um dia;100.000000;4.500000;;S;N;
CLASSES - FIF;35.600.771/0001-02;STONEX SAFIRA AGRO FUNDO DE INVESTIMENTO FINANCEIRO MULTIMERCADO;2025-11-30;Títulos ligados ao agronegócio;CRA;N;Para negociação;;;;;3549985.000000;3826660.25;;;PJ;10.753.164/0001-43;ECO SECURITIZADORA DE DIREITOS CREDITORIOS DO AGRO;2029-08-20;S;DI1;DI de um dia;100.000000;5.250000;;S;N;
CLASSES - FIF;35.600.771/0001-02;STONEX SAFIRA AGRO FUNDO DE INVESTIMENTO FINANCEIRO MULTIMERCADO;2025-11-30;Títulos ligados ao agronegócio;CRA;N;Para negociação;;;;;5000.000000;3225336.37;;;PJ;12.130.744/0001-00;TRUE SECURITIZADORA S.A.;2027-12-31;S;DI1;DI de um dia;100.000000;6.000000;;S;N;
CLASSES - FIF;35.600.771/0001-02;STONEX SAFIRA AGRO FUNDO DE INVESTIMENTO FINANCEIRO MULTIMERCADO;2025-11-30;Títulos ligados ao agronegócio;CRA;N;Para negociação;;;;;2020.000000;1168186.98;;;PJ;26.609.050/0001-64;TRAVESSIA SECURITIZADORA S.A.;2028-06-14;S;DI1;DI de um dia;100.000000;4.750000;;S;N;
CLASSES - FIF;35.600.771/0001-02;STONEX SAFIRA AGRO FUNDO DE INVESTIMENTO FINANCEIRO MULTIMERCADO;2025-11-30;Títulos ligados ao agronegócio;CRA;N;Para negociação;;;;;10000.000000;3166666.67;;;PJ;41.811.375/0001-19;CANAL COMPANHIA DE SECURITIZACAO;2025-12-29;S;DI1;DI de um dia;100.000000;6.250000;;S;N;
CLASSES - FIF;35.600.771/0001-02;STONEX SAFIRA AGRO FUNDO DE INVESTIMENTO FINANCEIRO MULTIMERCADO;2025-11-30;Títulos ligados ao agronegócio;CRA;N;Para negociação;;;;;11241.000000;7046210.95;;;PJ;41.811.375/0001-19;CANAL COMPANHIA DE SECURITIZACAO;2028-03-23;S;DI1;DI de um dia;100.000000;4.650000;;S;N;
CLASSES - FIF;35.600.771/0001-02;STONEX SAFIRA AGRO FUNDO DE INVESTIMENTO FINANCEIRO MULTIMERCADO;2025-11-30;Títulos ligados ao agronegócio;CRA;N;Para negociação;;;;;5000.000000;5322508.13;;;PJ;41.811.375/0001-19;CANAL COMPANHIA DE SECURITIZACAO;2029-02-28;S;DI1;DI de um dia;100.000000;4.800000;;S;N;
CLASSES - FIF;35.753.908/0001-50;CORAIS FUNDO DE INVESTIMENTO FINANCEIRO MULTI CP RESPONSABILIDADE LIMITADA;2025-11-30;Títulos de Crédito Privado;Nota Promissória/ Commercial Paper/ Export Note;N;Para negociação;0.000000;0.00;0.000000;0.00;5995500.000000;25715827.91;;;PJ;71.677.646/0001-56;CREDIT SUISSE (BAHAMAS) LTD;2030-08-15;N;;;;;2.956301;N;N;
CLASSES - FIF;35.765.444/0001-00;BTG LEGATO TB FUNDO DE INVESTIMENTO FINANCEIRO MULTIMERCADO;2025-11-30;Debêntures;Debênture simples;N;Para negociação;;;;;400.000000;400511.89;;;PJ;13.783.221/0004-78;MADERO INDUSTRIA E COMERCIO S.A.;2030-11-25;S;DI1;DI de um dia;100.000000;2.250000;;S;N;
CLASSES - FIF;35.765.444/0001-00;BTG LEGATO TB FUNDO DE INVESTIMENTO FINANCEIRO MULTIMERCADO;2025-11-30;Títulos ligados ao agronegócio;CRA;N;Para negociação;;;;;596.000000;599229.01;;;PJ;02.773.542/0001-22;OPEA SECURITIZADORA S.A.;2028-10-17;S;DI1;DI de um dia;100.000000;5.500000;;S;N;
CLASSES - FIF;35.765.444/0001-00;BTG LEGATO TB FUNDO DE INVESTIMENTO FINANCEIRO MULTIMERCADO;2025-11-30;Títulos ligados ao agronegócio;CRA;N;Para negociação;;;;;766.000000;415521.50;;;PJ;10.753.164/0001-43;ECO SECURITIZADORA DE DIREITOS CREDITORIOS DO AGRO;2027-06-30;S;DI1;DI de um dia;100.000000;4.800000;;S;N;
CLASSES - FIF;35.765.444/0001-00;BTG LEGATO TB FUNDO DE INVESTIMENTO FINANCEIRO MULTIMERCADO;2025-11-30;Títulos ligados ao agronegócio;CRA;N;Para negociação;;;;;117.000000;637657.78;;;PJ;10.753.164/0001-43;ECO SECURITIZADORA DE DIREITOS CREDITORIOS DO AGRO;2030-11-25;S;DI1;DI de um dia;100.000000;4.100000;;S;N;
CLASSES - FIF;35.816.166/0001-65;PATRIMONIAL MÁSTER FUNDO DE INVESTIMENTO FINANCEIRO MULTIMERCADO CRÉD PRIV IE RESP LIMITADA;2025-11-30;Títulos ligados ao agronegócio;CRA;N;Para negociação;;;;;475.000000;393935.56;;;PJ;12.130.744/0001-00;TRUE SECURITIZADORA S.A.;2030-10-15;S;OUT;OUTROS;100.000000;6.008100;;S;N;
CLASSES - FIF;35.816.166/0001-65;PATRIMONIAL MÁSTER FUNDO DE INVESTIMENTO FINANCEIRO MULTIMERCADO CRÉD PRIV IE RESP LIMITADA;2025-11-30;Títulos ligados ao agronegócio;CRA;N;Para negociação;;;;;469.000000;536719.28;;;PJ;12.130.744/0001-00;TRUE SECURITIZADORA S.A.;2030-06-17;S;IAP;Índice de Preços ao Consumidor Amplo (IPCA/IBGE);100.000000;5.800000;;S;N;
CLASSES - FIF;35.819.455/0001-18;MACADÂMIA FUNDO DE INVESTIMENTO MULTIMERCADO CRÉDITO PRIVADO;2025-11-30;Títulos ligados ao agronegócio;NCA;N;Mantido até o vencimento;;;;;95000.000000;102092537.26;;;PJ;00.132.229/0001-80;ONCOMED;2028-06-22;S;OUT;OUTROS;100.000000;2.795000;;N;N;
CLASSES - FIF;35.819.455/0001-18;MACADÂMIA FUNDO DE INVESTIMENTO MULTIMERCADO CRÉDITO PRIVADO;2025-11-30;Títulos ligados ao agronegócio;NCA;N;Mantido até o vencimento;;;;;45000.000000;61895642.55;;;PJ;49.049.304/0001-32;HI INVEST HOLDING SA;2028-06-22;S;OUT;OUTROS;100.000000;1.212000;;N;N;
CLASSES - FIF;35.819.455/0001-18;MACADÂMIA FUNDO DE INVESTIMENTO MULTIMERCADO CRÉDITO PRIVADO;2025-11-30;Títulos ligados ao agronegócio;NCA;N;Para negociação;;;;;184205.000000;190443027.54;;;PJ;53.199.162/0001-67;L.P. ACOS PARTICIPAC;2028-10-27;S;OUT;OUTROS;100.000000;0.069000;;N;N;
CLASSES - FIF;35.847.497/0001-62;ATLANTA FI FINANCEIRO - CI MULT CRED PRIV - RESP LIMITADA;2025-11-30;Títulos de Crédito Privado;Nota Promissória/ Commercial Paper/ Export Note;N;Para negociação;;;;;5000.000000;5065334.03;;;PJ;01.914.851/0001-02;C.B. DISTRIBUID;2028-07-27;S;DI1;DI de um dia;100.000000;4.514558;;S;N;
CLASSES - FIF;35.847.497/0001-62;ATLANTA FI FINANCEIRO - CI MULT CRED PRIV - RESP LIMITADA;2025-11-30;Títulos de Crédito Privado;Nota Promissória/ Commercial Paper/ Export Note;N;Mantido até o vencimento;;;;;10000.000000;10007450.48;;;PJ;01.914.851/0001-02;C.B. DISTRIBUID;2028-07-27;S;DI1;DI de um dia;100.000000;5.000000;;S;N;
CLASSES - FIF;35.847.519/0001-94;G5 SANTORINI FIF - CLASSE DE INVESTIMENTO MULTIMERCADO CRÉDITO PRIVADO - RESPONSABILIDADE LIMITADA;2025-11-30;Debêntures;Debênture simples;N;Para negociação;;;;;3665.000000;1280573.40;;;PJ;02.773.542/0001-22;Opea Securitiza;2025-12-03;S;DI1;DI de um dia;100.000000;5.850001;;S;N;
CLASSES - FIF;35.847.519/0001-94;G5 SANTORINI FIF - CLASSE DE INVESTIMENTO MULTIMERCADO CRÉDITO PRIVADO - RESPONSABILIDADE LIMITADA;2025-11-30;Títulos ligados ao agronegócio;CRA;N;Para negociação;;;;;2207.000000;2228325.86;;;PJ;25.005.683/0001-09;VERTE SECURIZAD;2028-11-16;S;IAP;Índice de Preços ao Consumidor Amplo (IPCA/IBGE);100.000000;10.638557;;S;N;
CLASSES - FIF;35.847.520/0001-19;G5 DIAMOND FI FINANCEIRO - CI MULT CRED PRIV - RESP LIMITADA;2025-11-30;Debêntures;Debênture simples;N;Para negociação;;;;;1365.000000;476939.34;;;PJ;02.773.542/0001-22;Opea Securitiza;2025-12-03;S;DI1;DI de um dia;100.000000;5.850001;;S;N;
CLASSES - FIF;35.847.520/0001-19;G5 DIAMOND FI FINANCEIRO - CI MULT CRED PRIV - RESP LIMITADA;2025-11-30;Títulos ligados ao agronegócio;CRA;N;Para negociação;;;;;150.000000;151449.42;;;PJ;25.005.683/0001-09;VERTE SECURIZAD;2028-11-16;S;IAP;Índice de Preços ao Consumidor Amplo (IPCA/IBGE);100.000000;10.249393;;S;N;
CLASSES - FIF;35.847.520/0001-19;G5 DIAMOND FI FINANCEIRO - CI MULT CRED PRIV - RESP LIMITADA;2025-11-30;Títulos ligados ao agronegócio;CRA;N;Para negociação;;;;;715.000000;675389.28;;;PJ;25.005.683/0001-09;VERTE SECURIZAD;2030-05-15;S;IAP;Índice de Preços ao Consumidor Amplo (IPCA/IBGE);100.000000;10.350229;;S;N;
CLASSES - FIF;36.015.218/0001-67;CSHG PITANGUEIRAS FUNDO DE INVESTIMENTO FINANCEIRO - MULTIMERCADO CRÉDITO PRIVADO RESP LIMITADA;2025-11-30;Títulos de Crédito Privado;CCB;N;Para negociação;;;;;500.000000;840879.27;;;PJ;05.684.234/0001-19;PLANNER SOCIEDADE DE CREDITO DIRETO;2050-12-30;S;DI1;DI de um dia;100.000000;12.000000;;N;N;
CLASSES - FIF;36.015.218/0001-67;CSHG PITANGUEIRAS FUNDO DE INVESTIMENTO FINANCEIRO - MULTIMERCADO CRÉDITO PRIVADO RESP LIMITADA;2025-11-30;Títulos de Crédito Privado;CCB;N;Para negociação;;;;;1.000000;287451.95;;;PJ;00.806.535/0001-54;PLANNER CORRETORA DE VALORES SA;2050-12-30;S;DI1;DI de um dia;100.000000;8.000000;;N;N;
CLASSES - FIF;36.015.218/0001-67;CSHG PITANGUEIRAS FUNDO DE INVESTIMENTO FINANCEIRO - MULTIMERCADO CRÉDITO PRIVADO RESP LIMITADA;2025-11-30;Títulos ligados ao agronegócio;CRA;N;Para negociação;;;;;400.000000;389963.63;;;PJ;12.130.744/0001-00;TRUE SECURITIZADORA S.A.;2028-05-15;S;OUT;OUTROS;100.000000;5.000000;;S;N;
CLASSES - FIF;36.233.973/0001-18;SANTANDER PREV DINÂMICO RENDA FIXA CRÉDITO PRIVADO - FIF RESP LIMITADA;2025-11-30;Títulos de Crédito Privado;Nota Promissória/ Commercial Paper/ Export Note;N;Para negociação;;;;;2890.000000;3067911.33;;;PJ;21.314.559/0001-66;MOVIDA PARTI;2027-02-04;S;DI1;DI de um dia;100.000000;3.832467;;S;N;
CLASSES - FIF;36.233.973/0001-18;SANTANDER PREV DINÂMICO RENDA FIXA CRÉDITO PRIVADO - FIF RESP LIMITADA;2025-11-30;Títulos de Crédito Privado;Nota Promissória/ Commercial Paper/ Export Note;N;Para negociação;;;;;2368.000000;2552325.01;;;PJ;50.746.577/0001-15;COSAN SA INDUST;2028-12-27;S;DI1;DI de um dia;100.000000;1.630871;;S;N;
CLASSES - FIF;36.233.973/0001-18;SANTANDER PREV DINÂMICO RENDA FIXA CRÉDITO PRIVADO - FIF RESP LIMITADA;2025-11-30;Títulos de Crédito Privado;Nota Promissória/ Commercial Paper/ Export Note;N;Para negociação;;;;;4750.000000;5147117.52;;;PJ;15.139.629/0001-94;COELBA;2029-06-20;S;DI1;DI de um dia;100.000000;1.547224;;S;N;
CLASSES - FIF;36.247.749/0001-85;RIZA DAIKON MASTER FUNDO DE INVESTIMENTO FINANCEIRO MULTIMERCADO;2025-11-30;Debêntures;Debênture simples;N;Para negociação;;;;;600.000000;600767.82;;;PJ;37.368.334/0001-22;VERT PRIVATE PLACEMENTS COMPANHIA SECURITIZADORA;2029-10-24;S;DI1;DI de um dia;100.000000;2.250000;;S;N;
CLASSES - FIF;36.247.749/0001-85;RIZA DAIKON MASTER FUNDO DE INVESTIMENTO FINANCEIRO MULTIMERCADO;2025-11-30;Debêntures;Debênture simples;N;Para negociação;;;;;80.000000;80125.28;;;PJ;37.368.334/0001-22;VERT PRIVATE PLACEMENTS COMPANHIA SECURITIZADORA;2029-10-24;S;DI1;DI de um dia;100.000000;6.000000;;S;N;
CLASSES - FIF;36.247.749/0001-85;RIZA DAIKON MASTER FUNDO DE INVESTIMENTO FINANCEIRO MULTIMERCADO;2025-11-30;Debêntures;Debênture simples;N;Para negociação;;;;;1500.000000;1514242.63;;;PJ;55.085.811/0001-24;EXES SECURITIZADORA S.A.;2031-10-20;S;DI1;DI de um dia;100.000000;1.000000;;S;N;
CLASSES - FIF;36.318.479/0001-56;COMPASS YIELD 30 FIF RENDA FIXA CRÉDITO PRIVADO LONGO PRAZO - RESPONSABILIDADE LIMITADA;2025-11-30;Debêntures;Debênture simples;N;Para negociação;;;;;10000.000000;9947951.70;;;PJ;09.288.252/0001-32;ANIMA HOLDING S/A;2029-10-15;S;DI1;DI de um dia;100.000000;2.871001;;S;N;
CLASSES - FIF;36.318.479/0001-56;COMPASS YIELD 30 FIF RENDA FIXA CRÉDITO PRIVADO LONGO PRAZO - RESPONSABILIDADE LIMITADA;2025-11-30;Títulos de Crédito Privado;Nota Promissória/ Commercial Paper/ Export Note;N;Para negociação;;;;;21515.000000;22679810.44;;;PJ;23.373.000/0001-32;VAMOS LOCACAO DE CAMINHOES, MAQUINA;2028-06-07;S;DI1;DI de um dia;114.000000;1.130953;;S;N;
CLASSES - FIF;36.318.479/0001-56;COMPASS YIELD 30 FIF RENDA FIXA CRÉDITO PRIVADO LONGO PRAZO - RESPONSABILIDADE LIMITADA;2025-11-30;Títulos de Crédito Privado;Nota Promissória/ Commercial Paper/ Export Note;N;Para negociação;;;;;15000.000000;16208231.72;;;PJ;15.139.629/0001-94;CIA ELETRICIDADE ESTADO BAHIA COELB;2028-12-20;S;DI1;DI de um dia;100.000000;1.318229;;S;N;
CLASSES - FIF;36.318.479/0001-56;COMPASS YIELD 30 FIF RENDA FIXA CRÉDITO PRIVADO LONGO PRAZO - RESPONSABILIDADE LIMITADA;2025-11-30;Títulos de Crédito Privado;Nota Promissória/ Commercial Paper/ Export Note;N;Para negociação;;;;;15000.000000;16207669.55;;;PJ;10.835.932/0001-08;CELPE - CIA ENERGÉTICA DE PERNAMBUC;2028-12-20;S;DI1;DI de um dia;100.000000;1.365480;;S;N;
CLASSES - FIF;36.318.479/0001-56;COMPASS YIELD 30 FIF RENDA FIXA CRÉDITO PRIVADO LONGO PRAZO - RESPONSABILIDADE LIMITADA;2025-11-30;Títulos de Crédito Privado;Nota Promissória/ Commercial Paper/ Export Note;N;Para negociação;;;;;1600.000000;1733080.06;;;PJ;50.746.577/0001-15;COSAN SA INDUSTRIA E COMERCIO;2028-12-27;S;DI1;DI de um dia;100.000000;1.732833;;S;N;
CLASSES - FIF;36.318.479/0001-56;COMPASS YIELD 30 FIF RENDA FIXA CRÉDITO PRIVADO LONGO PRAZO - RESPONSABILIDADE LIMITADA;2025-11-30;Títulos de Crédito Privado;Nota Promissória/ Commercial Paper/ Export Note;N;Para negociação;;;;;11450.000000;12402354.16;;;PJ;50.746.577/0001-15;COSAN SA INDUSTRIA E COMERCIO;2028-12-27;S;DI1;DI de um dia;100.000000;1.743180;;S;N;
CLASSES - FIF;36.318.479/0001-56;COMPASS YIELD 30 FIF RENDA FIXA CRÉDITO PRIVADO LONGO PRAZO - RESPONSABILIDADE LIMITADA;2025-11-30;Títulos de Crédito Privado;Nota Promissória/ Commercial Paper/ Export Note;N;Para negociação;;;;;4698.000000;5088756.32;;;PJ;50.746.577/0001-15;COSAN SA INDUSTRIA E COMERCIO;2028-12-27;S;DI1;DI de um dia;100.000000;1.733457;;S;N;
CLASSES - FIF;36.327.365/0001-72;CAPITÂNIA REIT PREV ADVISORY XP SEGUROS FIFE FIF MULTIMERCADO CRÉD PRIV - RESPONSABILIDADE LIMITADA;2025-11-30;Debêntures;Debênture simples;N;Para negociação;;;;;526.000000;493297.74;;;PJ;26.609.050/0001-64;TRAVESSIA SECURITIZADORA SA;2036-11-19;S;IAP;Índice de Preços ao Consumidor Amplo (IPCA/IBGE);100.000000;8.619738;;S;N;
CLASSES - FIF;36.352.346/0001-04;ARX CREDIT OPPORTUNITIES K FIF MULTIMERCADO CRÉDITO PRIVADO - RESPONSABILIDADE LIMITADA;2025-11-30;Debêntures;Debênture simples;N;Para negociação;;;;;700.000000;770280.00;;;PJ;50.365.355/0001-52;BIOMETANO VERDE PAULINIA SA;2025-12-31;S;DI1;DI de um dia;100.000000;2.711052;;N;N;
CLASSES - FIF;36.352.346/0001-04;ARX CREDIT OPPORTUNITIES K FIF MULTIMERCADO CRÉDITO PRIVADO - RESPONSABILIDADE LIMITADA;2025-11-30;Debêntures;Debênture simples;N;Para negociação;;;;;1400.000000;1413352.08;;;PJ;55.085.811/0001-24;ÉXES SECURITIZADORA S.A.;2031-10-20;S;DI1;DI de um dia;100.000000;1.121225;;S;N;
CLASSES - FIF;36.352.346/0001-04;ARX CREDIT OPPORTUNITIES K FIF MULTIMERCADO CRÉDITO PRIVADO - RESPONSABILIDADE LIMITADA;2025-11-30;Títulos de Crédito Privado;Nota Promissória/ Commercial Paper/ Export Note;N;Para negociação;;;;;500.000000;506407.95;;;PJ;10.647.979/0001-48;CONCESSIONARIA ROTA DAS BANDEIRAS S;2027-10-28;S;DI1;DI de um dia;100.000000;0.699991;;S;N;
CLASSES - FIF;36.352.346/0001-04;ARX CREDIT OPPORTUNITIES K FIF MULTIMERCADO CRÉDITO PRIVADO - RESPONSABILIDADE LIMITADA;2025-11-30;Títulos de Crédito Privado;Nota Promissória/ Commercial Paper/ Export Note;N;Para negociação;;;;;292.000000;315520.24;;;PJ;15.139.629/0001-94;CIA ELETRICIDADE ESTADO BAHIA COELB;2028-12-20;S;DI1;DI de um dia;100.000000;1.333980;;S;N;
CLASSES - FIF;36.352.346/0001-04;ARX CREDIT OPPORTUNITIES K FIF MULTIMERCADO CRÉDITO PRIVADO - RESPONSABILIDADE LIMITADA;2025-11-30;Títulos de Crédito Privado;Nota Promissória/ Commercial Paper/ Export Note;N;Para negociação;;;;;275.000000;297150.91;;;PJ;15.139.629/0001-94;CIA ELETRICIDADE ESTADO BAHIA COELB;2028-12-20;S;DI1;DI de um dia;100.000000;1.339308;;S;N;
CLASSES - FIF;36.352.346/0001-04;ARX CREDIT OPPORTUNITIES K FIF MULTIMERCADO CRÉDITO PRIVADO - RESPONSABILIDADE LIMITADA;2025-11-30;Títulos de Crédito Privado;Nota Promissória/ Commercial Paper/ Export Note;N;Para negociação;;;;;363.000000;392225.60;;;PJ;10.835.932/0001-08;CELPE - CIA ENERGÉTICA DE PERNAMBUC;2028-12-20;S;DI1;DI de um dia;100.000000;1.380184;;S;N;
CLASSES - FIF;36.352.346/0001-04;ARX CREDIT OPPORTUNITIES K FIF MULTIMERCADO CRÉDITO PRIVADO - RESPONSABILIDADE LIMITADA;2025-11-30;Títulos de Crédito Privado;Nota Promissória/ Commercial Paper/ Export Note;N;Para negociação;;;;;291.000000;315203.94;;;PJ;50.746.577/0001-15;COSAN SA INDUSTRIA E COMERCIO;2028-12-27;S;DI1;DI de um dia;100.000000;1.742863;;S;N;
CLASSES - FIF;36.352.346/0001-04;ARX CREDIT OPPORTUNITIES K FIF MULTIMERCADO CRÉDITO PRIVADO - RESPONSABILIDADE LIMITADA;2025-11-30;Títulos de Crédito Privado;Nota Promissória/ Commercial Paper/ Export Note;N;Para negociação;;;;;349.000000;378028.09;;;PJ;50.746.577/0001-15;COSAN SA INDUSTRIA E COMERCIO;2028-12-27;S;DI1;DI de um dia;100.000000;1.754087;;S;N;
CLASSES - FIF;36.352.346/0001-04;ARX CREDIT OPPORTUNITIES K FIF MULTIMERCADO CRÉDITO PRIVADO - RESPONSABILIDADE LIMITADA;2025-11-30;Títulos de Crédito Privado;Nota Promissória/ Commercial Paper/ Export Note;N;Para negociação;;;;;366.000000;396442.06;;;PJ;50.746.577/0001-15;COSAN SA INDUSTRIA E COMERCIO;2028-12-27;S;DI1;DI de um dia;100.000000;1.759578;;S;N;
CLASSES - FIF;36.498.670/0001-27;RIZA LOTUS FUNDO DE INVESTIMENTO FINANCEIRO RENDA FIXA;2025-11-30;Debêntures;Debênture simples;N;Para negociação;;;;;500.000000;264748.44;;;PJ;33.000.167/0001-01;PETROLEO BRASILEIRO S A PETROBRAS;2026-01-15;S;DI1;DI de um dia;106.250000;103.524500;;S;N;
CLASSES - FIF;36.498.670/0001-27;RIZA LOTUS FUNDO DE INVESTIMENTO FINANCEIRO RENDA FIXA;2025-11-30;Debêntures;Debênture simples;N;Para negociação;;;;;31890.000000;31930809.60;;;PJ;37.368.334/0001-22;VERT PRIVATE PLACEMENTS COMPANHIA SECURITIZADORA;2029-10-24;S;DI1;DI de um dia;100.000000;2.250000;;S;N;
CLASSES - FIF;36.498.670/0001-27;RIZA LOTUS FUNDO DE INVESTIMENTO FINANCEIRO RENDA FIXA;2025-11-30;Debêntures;Debênture simples;N;Para negociação;;;;;4252.000000;4258658.48;;;PJ;37.368.334/0001-22;VERT PRIVATE PLACEMENTS COMPANHIA SECURITIZADORA;2029-10-24;S;DI1;DI de um dia;100.000000;6.000000;;S;N;
CLASSES - FIF;36.498.670/0001-27;RIZA LOTUS FUNDO DE INVESTIMENTO FINANCEIRO RENDA FIXA;2025-11-30;Debêntures;Debênture simples;N;Para negociação;;;;;6500.000000;6561718.06;;;PJ;55.085.811/0001-24;EXES SECURITIZADORA S.A.;2031-10-20;S;DI1;DI de um dia;100.000000;1.000000;;S;N;
CLASSES - FIF;36.498.670/0001-27;RIZA LOTUS FUNDO DE INVESTIMENTO FINANCEIRO RENDA FIXA;2025-11-30;Títulos ligados ao agronegócio;CRA;N;Para negociação;;;;;1219.000000;1243991.70;;;PJ;08.769.451/0001-08;VIRGO COMPANHIA DE SECURITIZACAO;2026-05-15;S;DI1;DI de um dia;100.000000;5.400000;;S;N;
CLASSES - FIF;36.498.670/0001-27;RIZA LOTUS FUNDO DE INVESTIMENTO FINANCEIRO RENDA FIXA;2025-11-30;Títulos ligados ao agronegócio;CRA;N;Para negociação;;;;;12525.000000;12557564.32;;;PJ;08.769.451/0001-08;VIRGO COMPANHIA DE SECURITIZACAO;2032-09-22;S;DI1;DI de um dia;100.000000;2.500000;;S;N;
CLASSES - FIF;36.498.670/0001-27;RIZA LOTUS FUNDO DE INVESTIMENTO FINANCEIRO RENDA FIXA;2025-11-30;Títulos ligados ao agronegócio;CRA;N;Para negociação;;;;;6840.000000;6857783.63;;;PJ;08.769.451/0001-08;VIRGO COMPANHIA DE SECURITIZACAO;2033-09-22;S;DI1;DI de um dia;100.000000;2.500000;;S;N;
CLASSES - FIF;36.517.830/0001-38;KANASTRO FIF - CLASSE DE INVESTIMENTO MULTIMERCADO CRÉDITO PRIVADO;2025-11-30;Debêntures;Debênture simples;N;Para negociação;;;;;170.000000;59399.04;;;PJ;02.773.542/0001-22;Opea Securitiza;2025-12-03;S;DI1;DI de um dia;100.000000;5.849981;;S;N;
CLASSES - FIF;36.517.830/0001-38;KANASTRO FIF - CLASSE DE INVESTIMENTO MULTIMERCADO CRÉDITO PRIVADO;2025-11-30;Títulos ligados ao agronegócio;CRA;N;Para negociação;;;;;135.000000;17015.45;;;PJ;10.753.164/0001-43;ECO SECURITIZAD;2025-12-15;S;DI1;DI de um dia;100.000000;5.904920;;S;N;
CLASSES - FIF;36.521.676/0001-78;WESTERN B PREVIDÊNCIA FIFE MASTER FI FINANCEIRO - CI MULT CRED PRIV - RESP LIMITADA;2025-11-30;Debêntures;Debênture simples;N;Para negociação;;;;;2311.000000;2331715.41;;;PJ;08.402.943/0001-52;GUARARAPES CONF;2028-10-15;S;DI1;DI de um dia;100.000000;1.038232;;S;N;
CLASSES - FIF;36.741.133/0001-66;AFRICA FUNDO DE INVESTIMENTO MULTIMERCADO RESPONSABILIDADE  LIMITADA;2025-11-30;Títulos de Crédito Privado;Nota Promissória/ Commercial Paper/ Export Note;N;Para negociação;0.000000;0.00;0.000000;0.00;1.000000;1315102.31;;;PJ;13.051.485/0001-94;Everest Participações e Empreendimentos S.A.;2026-08-21;S;DI1;DI de um dia;100.000000;0.000000;;S;N;
CLASSES - FIF;36.947.635/0001-48;CAPITÂNIA FAPES FUNDO DE INVESTIMENTO FINANCEIRO MULT CRÉDITO PRIVADO - RESP LIMITADA;2025-11-30;Debêntures;Debênture simples;N;Para negociação;;;;;1560.000000;1586581.80;;;PJ;23.438.929/0001-00;ALARES INTERNET PARTICIPACOES S A;2032-10-15;S;IAP;Índice de Preços ao Consumidor Amplo (IPCA/IBGE);100.000000;11.865500;;S;N;
CLASSES - FIF;36.947.635/0001-48;CAPITÂNIA FAPES FUNDO DE INVESTIMENTO FINANCEIRO MULT CRÉDITO PRIVADO - RESP LIMITADA;2025-11-30;Títulos de Crédito Privado;Nota Promissória/ Commercial Paper/ Export Note;N;Para negociação;;;;;2075.000000;2235338.20;;;PJ;33.000.167/0001-01;PETROLEO BRASILEIRO S.A. PETROBRAS;2032-08-25;S;DI1;DI de um dia;100.000000;1.900000;;S;N;
CLASSES - FIF;37.021.564/0001-10;CLN FIXED BRASIL 2026 FUNDO DE INVESTIMENTO FINANCEIRO MULTI CREDITO PRIVADO RESP LIMITADA;2025-11-30;Títulos de Crédito Privado;Nota Promissória/ Commercial Paper/ Export Note;N;Para negociação;0.000000;0.00;0.000000;0.00;324315502.000000;319855391.97;;;PJ;71.677.646/0001-56;CREDIT SUISSE (BAHAMAS) LTD;2026-01-01;N;;;;;0.000000;N;N;
CLASSES - FIF;37.098.871/0001-08;MILENIO 180 MASTER FUNDO DE INVESTIMENTO FINANCEIRO MULTIMERCADO;2025-11-30;Debêntures;Debênture simples;N;Para negociação;;;;;647333.551500;817460.13;;;PJ;22.688.889/0001-84;STYLUX BRASIL SISTEMAS DE ILUMINACAO E ENERGIA S.A;2031-01-15;S;DI1;DI de um dia;100.000000;7.000000;;N;N;
CLASSES - FIF;37.267.132/0001-94;SANTANDER PB RICCHEZZA MULTIMERCADO CRÉDITO PRIVADO - FUNDO DE INVESTIMENTO FINANCEIRO;2025-11-30;Títulos de Crédito Privado;Nota Promissória/ Commercial Paper/ Export Note;S;Para negociação;;;;;565.000000;597736.44;;;PJ;33.000.167/0001-01;PETROBRAS S/A;2030-02-25;S;DI1;DI de um dia;100.000000;1.649999;;S;N;
CLASSES - FIF;37.319.367/0001-82;UNIMED INVESTCOOP LIVRE I FIF RENDA FIXA CRÉDITO PRIVADO LP RESP LIMITADA;2025-11-30;Debêntures;Debênture simples;N;Para negociação;;;;;907.000000;908160.71;;;PJ;13.783.221/0004-78;MADERO INDUSTRIA E COMERCIO S.A.;2030-11-25;S;DI1;DI de um dia;100.000000;2.250000;;S;N;
CLASSES - FIF;37.319.367/0001-82;UNIMED INVESTCOOP LIVRE I FIF RENDA FIXA CRÉDITO PRIVADO LP RESP LIMITADA;2025-11-30;Debêntures;Debênture simples;N;Para negociação;;;;;1645.000000;1653586.22;;;PJ;43.776.517/0001-80;CIA SANEAMENTO BASICO EST SAO PAULO;2032-11-14;S;DI1;DI de um dia;100.000000;0.690000;;S;N;
CLASSES - FIF;37.319.367/0001-82;UNIMED INVESTCOOP LIVRE I FIF RENDA FIXA CRÉDITO PRIVADO LP RESP LIMITADA;2025-11-30;Debêntures;Debênture simples;N;Para negociação;;;;;950.000000;945055.41;;;PJ;09.288.252/0001-32;ANIMA HOLDING S.A.;2029-10-15;S;DI1;DI de um dia;100.000000;1.500000;;S;N;
CLASSES - FIF;37.319.367/0001-82;UNIMED INVESTCOOP LIVRE I FIF RENDA FIXA CRÉDITO PRIVADO LP RESP LIMITADA;2025-11-30;Debêntures;Debênture simples;N;Para negociação;;;;;5616.000000;5669324.49;;;PJ;55.085.811/0001-24;EXES SECURITIZADORA SA;2031-10-20;S;DI1;DI de um dia;100.000000;1.000000;;S;N;
CLASSES - FIF;37.319.367/0001-82;UNIMED INVESTCOOP LIVRE I FIF RENDA FIXA CRÉDITO PRIVADO LP RESP LIMITADA;2025-11-30;Títulos de Crédito Privado;Nota Promissória/ Commercial Paper/ Export Note;N;Para negociação;;;;;1042.000000;1119257.37;;;PJ;50.746.577/0001-15;COSAN SA INDUSTRIA E COMERCIO;2028-12-27;S;DI1;DI de um dia;100.000000;1.750000;;S;N;
CLASSES - FIF;37.319.367/0001-82;UNIMED INVESTCOOP LIVRE I FIF RENDA FIXA CRÉDITO PRIVADO LP RESP LIMITADA;2025-11-30;Títulos de Crédito Privado;Nota Promissória/ Commercial Paper/ Export Note;N;Para negociação;;;;;1321.000000;1393938.92;;;PJ;50.746.577/0001-15;COSAN SA INDUSTRIA E COMERCIO;2031-01-30;S;DI1;DI de um dia;100.000000;1.800000;;S;N;
CLASSES - FIF;37.368.078/0001-73;ARX ELBRUS PRO MASTER FUNDO INCENTIVADO DE INVESTIMENTO FINANCEIRO EM INFRA RENDA FIXA - RESP LTDA;2025-11-30;Debêntures;Debênture simples;N;Para negociação;;;;;987.000000;975552.50;;;PJ;06.981.180/0001-16;CEMIG DISTRIBUIÇÃO S/A;2037-10-15;S;IAP;Índice de Preços ao Consumidor Amplo (IPCA/IBGE);100.000000;7.169628;;S;N;
CLASSES - FIF;37.396.696/0001-27;XP MASTER I FIF EM INFRAESTRUTURA RENDA FIXA - RESPONSABILIDADE LIMITADA;2025-11-30;Debêntures;Debênture simples;N;Para negociação;0.000000;0.00;0.000000;0.00;20670.000000;23577490.73;;;PJ;34.714.322/0001-14;CANT  GERA  O E COM RCIO DE ENERGIA SPE S.A.;2034-12-15;S;IAP;Índice de Preços ao Consumidor Amplo (IPCA/IBGE);100.000000;0.000000;;S;N;
CLASSES - FIF;37.396.696/0001-27;XP MASTER I FIF EM INFRAESTRUTURA RENDA FIXA - RESPONSABILIDADE LIMITADA;2025-11-30;Debêntures;Debênture simples;N;Para negociação;0.000000;0.00;0.000000;0.00;23821.000000;27171717.78;;;PJ;34.714.313/0001-23;BONFIM GERA  O E COM RCIO DE ENERGIA SPE S.A.;2034-12-15;S;IAP;Índice de Preços ao Consumidor Amplo (IPCA/IBGE);100.000000;0.000000;;S;N;
CLASSES - FIF;37.396.696/0001-27;XP MASTER I FIF EM INFRAESTRUTURA RENDA FIXA - RESPONSABILIDADE LIMITADA;2025-11-30;Debêntures;Debênture simples;N;Para negociação;0.000000;0.00;0.000000;0.00;22190.000000;25311297.49;;;PJ;34.714.305/0001-87;PAU RAINHA GERA  O E COM RCIO DE ENERGIA SPE S.A.;2034-12-15;S;IAP;Índice de Preços ao Consumidor Amplo (IPCA/IBGE);100.000000;0.000000;;S;N;
CLASSES - FIF;37.396.696/0001-27;XP MASTER I FIF EM INFRAESTRUTURA RENDA FIXA - RESPONSABILIDADE LIMITADA;2025-11-30;Debêntures;Debênture simples;N;Para negociação;0.000000;0.00;0.000000;0.00;25113.000000;28645453.54;;;PJ;34.745.410/0001-83;SANTA LUZ GERA  O E COM RCIO DE ENERGIA SPE S.A.;2034-12-15;S;IAP;Índice de Preços ao Consumidor Amplo (IPCA/IBGE);100.000000;0.000000;;S;N;
CLASSES - FIF;37.396.696/0001-27;XP MASTER I FIF EM INFRAESTRUTURA RENDA FIXA - RESPONSABILIDADE LIMITADA;2025-11-30;Debêntures;Debênture simples;N;Para negociação;0.000000;0.00;0.000000;0.00;63375.000000;69248878.15;;;PJ;24.917.078/0001-33;TRANSMISSORA DE ENERGIA CAMPINAS-ITATIBA SPE S.A.;2039-09-18;S;IAP;Índice de Preços ao Consumidor Amplo (IPCA/IBGE);100.000000;0.000000;;S;N;
CLASSES - FIF;37.396.696/0001-27;XP MASTER I FIF EM INFRAESTRUTURA RENDA FIXA - RESPONSABILIDADE LIMITADA;2025-11-30;Debêntures;Debênture simples;N;Para negociação;0.000000;0.00;0.000000;0.00;22750.000000;19130050.20;;;PJ;25.298.162/0001-89;OURILANDIA DO NORTE TRANSMISSORA DE ENERGIA S/A;2039-11-15;S;IAP;Índice de Preços ao Consumidor Amplo (IPCA/IBGE);100.000000;0.000000;;S;N;
CLASSES - FIF;37.396.696/0001-27;XP MASTER I FIF EM INFRAESTRUTURA RENDA FIXA - RESPONSABILIDADE LIMITADA;2025-11-30;Debêntures;Debênture simples;N;Para negociação;0.000000;0.00;0.000000;0.00;7500.000000;10203099.00;;;PJ;26.355.027/0001-90;GOIAS GERADORA DE ENERGIA RENOVAVEL S.A.;2041-03-15;S;IAP;Índice de Preços ao Consumidor Amplo (IPCA/IBGE);100.000000;0.000000;;S;N;
CLASSES - FIF;37.396.696/0001-27;XP MASTER I FIF EM INFRAESTRUTURA RENDA FIXA - RESPONSABILIDADE LIMITADA;2025-11-30;Debêntures;Debênture simples;N;Para negociação;0.000000;0.00;0.000000;0.00;7500.000000;10160210.94;;;PJ;38.013.764/0001-94;GAMELEIRA GERADORA DE ENERGIA RENOVAVEL S,A,;2041-03-15;S;IAP;Índice de Preços ao Consumidor Amplo (IPCA/IBGE);100.000000;0.000000;;S;N;
CLASSES - FIF;37.396.696/0001-27;XP MASTER I FIF EM INFRAESTRUTURA RENDA FIXA - RESPONSABILIDADE LIMITADA;2025-11-30;Debêntures;Debênture simples;N;Para negociação;0.000000;0.00;0.000000;0.00;75000.000000;79411935.70;;;PJ;32.711.933/0001-83;ARTEON Z TRANSMISSAO PARTICIPACOES S.A.;2044-02-15;S;IAP;Índice de Preços ao Consumidor Amplo (IPCA/IBGE);100.000000;0.000000;;S;N;
CLASSES - FIF;37.440.121/0001-64;AUGME PRO VC CLASSE DE INVESTIMENTO  MULTIMERCADO CRÉDITO PRIVADO - RESP LIMITADA;2025-11-30;Títulos de Crédito Privado;CCB;N;Para negociação;0.000000;0.00;0.000000;0.00;1.000000;499801.44;;;PJ;11.581.339/0001-45;BMP CREDITO;2034-12-15;S;IAP;Índice de Preços ao Consumidor Amplo (IPCA/IBGE);100.000000;13.190340;;S;N;
CLASSES - FIF;37.440.121/0001-64;AUGME PRO VC CLASSE DE INVESTIMENTO  MULTIMERCADO CRÉDITO PRIVADO - RESP LIMITADA;2025-11-30;Títulos de Crédito Privado;CCB;N;Para negociação;0.000000;0.00;0.000000;0.00;1.000000;469721.94;;;PJ;11.581.339/0001-45;BMP CREDITO;2034-12-15;S;IAP;Índice de Preços ao Consumidor Amplo (IPCA/IBGE);100.000000;13.190144;;S;N;
CLASSES - FIF;37.440.121/0001-64;AUGME PRO VC CLASSE DE INVESTIMENTO  MULTIMERCADO CRÉDITO PRIVADO - RESP LIMITADA;2025-11-30;Títulos de Crédito Privado;CCB;N;Para negociação;0.000000;0.00;0.000000;0.00;2.000000;876214.01;;;PJ;11.581.339/0001-45;BMP CREDITO;2034-12-15;S;IAP;Índice de Preços ao Consumidor Amplo (IPCA/IBGE);100.000000;13.190427;;S;N;
CLASSES - FIF;37.440.121/0001-64;AUGME PRO VC CLASSE DE INVESTIMENTO  MULTIMERCADO CRÉDITO PRIVADO - RESP LIMITADA;2025-11-30;Títulos de Crédito Privado;Nota Promissória/ Commercial Paper/ Export Note;N;Para negociação;0.000000;0.00;0.000000;0.00;635.000000;402251.08;;;PJ;35.237.331/0001-24;MOTTU LOCACAO D;2027-02-14;S;DI1;DI de um dia;100.000000;6.408959;;S;N;
CLASSES - FIF;37.440.121/0001-64;AUGME PRO VC CLASSE DE INVESTIMENTO  MULTIMERCADO CRÉDITO PRIVADO - RESP LIMITADA;2025-11-30;Títulos de Crédito Privado;Nota Promissória/ Commercial Paper/ Export Note;N;Para negociação;0.000000;0.00;0.000000;0.00;1741.000000;1102864.77;;;PJ;35.237.331/0001-24;MOTTU LOCACAO D;2027-02-14;S;DI1;DI de um dia;100.000000;6.388700;;S;N;
CLASSES - FIF;37.440.121/0001-64;AUGME PRO VC CLASSE DE INVESTIMENTO  MULTIMERCADO CRÉDITO PRIVADO - RESP LIMITADA;2025-11-30;Títulos de Crédito Privado;Nota Promissória/ Commercial Paper/ Export Note;N;Para negociação;0.000000;0.00;0.000000;0.00;3541.000000;2998645.00;;;PJ;23.009.600/0001-16;3L LOCAÇÕES E S;2028-04-29;S;DI1;DI de um dia;100.000000;5.039378;;S;N;
CLASSES - FIF;37.440.121/0001-64;AUGME PRO VC CLASSE DE INVESTIMENTO  MULTIMERCADO CRÉDITO PRIVADO - RESP LIMITADA;2025-11-30;Títulos de Crédito Privado;Nota Promissória/ Commercial Paper/ Export Note;N;Para negociação;0.000000;0.00;0.000000;0.00;2836.000000;3005426.37;;;PJ;09.069.233/0001-15;BRITECH S.A.;2028-10-09;S;DI1;DI de um dia;100.000000;5.499999;;S;N;
CLASSES - FIF;37.440.121/0001-64;AUGME PRO VC CLASSE DE INVESTIMENTO  MULTIMERCADO CRÉDITO PRIVADO - RESP LIMITADA;2025-11-30;Títulos de Crédito Privado;Nota Promissória/ Commercial Paper/ Export Note;N;Para negociação;0.000000;0.00;0.000000;0.00;2739.000000;2355824.46;;;PJ;23.599.885/0001-92;PLUGIFY TECNOLO;2029-08-15;S;DI1;DI de um dia;100.000000;4.499999;;S;N;
CLASSES - FIF;37.440.121/0001-64;AUGME PRO VC CLASSE DE INVESTIMENTO  MULTIMERCADO CRÉDITO PRIVADO - RESP LIMITADA;2025-11-30;Títulos de Crédito Privado;Nota Promissória/ Commercial Paper/ Export Note;N;Para negociação;0.000000;0.00;0.000000;0.00;2339.000000;2354623.12;;;PJ;07.358.108/0001-08;EVEO SA;2030-02-20;S;DI1;DI de um dia;100.000000;6.509854;;S;N;
CLASSES - FIF;37.440.121/0001-64;AUGME PRO VC CLASSE DE INVESTIMENTO  MULTIMERCADO CRÉDITO PRIVADO - RESP LIMITADA;2025-11-30;Títulos de Crédito Privado;Nota Promissória/ Commercial Paper/ Export Note;N;Para negociação;0.000000;0.00;0.000000;0.00;257.000000;245339.73;;;PJ;23.599.885/0001-92;PLUGIFY TECNOLO;2030-05-21;S;DI1;DI de um dia;100.000000;4.499999;;S;N;
CLASSES - FIF;37.440.121/0001-64;AUGME PRO VC CLASSE DE INVESTIMENTO  MULTIMERCADO CRÉDITO PRIVADO - RESP LIMITADA;2025-11-30;Títulos de Crédito Privado;Nota Promissória/ Commercial Paper/ Export Note;N;Para negociação;0.000000;0.00;0.000000;0.00;401562.000000;355150.38;;;PJ;55.512.223/0001-20;SAN VICENTE EMP;2030-12-12;S;IAP;Índice de Preços ao Consumidor Amplo (IPCA/IBGE);100.000000;9.186642;;S;N;
CLASSES - FIF;37.750.682/0001-60;G5 MONTREAL FIF - CLASSE DE INVESTIMENTO RF INCENTIVADO DE INVESTIMENTO EM INFRA - RESP LIMITADA;2025-11-30;Debêntures;Debênture simples;N;Para negociação;;;;;405.000000;476675.95;;;PJ;20.223.016/0001-70;BELO MONTE TRAN;2031-12-15;S;IAP;Índice de Preços ao Consumidor Amplo (IPCA/IBGE);100.000000;7.874245;;S;N;
CLASSES - FIF;37.750.682/0001-60;G5 MONTREAL FIF - CLASSE DE INVESTIMENTO RF INCENTIVADO DE INVESTIMENTO EM INFRA - RESP LIMITADA;2025-11-30;Debêntures;Debênture simples;N;Para negociação;;;;;1100.000000;384346.72;;;PJ;02.773.542/0001-22;Opea Securitiza;2025-12-03;S;DI1;DI de um dia;100.000000;5.849969;;S;N;
CLASSES - FIF;37.780.270/0001-72;VERITAS PREMIUM INSTITUCIONAL FUNDO DE INVESTIMENTO RENDA FIXA CRÉDITO PRIVADO LONGO PRAZO;2025-11-30;Debêntures;Debênture simples;N;Para negociação;;;;;455.000000;240921.08;;;PJ;33.000.167/0001-01;PETROLEO BRASILEIRO S A PETROBRAS;2026-01-15;S;DI1;DI de um dia;106.250000;103.524500;;S;N;
CLASSES - FIF;37.828.947/0001-03;MANI FUNDO DE INVESTIMENTO MULTIMERCADO CREDITO PRIVADO;2025-11-30;Títulos ligados ao agronegócio;NCA;N;Para negociação;;;;;5050000.000000;569858.92;;;PJ;55.859.656/0001-56;SEMENTES ESPERA;2026-01-19;N;;;;;21.007475;N;N;
CLASSES - FIF;37.828.947/0001-03;MANI FUNDO DE INVESTIMENTO MULTIMERCADO CREDITO PRIVADO;2025-11-30;Títulos ligados ao agronegócio;NCA;N;Para negociação;;;;;4100379.000000;707629.67;;;PJ;55.859.656/0001-56;SEMENTES ESPERA;2026-02-02;N;;;;;21.806434;N;N;
CLASSES - FIF;37.828.947/0001-03;MANI FUNDO DE INVESTIMENTO MULTIMERCADO CREDITO PRIVADO;2025-11-30;Títulos ligados ao agronegócio;NCA;N;Para negociação;;;;;2876509.000000;496098.68;;;PJ;55.859.656/0001-56;SEMENTES ESPERA;2026-02-18;N;;;;;20.983040;N;N;
CLASSES - FIF;37.828.947/0001-03;MANI FUNDO DE INVESTIMENTO MULTIMERCADO CREDITO PRIVADO;2025-11-30;Títulos ligados ao agronegócio;NCA;N;Para negociação;;;;;3939000.000000;657728.67;;;PJ;55.859.656/0001-56;SEMENTES ESPERA;2026-02-23;N;;;;;21.179646;N;N;
CLASSES - FIF;37.828.947/0001-03;MANI FUNDO DE INVESTIMENTO MULTIMERCADO CREDITO PRIVADO;2025-11-30;Títulos ligados ao agronegócio;NCA;N;Para negociação;;;;;3939000.000000;898852.54;;;PJ;55.859.656/0001-56;SEMENTES ESPERA;2026-03-04;N;;;;;21.095696;N;N;
CLASSES - FIF;37.828.947/0001-03;MANI FUNDO DE INVESTIMENTO MULTIMERCADO CREDITO PRIVADO;2025-11-30;Títulos ligados ao agronegócio;NCA;N;Para negociação;;;;;8080000.000000;1804995.24;;;PJ;55.859.656/0001-56;SEMENTES ESPERA;2026-03-18;N;;;;;21.015067;N;N;
CLASSES - FIF;37.828.947/0001-03;MANI FUNDO DE INVESTIMENTO MULTIMERCADO CREDITO PRIVADO;2025-11-30;Títulos ligados ao agronegócio;NCA;N;Para negociação;;;;;4040000.000000;1157408.05;;;PJ;55.859.656/0001-56;SEMENTES ESPERA;2026-04-08;N;;;;;21.319440;N;N;
CLASSES - FIF;37.828.947/0001-03;MANI FUNDO DE INVESTIMENTO MULTIMERCADO CREDITO PRIVADO;2025-11-30;Títulos ligados ao agronegócio;NCA;N;Para negociação;;;;;3535000.000000;1210771.72;;;PJ;55.859.656/0001-56;SEMENTES ESPERA;2026-05-04;N;;;;;20.983040;N;N;
CLASSES - FIF;37.828.947/0001-03;MANI FUNDO DE INVESTIMENTO MULTIMERCADO CREDITO PRIVADO;2025-11-30;Títulos ligados ao agronegócio;NCA;N;Para negociação;;;;;5050000.000000;1973403.55;;;PJ;55.859.656/0001-56;SEMENTES ESPERA;2026-06-24;S;DI1;DI de um dia;100.000000;10.014124;;N;N;
CLASSES - FIF;37.828.947/0001-03;MANI FUNDO DE INVESTIMENTO MULTIMERCADO CREDITO PRIVADO;2025-11-30;Títulos ligados ao agronegócio;NCA;N;Para negociação;;;;;5050000.000000;2339994.46;;;PJ;55.859.656/0001-56;SEMENTES ESPERA;2026-07-08;S;DI1;DI de um dia;100.000000;9.251123;;N;N;
CLASSES - FIF;37.828.947/0001-03;MANI FUNDO DE INVESTIMENTO MULTIMERCADO CREDITO PRIVADO;2025-11-30;Títulos ligados ao agronegócio;NCA;N;Para negociação;;;;;5615744.000000;2821612.77;;;PJ;55.859.656/0001-56;SEMENTES ESPERA;2026-08-20;S;DI1;DI de um dia;100.000000;9.997738;;N;N;
CLASSES - FIF;37.828.947/0001-03;MANI FUNDO DE INVESTIMENTO MULTIMERCADO CREDITO PRIVADO;2025-11-30;Títulos ligados ao agronegócio;NCA;N;Para negociação;;;;;4264629.000000;2135341.15;;;PJ;55.859.656/0001-56;SEMENTES ESPERA;2026-08-27;S;DI1;DI de um dia;100.000000;9.827368;;N;N;
CLASSES - FIF;37.828.947/0001-03;MANI FUNDO DE INVESTIMENTO MULTIMERCADO CREDITO PRIVADO;2025-11-30;Títulos ligados ao agronegócio;NCA;N;Para negociação;;;;;4950192.000000;3143626.81;;;PJ;55.859.656/0001-56;SEMENTES ESPERA;2026-10-08;S;DI1;DI de um dia;100.000000;10.000000;;N;N;
CLASSES - FIF;37.828.947/0001-03;MANI FUNDO DE INVESTIMENTO MULTIMERCADO CREDITO PRIVADO;2025-11-30;Títulos ligados ao agronegócio;NCA;N;Para negociação;;;;;4264209.000000;2703117.82;;;PJ;55.859.656/0001-56;SEMENTES ESPERA;2026-10-08;S;DI1;DI de um dia;100.000000;10.451984;;N;N;
CLASSES - FIF;37.899.720/0001-40;XP PREVENT SENIOR ANS FIF MULTIMERCADO CRÉDITO PRIVADO  -  RESPONSABILIDADE LIMITADA;2025-11-30;Debêntures;Debênture simples;N;Para negociação;;;;;3275.000000;3306234.32;;;PJ;55.085.811/0001-24;ÉXES SECURITIZADORA S.A.;2031-10-20;S;DI1;DI de um dia;100.000000;1.121225;;S;N;
CLASSES - FIF;38.050.501/0001-55;NASHIRA PREVIDENCIÁRIO AGRESSIVO FIF MULTIMERCADO CRÉDITO PRIVADO RESPONSABILIDADE LIMITADA;2025-11-30;Títulos ligados ao agronegócio;CRA;N;Para negociação;;;;;49.000000;39498.20;;;PJ;12.130.744/0001-00;TRUE SECURITIZADORA S.A.;2037-08-15;S;OUT;OUTROS;100.000000;6.738200;;S;N;
CLASSES - FIF;38.060.123/0001-90;CORTESE FUNDO DE INVESTIMENTO FINANCEIRO;2025-11-30;Debêntures;Debênture simples;N;Para negociação;;;;;115.000000;25068.90;;;PJ;01.599.101/0001-93;SEQUOIA LOGÍSTICA E TRANSPORTES S.A.;2027-12-31;S;DI1;DI de um dia;100.000000;0.000000;;S;N;
CLASSES - FIF;38.376.552/0001-71;HUDSON II FUNDO DE INVESTIMENTO FINANCEIRO MULTIMERCADO CRÉDITO PRIVADO RESPONSABILIDADE LIMITADA;2025-11-30;Títulos de Crédito Privado;CCB;N;Para negociação;0.000000;0.00;0.000000;0.00;1.000000;2005632.96;;;PJ;27.652.684/0001-62;GENIALBM;2026-09-25;S;DI1;DI de um dia;100.000000;0.000000;;S;N;
CLASSES - FIF;38.376.552/0001-71;HUDSON II FUNDO DE INVESTIMENTO FINANCEIRO MULTIMERCADO CRÉDITO PRIVADO RESPONSABILIDADE LIMITADA;2025-11-30;Títulos de Crédito Privado;CCI;N;Para negociação;0.000000;0.00;0.000000;0.00;1.000000;661295.15;;;PJ;27.652.684/0001-62;GENIALBM;2027-03-08;S;DI1;DI de um dia;100.000000;0.000000;;S;N;
CLASSES - FIF;38.376.552/0001-71;HUDSON II FUNDO DE INVESTIMENTO FINANCEIRO MULTIMERCADO CRÉDITO PRIVADO RESPONSABILIDADE LIMITADA;2025-11-30;Títulos de Crédito Privado;CCI;N;Para negociação;0.000000;0.00;0.000000;0.00;2.000000;1535788.05;;;PJ;27.652.684/0001-62;GENIALBM;2027-11-08;S;DI1;DI de um dia;100.000000;0.000000;;S;N;
CLASSES - FIF;38.376.552/0001-71;HUDSON II FUNDO DE INVESTIMENTO FINANCEIRO MULTIMERCADO CRÉDITO PRIVADO RESPONSABILIDADE LIMITADA;2025-11-30;Títulos ligados ao agronegócio;CRA;N;Para negociação;0.000000;0.00;0.000000;0.00;1500.000000;1501031.86;;;PJ;43.545.284/0001-04;ALCOESTE BIOENERGIA FERNANDOPOLIS S.A.;2028-08-30;S;DI1;DI de um dia;100.000000;0.000000;;S;N;
CLASSES - FIF;38.653.552/0001-71;VIKINGS CAPITALS FUNDO DE INVESTIMENTO FINANCEIRO;2025-11-30;Títulos ligados ao agronegócio;CRA;N;Para negociação;;;;;150.000000;111256.13;;;PJ;10.753.164/0001-43;ECO SECURITIZADORA DIREITOS CREDITORIOS AGRONEGOCIO SA;2029-02-20;S;DI1;DI de um dia;100.000000;5.000000;;S;N;
CLASSES - FIF;38.653.552/0001-71;VIKINGS CAPITALS FUNDO DE INVESTIMENTO FINANCEIRO;2025-11-30;Títulos ligados ao agronegócio;CRA;N;Para negociação;;;;;100.000000;107932.30;;;PJ;10.753.164/0001-43;ECO SECURITIZADORA DIREITOS CREDITORIOS AGRONEGOCIO SA;2028-12-29;S;DI1;DI de um dia;100.000000;4.000000;;S;N;
CLASSES - FIF;38.653.552/0001-71;VIKINGS CAPITALS FUNDO DE INVESTIMENTO FINANCEIRO;2025-11-30;Títulos ligados ao agronegócio;CRA;N;Para negociação;;;;;200.000000;217634.02;;;PJ;10.753.164/0001-43;ECO SECURITIZADORA DIREITOS CREDITORIOS AGRONEGOCIO SA;2028-06-30;S;DI1;DI de um dia;100.000000;6.000000;;S;N;
CLASSES - FIF;38.653.552/0001-71;VIKINGS CAPITALS FUNDO DE INVESTIMENTO FINANCEIRO;2025-11-30;Títulos ligados ao agronegócio;CRA;N;Para negociação;;;;;250.000000;269735.18;;;PJ;10.753.164/0001-43;ECO SECURITIZADORA DIREITOS CREDITORIOS AGRONEGOCIO SA;2027-12-30;S;DI1;DI de um dia;100.000000;5.000000;;S;N;
CLASSES - FIF;38.653.552/0001-71;VIKINGS CAPITALS FUNDO DE INVESTIMENTO FINANCEIRO;2025-11-30;Títulos ligados ao agronegócio;CRA;N;Para negociação;;;;;40.000000;17883.56;;;PJ;10.753.164/0001-43;ECO SECURITIZADORA DIREITOS CREDITORIOS AGRONEGOCIO SA;2028-05-15;S;DI1;DI de um dia;100.000000;3.000000;;S;N;
CLASSES - FIF;38.653.552/0001-71;VIKINGS CAPITALS FUNDO DE INVESTIMENTO FINANCEIRO;2025-11-30;Títulos ligados ao agronegócio;CRA;N;Para negociação;;;;;100.000000;0.00;;;PJ;08.769.451/0001-08;VIRGO COMPANHIA DE SECURITIZAÇÃO;2026-01-19;S;DI1;DI de um dia;100.000000;5.250000;;S;N;
CLASSES - FIF;38.653.552/0001-71;VIKINGS CAPITALS FUNDO DE INVESTIMENTO FINANCEIRO;2025-11-30;Títulos ligados ao agronegócio;CRA;N;Para negociação;;;;;95.000000;31666.68;;;PJ;10.753.164/0001-43;ECO SECURITIZADORA DIREITOS CREDITORIOS AGRONEGOCIO SA;2026-05-29;S;DI1;DI de um dia;100.000000;4.500000;;S;N;
CLASSES - FIF;38.653.552/0001-71;VIKINGS CAPITALS FUNDO DE INVESTIMENTO FINANCEIRO;2025-11-30;Títulos ligados ao agronegócio;CRA;N;Para negociação;;;;;200.000000;200000.00;;;PJ;10.753.164/0001-43;ECO SECURITIZADORA DIREITOS CREDITORIOS AGRONEGOCIO SA;2026-11-30;S;DI1;DI de um dia;100.000000;7.000000;;S;N;
CLASSES - FIF;38.653.552/0001-71;VIKINGS CAPITALS FUNDO DE INVESTIMENTO FINANCEIRO;2025-11-30;Títulos ligados ao agronegócio;CRA;N;Para negociação;;;;;200.000000;119478.46;;;PJ;10.753.164/0001-43;ECO SECURITIZADORA DIREITOS CREDITORIOS AGRONEGOCIO SA;2028-03-15;S;IAP;Índice de Preços ao Consumidor Amplo (IPCA/IBGE);100.000000;9.171800;;S;N;
CLASSES - FIF;38.653.552/0001-71;VIKINGS CAPITALS FUNDO DE INVESTIMENTO FINANCEIRO;2025-11-30;Títulos ligados ao agronegócio;CRA;N;Para negociação;;;;;80.000000;38749.25;;;PJ;10.753.164/0001-43;ECO SECURITIZADORA DIREITOS CREDITORIOS AGRONEGOCIO SA;2028-05-15;S;IAP;Índice de Preços ao Consumidor Amplo (IPCA/IBGE);100.000000;8.641000;;S;N;
CLASSES - FIF;38.653.627/0001-14;GUNNAR FUNDO DE INVESTIMENTO FINANCEIRO MULTIMERCADO CRÉDITO PRIVADO INVESTIMENTO NO EX;2025-11-30;Títulos de Crédito Privado;Nota Promissória/ Commercial Paper/ Export Note;N;Para negociação;0.000000;0.00;0.000000;0.00;1329046.000000;1581118.91;;;PJ;58.422.880/0001-74;B.O.A PARKING TERMINAIS E SERVIÇOS LOGÍSTICOS LTDA;2026-02-14;N;;;;;34.000000;S;N;
CLASSES - FIF;38.653.627/0001-14;GUNNAR FUNDO DE INVESTIMENTO FINANCEIRO MULTIMERCADO CRÉDITO PRIVADO INVESTIMENTO NO EX;2025-11-30;Títulos de Crédito Privado;Nota Promissória/ Commercial Paper/ Export Note;N;Para negociação;0.000000;0.00;0.000000;0.00;600000.000000;851478.92;;;PJ;17.213.130/0001-05;ASTRUM LATINA SOLUÇÕES EM TECNOLOGIA LTDA;2026-03-08;N;;;;;27.000000;S;N;
CLASSES - FIF;38.653.627/0001-14;GUNNAR FUNDO DE INVESTIMENTO FINANCEIRO MULTIMERCADO CRÉDITO PRIVADO INVESTIMENTO NO EX;2025-11-30;Títulos de Crédito Privado;Nota Promissória/ Commercial Paper/ Export Note;N;Para negociação;0.000000;0.00;0.000000;0.00;806092.000000;1167368.10;;;PJ;46.855.981/0001-50;SW INFRATECH LTDA;2026-05-07;N;;;;;2.000000;S;N;
CLASSES - FIF;38.653.627/0001-14;GUNNAR FUNDO DE INVESTIMENTO FINANCEIRO MULTIMERCADO CRÉDITO PRIVADO INVESTIMENTO NO EX;2025-11-30;Títulos de Crédito Privado;Nota Promissória/ Commercial Paper/ Export Note;N;Para negociação;300000.000000;309657.45;0.000000;0.00;150000.000000;84218.14;;;PJ;36.940.946/0001-85;DEPILAÇÃO LASER LINS LTDA;2026-09-13;N;;;;;27.000000;S;N;
CLASSES - FIF;38.653.627/0001-14;GUNNAR FUNDO DE INVESTIMENTO FINANCEIRO MULTIMERCADO CRÉDITO PRIVADO INVESTIMENTO NO EX;2025-11-30;Títulos de Crédito Privado;Nota Promissória/ Commercial Paper/ Export Note;N;Para negociação;300000.000000;309657.45;0.000000;0.00;0.000000;0.00;;;PJ;26.227.826/0001-81;PWTECH;2026-10-11;N;;;;;27.000000;S;N;
CLASSES - FIF;38.653.627/0001-14;GUNNAR FUNDO DE INVESTIMENTO FINANCEIRO MULTIMERCADO CRÉDITO PRIVADO INVESTIMENTO NO EX;2025-11-30;Títulos de Crédito Privado;Nota Promissória/ Commercial Paper/ Export Note;N;Para negociação;300000.000000;309657.45;0.000000;0.00;2000000.000000;1890136.13;;;PJ;26.227.826/0001-81;PWTECH;2027-02-28;N;;;;;27.000000;S;N;
CLASSES - FIF;38.653.627/0001-14;GUNNAR FUNDO DE INVESTIMENTO FINANCEIRO MULTIMERCADO CRÉDITO PRIVADO INVESTIMENTO NO EX;2025-11-30;Títulos de Crédito Privado;Nota Promissória/ Commercial Paper/ Export Note;N;Para negociação;0.000000;0.00;0.000000;0.00;3736540.000000;4598842.71;;;PJ;65.033.169/0001-93;CRB ADMINISTRAÇÃO;2027-04-08;S;IAP;Índice de Preços ao Consumidor Amplo (IPCA/IBGE);100.000000;0.000000;;S;N;
CLASSES - FIF;38.653.627/0001-14;GUNNAR FUNDO DE INVESTIMENTO FINANCEIRO MULTIMERCADO CRÉDITO PRIVADO INVESTIMENTO NO EX;2025-11-30;Títulos de Crédito Privado;Nota Promissória/ Commercial Paper/ Export Note;N;Para negociação;0.000000;0.00;0.000000;0.00;2080600.000000;2696813.55;;;PJ;41.109.045/0001-86;INNOVACARB INDÚSTRIA E COMÉRCIO S.A.;2027-10-30;N;;;;;27.000000;S;N;
CLASSES - FIF;38.658.114/0001-04;TARUMÃ FIF FUNDO INCENTIVADO EM INVESTIMENTO EM DEBÊNTURES DE INFRA RF CRED PRIV RESP LIMITADA;2025-11-30;Debêntures;Debênture simples;N;Para negociação;;;;;373440.000000;373440000.00;;;PJ;44.373.108/0001-03;COCAL COMERCIO INDUSTRIA CANAA ACUC;2035-11-15;S;IAP;Índice de Preços ao Consumidor Amplo (IPCA/IBGE);100.000000;8.266200;;S;N;
CLASSES - FIF;39.254.409/0001-70;ANGÁ PREV EXCELLENCE FIFE FUNDO DE INVESTIMENTO FINANCEIRO MULTIMERCADO;2025-11-30;Debêntures;Debênture simples;N;Para negociação;;;;;739.000000;391298.19;;;PJ;33.000.167/0001-01;PETROLEO BRASILEIRO S A PETROBRAS;2026-01-15;S;DI1;DI de um dia;106.250000;103.524500;;S;N;
CLASSES - FIF;39.254.409/0001-70;ANGÁ PREV EXCELLENCE FIFE FUNDO DE INVESTIMENTO FINANCEIRO MULTIMERCADO;2025-11-30;Debêntures;Debênture simples;N;Para negociação;;;;;779.000000;786118.49;;;PJ;50.746.577/0001-15;COSAN S.A.;2028-05-05;S;DI1;DI de um dia;100.000000;1.524900;;S;N;
CLASSES - FIF;39.354.788/0001-70;AUGME PRO TB CLASSE DE INVESTIMENTO  MULTIMERCADO CRÉDITO PRIVADO - RESP LIMITADA;2025-11-30;Títulos de Crédito Privado;CCB;N;Para negociação;0.000000;0.00;0.000000;0.00;1.000000;213090.70;;;PJ;11.581.339/0001-45;BMP CREDITO;2034-12-15;S;IAP;Índice de Preços ao Consumidor Amplo (IPCA/IBGE);100.000000;13.435614;;S;N;
CLASSES - FIF;39.354.788/0001-70;AUGME PRO TB CLASSE DE INVESTIMENTO  MULTIMERCADO CRÉDITO PRIVADO - RESP LIMITADA;2025-11-30;Títulos de Crédito Privado;CCB;N;Para negociação;0.000000;0.00;0.000000;0.00;1.000000;243366.54;;;PJ;11.581.339/0001-45;BMP CREDITO;2034-12-15;S;IAP;Índice de Preços ao Consumidor Amplo (IPCA/IBGE);100.000000;13.190427;;S;N;
CLASSES - FIF;39.354.788/0001-70;AUGME PRO TB CLASSE DE INVESTIMENTO  MULTIMERCADO CRÉDITO PRIVADO - RESP LIMITADA;2025-11-30;Títulos de Crédito Privado;CCB;N;Para negociação;0.000000;0.00;0.000000;0.00;1.000000;243366.54;;;PJ;11.581.339/0001-45;BMP CREDITO;2034-12-15;S;IAP;Índice de Preços ao Consumidor Amplo (IPCA/IBGE);100.000000;13.190144;;S;N;
CLASSES - FIF;39.354.788/0001-70;AUGME PRO TB CLASSE DE INVESTIMENTO  MULTIMERCADO CRÉDITO PRIVADO - RESP LIMITADA;2025-11-30;Títulos de Crédito Privado;CCB;N;Para negociação;0.000000;0.00;0.000000;0.00;1.000000;260313.10;;;PJ;11.581.339/0001-45;BMP CREDITO;2034-12-15;S;IAP;Índice de Preços ao Consumidor Amplo (IPCA/IBGE);100.000000;13.190340;;S;N;
CLASSES - FIF;39.354.788/0001-70;AUGME PRO TB CLASSE DE INVESTIMENTO  MULTIMERCADO CRÉDITO PRIVADO - RESP LIMITADA;2025-11-30;Títulos de Crédito Privado;Nota Promissória/ Commercial Paper/ Export Note;N;Para negociação;0.000000;0.00;0.000000;0.00;534.000000;509772.05;;;PJ;23.599.885/0001-92;PLUGIFY TECNOLO;2030-05-21;S;DI1;DI de um dia;100.000000;4.499999;;S;N;
CLASSES - FIF;39.354.788/0001-70;AUGME PRO TB CLASSE DE INVESTIMENTO  MULTIMERCADO CRÉDITO PRIVADO - RESP LIMITADA;2025-11-30;Títulos de Crédito Privado;Nota Promissória/ Commercial Paper/ Export Note;N;Para negociação;0.000000;0.00;0.000000;0.00;594.000000;597967.56;;;PJ;07.358.108/0001-08;EVEO SA;2030-02-20;S;DI1;DI de um dia;100.000000;6.509854;;S;N;
CLASSES - FIF;39.354.788/0001-70;AUGME PRO TB CLASSE DE INVESTIMENTO  MULTIMERCADO CRÉDITO PRIVADO - RESP LIMITADA;2025-11-30;Títulos de Crédito Privado;Nota Promissória/ Commercial Paper/ Export Note;N;Para negociação;0.000000;0.00;0.000000;0.00;632.000000;543585.63;;;PJ;23.599.885/0001-92;PLUGIFY TECNOLO;2029-08-15;S;DI1;DI de um dia;100.000000;4.755218;;S;N;
CLASSES - FIF;39.354.788/0001-70;AUGME PRO TB CLASSE DE INVESTIMENTO  MULTIMERCADO CRÉDITO PRIVADO - RESP LIMITADA;2025-11-30;Títulos de Crédito Privado;Nota Promissória/ Commercial Paper/ Export Note;N;Para negociação;0.000000;0.00;0.000000;0.00;745.000000;789507.28;;;PJ;09.069.233/0001-15;BRITECH S.A.;2028-10-09;S;DI1;DI de um dia;100.000000;5.499999;;S;N;
CLASSES - FIF;39.354.788/0001-70;AUGME PRO TB CLASSE DE INVESTIMENTO  MULTIMERCADO CRÉDITO PRIVADO - RESP LIMITADA;2025-11-30;Títulos de Crédito Privado;Nota Promissória/ Commercial Paper/ Export Note;N;Para negociação;0.000000;0.00;0.000000;0.00;1258.000000;1065319.23;;;PJ;23.009.600/0001-16;3L LOCA  ES E S;2028-04-29;S;DI1;DI de um dia;100.000000;5.039378;;S;N;
CLASSES - FIF;39.354.788/0001-70;AUGME PRO TB CLASSE DE INVESTIMENTO  MULTIMERCADO CRÉDITO PRIVADO - RESP LIMITADA;2025-11-30;Títulos de Crédito Privado;Nota Promissória/ Commercial Paper/ Export Note;N;Para negociação;0.000000;0.00;0.000000;0.00;710.000000;449761.05;;;PJ;35.237.331/0001-24;MOTTU LOCACAO D;2027-02-14;S;DI1;DI de um dia;100.000000;6.388700;;S;N;
CLASSES - FIF;39.354.788/0001-70;AUGME PRO TB CLASSE DE INVESTIMENTO  MULTIMERCADO CRÉDITO PRIVADO - RESP LIMITADA;2025-11-30;Títulos de Crédito Privado;Nota Promissória/ Commercial Paper/ Export Note;N;Para negociação;0.000000;0.00;0.000000;0.00;229.000000;145063.76;;;PJ;35.237.331/0001-24;MOTTU LOCACAO D;2027-02-14;S;DI1;DI de um dia;100.000000;6.408959;;S;N;
CLASSES - FIF;39.470.241/0001-30;RMF QI FIF MULTIMERCADO CRÉDITO PRIVADO RESPONSABILIDADE LIMITADA;2025-11-30;Títulos de Crédito Privado;Nota Promissória/ Commercial Paper/ Export Note;N;Para negociação;;;;;45.000000;180797.77;;;PJ;61.167.060/0001-98;INDUSTRIA QUIMICA KIMBERLIT LTDA;2027-03-31;S;DI1;DI de um dia;100.000000;6.000000;;S;N;
CLASSES - FIF;39.502.502/0001-56;AUGME PRO XPA CLASSE DE INVESTIMENTO  MULTIMERCADO CRÉDITO PRIVADO - RESP LIMITADA;2025-11-30;Títulos de Crédito Privado;CCB;N;Para negociação;0.000000;0.00;0.000000;0.00;2.000000;728577.01;;;PJ;11.581.339/0001-45;BMP CREDITO;2034-12-15;S;IAP;Índice de Preços ao Consumidor Amplo (IPCA/IBGE);100.000000;13.190427;;S;N;
CLASSES - FIF;39.502.502/0001-56;AUGME PRO XPA CLASSE DE INVESTIMENTO  MULTIMERCADO CRÉDITO PRIVADO - RESP LIMITADA;2025-11-30;Títulos de Crédito Privado;CCB;N;Para negociação;0.000000;0.00;0.000000;0.00;1.000000;391433.93;;;PJ;11.581.339/0001-45;BMP CREDITO;2034-12-15;S;IAP;Índice de Preços ao Consumidor Amplo (IPCA/IBGE);100.000000;13.190144;;S;N;
CLASSES - FIF;39.502.502/0001-56;AUGME PRO XPA CLASSE DE INVESTIMENTO  MULTIMERCADO CRÉDITO PRIVADO - RESP LIMITADA;2025-11-30;Títulos de Crédito Privado;CCB;N;Para negociação;0.000000;0.00;0.000000;0.00;1.000000;416500.05;;;PJ;11.581.339/0001-45;BMP CREDITO;2034-12-15;S;IAP;Índice de Preços ao Consumidor Amplo (IPCA/IBGE);100.000000;13.190340;;S;N;
CLASSES - FIF;39.682.386/0001-02;CAIXA PRIVATE PLUS PREVINVEST PREVIDENCIÁRIO FIF RENDA FIXA CRÉDITO PRIVADO - RESP LIMITADA;2025-11-30;Debêntures;Debênture simples;N;Para negociação;;;;;3433.000000;3450918.80;;;PJ;43.776.517/0001-80;SABESP;2032-11-14;S;DI1;DI de um dia;100.000000;0.690000;;S;N;
CLASSES - FIF;39.682.386/0001-02;CAIXA PRIVATE PLUS PREVINVEST PREVIDENCIÁRIO FIF RENDA FIXA CRÉDITO PRIVADO - RESP LIMITADA;2025-11-30;Títulos de Crédito Privado;Nota Promissória/ Commercial Paper/ Export Note;N;Para negociação;;;;;1914.000000;2051680.76;;;PJ;50.746.577/0001-15;COSAN S/A;2028-12-27;S;DI1;DI de um dia;100.000000;1.662980;;S;N;
CLASSES - FIF;39.895.582/0001-57;G5 LE MANS FI FINANCEIRO - CI MULT CRED PRIV - RESP LIMITADA;2025-11-30;Títulos ligados ao agronegócio;CRA;N;Para negociação;;;;;110.000000;13864.44;;;PJ;10.753.164/0001-43;ECO SECURITIZAD;2025-12-15;S;DI1;DI de um dia;100.000000;9.011802;;S;N;
CLASSES - FIF;40.023.576/0001-99;GBZ FUNDO DE INVESTIMENTO FINANCEIRO MULTIMERCADO - RESPONSABILIDADE LIMITADA;2025-11-30;Títulos de Crédito Privado;CCB;N;Para negociação;;;;;1.000000;767730.31;;;PJ;45.246.410/0001-55;BRASIL PLURAL SA BANCO MULTIPLO;2026-10-25;S;DI1;DI de um dia;100.000000;6.071355;;S;N;
CLASSES - FIF;40.054.478/0001-19;FOR4 FIF MULT CRÉD PRIV - RESP LIMITADA;2025-11-30;Debêntures;Debênture simples;N;Para negociação;;;;;470.000000;603072.42;;;PJ;42.152.864/0001-79;THALASSIUS A033.21 PARTICIPACOES S.;2050-12-30;S;IAP;Índice de Preços ao Consumidor Amplo (IPCA/IBGE);100.000000;10.000000;;S;N;
CLASSES - FIF;40.122.173/0001-05;JUBIA QI FIF MULTIMERCADO CRÉDITO PRIVADO RESPONSABILIDADE LIMITADA;2025-11-30;Títulos de Crédito Privado;Nota Promissória/ Commercial Paper/ Export Note;N;Para negociação;;;;;60.000000;241063.69;;;PJ;61.167.060/0001-98;INDUSTRIA QUIMICA KIMBERLIT LTDA;2027-03-31;S;DI1;DI de um dia;100.000000;6.000000;;S;N;
CLASSES - FIF;40.413.936/0001-69;JDV FUNDO DE INVESTIMENTO MULTIMERCADO MULTIESTRATEGIA CREDITO PRIVADO IE;2025-11-30;Debêntures;Debênture simples;N;Para negociação;0.000000;0.00;0.000000;0.00;1950.000000;2037458.48;;;PJ;02.846.056/0001-97;CCR SA;2028-12-15;S;IAP;Índice de Preços ao Consumidor Amplo (IPCA/IBGE);100.000000;0.000000;;S;N;
CLASSES - FIF;40.413.936/0001-69;JDV FUNDO DE INVESTIMENTO MULTIMERCADO MULTIESTRATEGIA CREDITO PRIVADO IE;2025-11-30;Debêntures;Debênture simples;N;Mantido até o vencimento;0.000000;0.00;0.000000;0.00;1357.000000;167849.82;;;PJ;00.776.574/0006-60;AMERICANAS S.A;2029-07-26;S;DI1;DI de um dia;128.000000;0.000000;;S;N;
CLASSES - FIF;40.413.936/0001-69;JDV FUNDO DE INVESTIMENTO MULTIMERCADO MULTIESTRATEGIA CREDITO PRIVADO IE;2025-11-30;Debêntures;Debênture simples;N;Para negociação;0.000000;0.00;0.000000;0.00;1000.000000;1036350.27;;;PJ;61.156.113/0001-75;IOCHP-MAXION;2030-04-02;S;DI1;DI de um dia;100.000000;0.000000;;S;N;
CLASSES - FIF;40.438.556/0001-89;SILVA PRIVATE FIF - CLASSE DE INVESTIMENTO MULTIMERCADO - RESPONSABILIDADE LIMITADA;2025-11-30;Títulos ligados ao agronegócio;CRA;N;Para negociação;;;;;250.000000;136478.35;;;PJ;08.769.451/0001-08;VIRGO COMPANHIA;2028-10-25;S;DI1;DI de um dia;100.000000;3.936243;;S;N;
CLASSES - FIF;40.456.260/0001-90;VALORA MASTER FIFE PREVIDENCIÁRIO FUNDO DE INVESTIMENTO RENDA FIXA CRÉDITO PRIVADO;2025-11-30;Debêntures;Debênture simples;N;Para negociação;;;;;650.000000;344172.97;;;PJ;33.000.167/0001-01;PETROLEO BRASILEIRO S A PETROBRAS;2026-01-15;S;DI1;DI de um dia;106.250000;103.524500;;S;N;
CLASSES - FIF;40.456.260/0001-90;VALORA MASTER FIFE PREVIDENCIÁRIO FUNDO DE INVESTIMENTO RENDA FIXA CRÉDITO PRIVADO;2025-11-30;Debêntures;Debênture simples;N;Para negociação;;;;;108.000000;110945.70;;;PJ;33.958.695/0001-78;UNIPAR CARBOCLORO S.A.;2029-09-05;S;DI1;DI de um dia;100.000000;1.115900;;S;N;
CLASSES - FIF;40.456.260/0001-90;VALORA MASTER FIFE PREVIDENCIÁRIO FUNDO DE INVESTIMENTO RENDA FIXA CRÉDITO PRIVADO;2025-11-30;Debêntures;Debênture simples;N;Para negociação;;;;;1600.000000;1608351.32;;;PJ;43.776.517/0001-80;COMPANHIA DE SANEAMENTO BASICO DO ESTADO DE SAO PA;2032-11-14;S;DI1;DI de um dia;100.000000;0.690000;;S;N;
CLASSES - FIF;40.634.952/0001-81;CORUMBAU FUNDO DE INVESTIMENTO FINANCEIRO MULTIMERCADO;2025-11-30;Títulos ligados ao agronegócio;CRA;N;Para negociação;;;;;2500.000000;2647654.56;;;PJ;02.773.542/0001-22;OPEA SECURITIZADORA S.A.;2033-11-16;S;IAP;Índice de Preços ao Consumidor Amplo (IPCA/IBGE);100.000000;6.756600;;S;N;
CLASSES - FIF;40.815.606/0001-08;TRAFALGAR SIRIUS FI FINANCEIRO MULTIMERCADO CRÉDITO PRIVADO - RESPONSABILIDADE LIMITADA;2025-11-30;Debêntures;Debênture simples;N;Para negociação;;;;;130.000000;131320.28;;;PJ;43.776.517/0001-80;SABESP - CIA SANEAM  EST SÃO PAULO;2035-11-14;S;DI1;DI de um dia;100.000000;1.316142;;S;N;
CLASSES - FIF;40.832.863/0001-40;CAIXA RM PREVINVEST PREVIDENCIARIO FIF RENDA FIXA CRÉDITO PRIVADO - RESPONSABILIDADE LIMITADA;2025-11-30;Debêntures;Debênture simples;N;Para negociação;;;;;28010.000000;28156200.23;;;PJ;43.776.517/0001-80;SABESP;2032-11-14;S;DI1;DI de um dia;100.000000;0.690000;;S;N;
CLASSES - FIF;40.832.863/0001-40;CAIXA RM PREVINVEST PREVIDENCIARIO FIF RENDA FIXA CRÉDITO PRIVADO - RESPONSABILIDADE LIMITADA;2025-11-30;Títulos de Crédito Privado;Nota Promissória/ Commercial Paper/ Export Note;N;Para negociação;;;;;4280.000000;4587875.47;;;PJ;50.746.577/0001-15;COSAN S/A;2028-12-27;S;DI1;DI de um dia;100.000000;1.662980;;S;N;
CLASSES - FIF;40.901.205/0001-62;ÍNDIA FIF CLASSE DE INVESTIMENTO MULT - RESP LIMITADA;2025-11-30;Títulos de Crédito Privado;Nota Promissória/ Commercial Paper/ Export Note;N;Para negociação;;;;;2000.000000;2054274.54;;;PJ;27.317.702/0001-50;SPIC BRASIL ENE;2026-03-30;S;DI1;DI de um dia;100.000000;2.227774;;S;N;
CLASSES - FIF;41.167.190/0001-13;PORTO SEGURO CONSOLIDADOR FIF MULTIMERCADO CRÉDITO PRIVADO - RESPONSABILIDADE LIMITADA;2025-11-30;Títulos de Crédito Privado;Nota Promissória/ Commercial Paper/ Export Note;N;Para negociação;;;;;165000.000000;181170735.74;;;PJ;48.041.735/0001-90;PORTO SEGURO ADMINISTRADORA DE CONS;2027-04-14;S;DI1;DI de um dia;100.000000;1.037000;;S;N;
CLASSES - FIF;41.167.190/0001-13;PORTO SEGURO CONSOLIDADOR FIF MULTIMERCADO CRÉDITO PRIVADO - RESPONSABILIDADE LIMITADA;2025-11-30;Títulos de Crédito Privado;Nota Promissória/ Commercial Paper/ Export Note;N;Para negociação;;;;;20000.000000;22720193.49;;;PJ;48.041.735/0001-90;PORTO SEGURO ADMINISTRADORA DE CONS;2025-12-29;S;DI1;DI de um dia;100.000000;0.593000;;S;N;
CLASSES - FIF;41.197.139/0001-54;TERRA 12 FUNDO DE INVESTIMENTO MULTIMERCADO CRÉDITO PRIVADO RESPONSABILIDADE LIMITADA;2025-11-30;Debêntures;Debênture simples;N;Para negociação;0.000000;0.00;0.000000;0.00;957.000000;977030.87;;;PJ;07.976.147/0001-60;MOVIDA;2027-04-05;S;DI1;DI de um dia;100.000000;0.000000;;S;N;
CLASSES - FIF;41.197.139/0001-54;TERRA 12 FUNDO DE INVESTIMENTO MULTIMERCADO CRÉDITO PRIVADO RESPONSABILIDADE LIMITADA;2025-11-30;Debêntures;Debênture simples;N;Para negociação;0.000000;0.00;0.000000;0.00;1007.000000;1079305.60;;;PJ;07.976.147/0001-60;MOVIDA;2027-12-22;S;DI1;DI de um dia;100.000000;0.000000;;S;N;
CLASSES - FIF;41.197.139/0001-54;TERRA 12 FUNDO DE INVESTIMENTO MULTIMERCADO CRÉDITO PRIVADO RESPONSABILIDADE LIMITADA;2025-11-30;Debêntures;Debênture simples;N;Para negociação;0.000000;0.00;0.000000;0.00;11.000000;11000.66;;;PJ;23.373.000/0001-32;VAMOS LOCACAO DE CAMINHOES, MAQUINAS E EQUIPAMENTOS S.A.;2028-10-15;S;DI1;DI de um dia;100.000000;0.000000;;S;N;
CLASSES - FIF;41.197.139/0001-54;TERRA 12 FUNDO DE INVESTIMENTO MULTIMERCADO CRÉDITO PRIVADO RESPONSABILIDADE LIMITADA;2025-11-30;Títulos de Crédito Privado;CCB;N;Para negociação;0.000000;0.00;1.000000;1856549.96;1.000000;6110972.14;;;PJ;05.830.982/0001-62;VIA  O PIONEIRA LTDA;2026-02-25;N;;;;;21.000000;S;N;
CLASSES - FIF;41.197.139/0001-54;TERRA 12 FUNDO DE INVESTIMENTO MULTIMERCADO CRÉDITO PRIVADO RESPONSABILIDADE LIMITADA;2025-11-30;Títulos de Crédito Privado;CCB;N;Para negociação;0.000000;0.00;1.000000;1856549.96;1.000000;3133354.69;;;PJ;27.652.684/0001-62;GENIALBM;2026-05-22;N;;;;;21.000000;S;N;
CLASSES - FIF;41.197.139/0001-54;TERRA 12 FUNDO DE INVESTIMENTO MULTIMERCADO CRÉDITO PRIVADO RESPONSABILIDADE LIMITADA;2025-11-30;Títulos de Crédito Privado;CCB;N;Para negociação;0.000000;0.00;1.000000;1856549.96;1.000000;1883505.28;;;PJ;05.830.982/0001-62;VIA  O PIONEIRA LTDA;2026-07-27;N;;;;;21.000000;S;N;
CLASSES - FIF;41.197.139/0001-54;TERRA 12 FUNDO DE INVESTIMENTO MULTIMERCADO CRÉDITO PRIVADO RESPONSABILIDADE LIMITADA;2025-11-30;Títulos de Crédito Privado;CCB;N;Para negociação;0.000000;0.00;1.000000;1856549.96;1.000000;2160104.54;;;PJ;05.830.982/0001-62;VIA  O PIONEIRA LTDA;2026-09-25;N;;;;;21.000000;S;N;
CLASSES - FIF;41.197.139/0001-54;TERRA 12 FUNDO DE INVESTIMENTO MULTIMERCADO CRÉDITO PRIVADO RESPONSABILIDADE LIMITADA;2025-11-30;Títulos de Crédito Privado;CCB;N;Para negociação;0.000000;0.00;1.000000;1856549.96;1.000000;2168329.11;;;PJ;05.830.982/0001-62;VIA  O PIONEIRA LTDA;2026-10-26;N;;;;;21.000000;S;N;
CLASSES - FIF;41.197.139/0001-54;TERRA 12 FUNDO DE INVESTIMENTO MULTIMERCADO CRÉDITO PRIVADO RESPONSABILIDADE LIMITADA;2025-11-30;Títulos de Crédito Privado;Nota Promissória/ Commercial Paper/ Export Note;N;Para negociação;0.000000;0.00;25376312.000000;25376312.00;2012073.000000;2032285.02;;;PJ;05.830.982/0001-62;VIA  O PIONEIRA LTDA;2026-04-25;N;;;;;27.000000;S;N;
CLASSES - FIF;41.197.139/0001-54;TERRA 12 FUNDO DE INVESTIMENTO MULTIMERCADO CRÉDITO PRIVADO RESPONSABILIDADE LIMITADA;2025-11-30;Títulos de Crédito Privado;Nota Promissória/ Commercial Paper/ Export Note;N;Para negociação;0.000000;0.00;25376312.000000;25376312.00;2515091.000000;2521758.63;;;PJ;05.830.982/0001-62;VIA  O PIONEIRA LTDA;2026-04-27;N;;;;;27.000000;S;N;
CLASSES - FIF;41.197.139/0001-54;TERRA 12 FUNDO DE INVESTIMENTO MULTIMERCADO CRÉDITO PRIVADO RESPONSABILIDADE LIMITADA;2025-11-30;Títulos de Crédito Privado;Nota Promissória/ Commercial Paper/ Export Note;N;Para negociação;0.000000;0.00;25376312.000000;25376312.00;2515091.000000;2533644.05;;;PJ;05.830.982/0001-62;VIA  O PIONEIRA LTDA;2026-05-25;N;;;;;27.000000;S;N;
CLASSES - FIF;41.197.139/0001-54;TERRA 12 FUNDO DE INVESTIMENTO MULTIMERCADO CRÉDITO PRIVADO RESPONSABILIDADE LIMITADA;2025-11-30;Títulos de Crédito Privado;Nota Promissória/ Commercial Paper/ Export Note;N;Para negociação;0.000000;0.00;25376312.000000;25376312.00;18334057.000000;18424681.32;;;PJ;05.830.982/0001-62;VIA  O PIONEIRA LTDA;2026-08-25;N;;;;;27.000000;S;N;
CLASSES - FIF;41.240.381/0001-63;VOLPI MORTGAGE 1 FUNDO DE INVESTIMENTO FINANCEIRO;2025-11-30;Títulos de Crédito Privado;CCI;N;Para negociação;0.000000;0.00;0.000000;0.00;2.000000;88813.40;;;PJ;18.282.093/0001-50;PIRATINI HIPO;2026-10-07;S;IAP;Índice de Preços ao Consumidor Amplo (IPCA/IBGE);100.000000;0.000000;;S;N;
CLASSES - FIF;41.240.381/0001-63;VOLPI MORTGAGE 1 FUNDO DE INVESTIMENTO FINANCEIRO;2025-11-30;Títulos de Crédito Privado;CCI;N;Para negociação;0.000000;0.00;0.000000;0.00;1.000000;102955.98;;;PJ;18.282.093/0001-50;PIRATINI HIPO;2031-01-02;S;IAP;Índice de Preços ao Consumidor Amplo (IPCA/IBGE);100.000000;0.000000;;S;N;
CLASSES - FIF;41.240.381/0001-63;VOLPI MORTGAGE 1 FUNDO DE INVESTIMENTO FINANCEIRO;2025-11-30;Títulos de Crédito Privado;CCI;N;Para negociação;0.000000;0.00;0.000000;0.00;2.000000;442314.10;;;PJ;32.402.502/0001-35;QI SOCIEDADEDE CREDITO;2032-11-22;S;IAP;Índice de Preços ao Consumidor Amplo (IPCA/IBGE);100.000000;0.000000;;S;N;
CLASSES - FIF;41.240.381/0001-63;VOLPI MORTGAGE 1 FUNDO DE INVESTIMENTO FINANCEIRO;2025-11-30;Títulos de Crédito Privado;CCI;N;Para negociação;0.000000;0.00;0.000000;0.00;2.000000;281488.35;;;PJ;18.282.093/0001-50;PIRATINI HIPO;2032-12-17;S;IAP;Índice de Preços ao Consumidor Amplo (IPCA/IBGE);100.000000;0.000000;;S;N;
CLASSES - FIF;41.240.381/0001-63;VOLPI MORTGAGE 1 FUNDO DE INVESTIMENTO FINANCEIRO;2025-11-30;Títulos de Crédito Privado;CCI;N;Para negociação;0.000000;0.00;0.000000;0.00;1.000000;215559.29;;;PJ;32.402.502/0001-35;QI SOCIEDADEDE CREDITO;2033-05-20;S;IAP;Índice de Preços ao Consumidor Amplo (IPCA/IBGE);100.000000;0.000000;;S;N;
CLASSES - FIF;41.240.381/0001-63;VOLPI MORTGAGE 1 FUNDO DE INVESTIMENTO FINANCEIRO;2025-11-30;Títulos de Crédito Privado;CCI;N;Para negociação;0.000000;0.00;0.000000;0.00;1.000000;157499.62;;;PJ;32.402.502/0001-35;QI SOCIEDADEDE CREDITO;2035-02-20;S;IAP;Índice de Preços ao Consumidor Amplo (IPCA/IBGE);100.000000;0.000000;;S;N;
CLASSES - FIF;41.240.381/0001-63;VOLPI MORTGAGE 1 FUNDO DE INVESTIMENTO FINANCEIRO;2025-11-30;Títulos de Crédito Privado;CCI;N;Para negociação;0.000000;0.00;0.000000;0.00;1.000000;643804.52;;;PJ;32.402.502/0001-35;QI SOCIEDADEDE CREDITO;2040-06-20;S;IAP;Índice de Preços ao Consumidor Amplo (IPCA/IBGE);100.000000;0.000000;;S;N;
CLASSES - FIF;41.240.381/0001-63;VOLPI MORTGAGE 1 FUNDO DE INVESTIMENTO FINANCEIRO;2025-11-30;Títulos de Crédito Privado;CCI;N;Para negociação;0.000000;0.00;0.000000;0.00;2.000000;386180.64;;;PJ;18.282.093/0001-50;PIRATINI HIPO;2040-09-01;S;IAP;Índice de Preços ao Consumidor Amplo (IPCA/IBGE);100.000000;0.000000;;S;N;
CLASSES - FIF;41.240.381/0001-63;VOLPI MORTGAGE 1 FUNDO DE INVESTIMENTO FINANCEIRO;2025-11-30;Títulos de Crédito Privado;CCI;N;Para negociação;0.000000;0.00;0.000000;0.00;1.000000;182600.47;;;PJ;18.282.093/0001-50;PIRATINI HIPO;2041-12-08;S;IAP;Índice de Preços ao Consumidor Amplo (IPCA/IBGE);100.000000;0.000000;;S;N;
CLASSES - FIF;41.240.381/0001-63;VOLPI MORTGAGE 1 FUNDO DE INVESTIMENTO FINANCEIRO;2025-11-30;Títulos de Crédito Privado;CCI;N;Para negociação;0.000000;0.00;0.000000;0.00;1.000000;179443.66;;;PJ;32.402.502/0001-35;QI SOCIEDADEDE CREDITO;2042-07-01;S;IAP;Índice de Preços ao Consumidor Amplo (IPCA/IBGE);100.000000;0.000000;;S;N;
CLASSES - FIF;41.240.381/0001-63;VOLPI MORTGAGE 1 FUNDO DE INVESTIMENTO FINANCEIRO;2025-11-30;Títulos de Crédito Privado;CCI;N;Para negociação;0.000000;0.00;0.000000;0.00;1.000000;161996.17;;;PJ;32.402.502/0001-35;QI SOCIEDADEDE CREDITO;2042-07-15;S;IAP;Índice de Preços ao Consumidor Amplo (IPCA/IBGE);100.000000;0.000000;;S;N;
CLASSES - FIF;41.240.381/0001-63;VOLPI MORTGAGE 1 FUNDO DE INVESTIMENTO FINANCEIRO;2025-11-30;Títulos de Crédito Privado;CCI;N;Para negociação;0.000000;0.00;0.000000;0.00;1.000000;201234.44;;;PJ;18.282.093/0001-50;PIRATINI HIPO;2042-08-01;S;IAP;Índice de Preços ao Consumidor Amplo (IPCA/IBGE);100.000000;0.000000;;S;N;
CLASSES - FIF;41.240.381/0001-63;VOLPI MORTGAGE 1 FUNDO DE INVESTIMENTO FINANCEIRO;2025-11-30;Títulos de Crédito Privado;CCI;N;Para negociação;0.000000;0.00;0.000000;0.00;1.000000;176852.21;;;PJ;18.282.093/0001-50;PIRATINI HIPO;2042-10-07;S;IAP;Índice de Preços ao Consumidor Amplo (IPCA/IBGE);100.000000;0.000000;;S;N;
CLASSES - FIF;41.240.381/0001-63;VOLPI MORTGAGE 1 FUNDO DE INVESTIMENTO FINANCEIRO;2025-11-30;Títulos de Crédito Privado;CCI;N;Para negociação;0.000000;0.00;0.000000;0.00;1.000000;168405.37;;;PJ;18.282.093/0001-50;PIRATINI HIPO;2042-10-11;S;IAP;Índice de Preços ao Consumidor Amplo (IPCA/IBGE);100.000000;0.000000;;S;N;
CLASSES - FIF;41.240.381/0001-63;VOLPI MORTGAGE 1 FUNDO DE INVESTIMENTO FINANCEIRO;2025-11-30;Títulos de Crédito Privado;CCI;N;Para negociação;0.000000;0.00;0.000000;0.00;1.000000;289554.15;;;PJ;18.282.093/0001-50;PIRATINI HIPO;2042-10-14;S;IAP;Índice de Preços ao Consumidor Amplo (IPCA/IBGE);100.000000;0.000000;;S;N;
CLASSES - FIF;41.240.381/0001-63;VOLPI MORTGAGE 1 FUNDO DE INVESTIMENTO FINANCEIRO;2025-11-30;Títulos de Crédito Privado;CCI;N;Para negociação;0.000000;0.00;0.000000;0.00;1.000000;181333.19;;;PJ;32.402.502/0001-35;QI SOCIEDADEDE CREDITO;2043-04-20;S;IAP;Índice de Preços ao Consumidor Amplo (IPCA/IBGE);100.000000;0.000000;;S;N;
CLASSES - FIF;41.240.381/0001-63;VOLPI MORTGAGE 1 FUNDO DE INVESTIMENTO FINANCEIRO;2025-11-30;Títulos de Crédito Privado;CCI;N;Para negociação;0.000000;0.00;0.000000;0.00;1.000000;251652.79;;;PJ;32.402.502/0001-35;QI SOCIEDADEDE CREDITO;2043-05-20;S;IAP;Índice de Preços ao Consumidor Amplo (IPCA/IBGE);100.000000;0.000000;;S;N;
CLASSES - FIF;41.240.381/0001-63;VOLPI MORTGAGE 1 FUNDO DE INVESTIMENTO FINANCEIRO;2025-11-30;Títulos de Crédito Privado;CCI;N;Para negociação;0.000000;0.00;0.000000;0.00;1.000000;261966.09;;;PJ;32.402.502/0001-35;QI SOCIEDADEDE CREDITO;2043-08-20;S;IAP;Índice de Preços ao Consumidor Amplo (IPCA/IBGE);100.000000;0.000000;;S;N;
CLASSES - FIF;41.256.601/0001-47;MISSOURI II FUNDO DE INVESTIMENTO MULTIMERCADO CRÉDITO PRIVADO;2025-11-30;Títulos de Crédito Privado;CCB;N;Para negociação;0.000000;0.00;0.000000;0.00;1.000000;2005632.96;;;PJ;27.652.684/0001-62;GENIALBM;2026-09-25;S;DI1;DI de um dia;100.000000;0.000000;;S;N;
CLASSES - FIF;41.256.601/0001-47;MISSOURI II FUNDO DE INVESTIMENTO MULTIMERCADO CRÉDITO PRIVADO;2025-11-30;Títulos de Crédito Privado;CCI;N;Para negociação;0.000000;0.00;0.000000;0.00;2.000000;1102157.46;;;PJ;27.652.684/0001-62;GENIALBM;2027-03-08;S;DI1;DI de um dia;100.000000;0.000000;;S;N;
CLASSES - FIF;41.256.601/0001-47;MISSOURI II FUNDO DE INVESTIMENTO MULTIMERCADO CRÉDITO PRIVADO;2025-11-30;Títulos de Crédito Privado;CCI;N;Para negociação;0.000000;0.00;0.000000;0.00;1.000000;1023858.70;;;PJ;27.652.684/0001-62;GENIALBM;2027-11-08;S;DI1;DI de um dia;100.000000;0.000000;;S;N;
CLASSES - FIF;41.256.601/0001-47;MISSOURI II FUNDO DE INVESTIMENTO MULTIMERCADO CRÉDITO PRIVADO;2025-11-30;Títulos ligados ao agronegócio;CRA;N;Para negociação;0.000000;0.00;0.000000;0.00;1500.000000;1501031.86;;;PJ;43.545.284/0001-04;ALCOESTE BIOENERGIA FERNANDOPOLIS S.A.;2028-08-30;S;DI1;DI de um dia;100.000000;0.000000;;S;N;
CLASSES - FIF;41.538.891/0001-11;SPECIAL SITUATIONS N1 FUNDO DE INVESTIMENTO MULTIMERCADO CREDITO PRIVADO LONGO PRAZO;2025-11-30;Debêntures;Debênture simples;N;Para negociação;0.000000;0.00;0.000000;0.00;109946.000000;1141239.48;;;PJ;60.444.437/0001-46;LIGHT SERVICOS DE ELETRICIDADE S/A;2027-08-31;S;OUT;OUTROS;100.000000;;;S;N;
CLASSES - FIF;41.579.176/0001-27;MAG PREVIDÊNCIA BP FUNDO DE INVESTIMENTO FINANCEIRO RENDA FIXA CRÉDITO PRIVADO - RESP LIMITADA;2025-11-30;Títulos de Crédito Privado;Nota Promissória/ Commercial Paper/ Export Note;N;Para negociação;;;;;615.000000;663472.10;;;PJ;33.000.167/0001-01;PETROLEO BRASILEIRO;2032-08-25;S;DI1;DI de um dia;100.000000;1.952941;;S;N;
CLASSES - FIF;41.579.176/0001-27;MAG PREVIDÊNCIA BP FUNDO DE INVESTIMENTO FINANCEIRO RENDA FIXA CRÉDITO PRIVADO - RESP LIMITADA;2025-11-30;Títulos de Crédito Privado;Nota Promissória/ Commercial Paper/ Export Note;N;Para negociação;;;;;50.000000;53940.82;;;PJ;33.000.167/0001-01;PETROLEO BRASILEIRO;2032-08-25;S;DI1;DI de um dia;100.000000;1.716453;;S;N;
CLASSES - FIF;41.579.176/0001-27;MAG PREVIDÊNCIA BP FUNDO DE INVESTIMENTO FINANCEIRO RENDA FIXA CRÉDITO PRIVADO - RESP LIMITADA;2025-11-30;Títulos de Crédito Privado;Nota Promissória/ Commercial Paper/ Export Note;N;Para negociação;;;;;616.000000;653871.97;;;PJ;33.000.167/0001-01;PETROLEO BRASILEIRO;2030-02-25;S;DI1;DI de um dia;100.000000;1.717451;;S;N;
CLASSES - FIF;41.594.651/0001-34;MAG ZONA DA MATA FI FINANCEIRO MULTIMERCADO CRÉDITO PRIVADO - RESPONSABILIDADE LIMITADA;2025-11-30;Títulos de Crédito Privado;Nota Promissória/ Commercial Paper/ Export Note;N;Para negociação;;;;;12000.000000;12548212.16;;;PJ;33.000.167/0001-01;PETROLEO BRASILEIRO;2032-08-25;S;DI1;DI de um dia;100.000000;1.952941;;S;N;
CLASSES - FIF;41.649.957/0001-40;ITAÚ CRÉDITO ESTRUTURADO ALPES MASTER FIF MULTIMERCADO CRÉDITO PRIVADO RESP LIMITADA;2025-11-30;Títulos de Crédito Privado;Nota Promissória/ Commercial Paper/ Export Note;N;Para negociação;;;;;700.000000;2812409.77;;;PJ;61.167.060/0001-98;INDUSTRIA QUIMICA KIMBERLIT LTDA;2027-03-31;S;DI1;DI de um dia;100.000000;6.000000;;S;N;
CLASSES - FIF;41.672.242/0001-09;CAPITÂNIA PREV ADVISORY XP SEGUROS FIFE FIF RENDA FIXA CRÉDITO PRIVADO - RESPONSABILIDADE LIMITADA;2025-11-30;Debêntures;Debênture simples;N;Para negociação;;;;;19024.000000;17841247.43;;;PJ;26.609.050/0001-64;TRAVESSIA SECURITIZADORA SA;2036-11-19;S;IAP;Índice de Preços ao Consumidor Amplo (IPCA/IBGE);100.000000;8.620056;;S;N;
CLASSES - FIF;41.672.242/0001-09;CAPITÂNIA PREV ADVISORY XP SEGUROS FIFE FIF RENDA FIXA CRÉDITO PRIVADO - RESPONSABILIDADE LIMITADA;2025-11-30;Debêntures;Debênture simples;N;Para negociação;;;;;10000.000000;9982813.78;;;PJ;36.128.741/0001-08;CONCESSIONARIA DA RODOVIA MS 306 S.;2043-05-15;S;IAP;Índice de Preços ao Consumidor Amplo (IPCA/IBGE);100.000000;7.874225;;S;N;
CLASSES - FIF;41.672.242/0001-09;CAPITÂNIA PREV ADVISORY XP SEGUROS FIFE FIF RENDA FIXA CRÉDITO PRIVADO - RESPONSABILIDADE LIMITADA;2025-11-30;Títulos ligados ao agronegócio;CRA;N;Para negociação;;;;;11605.000000;11678822.05;;;PJ;25.005.683/0001-09;VERT COMPANHIA SECURITIZADORA;2028-11-16;S;IAP;Índice de Preços ao Consumidor Amplo (IPCA/IBGE);100.000000;12.550491;;S;N;
CLASSES - FIF;41.672.376/0001-20;ARX METRUS 2 FUNDO DE INVESTIMENTO FINANCEIRO RENDA FIXA CRÉDITO PRIVADO - RESPONSABILIDADE LIMITADA;2025-11-30;Títulos de Crédito Privado;Nota Promissória/ Commercial Paper/ Export Note;N;Para negociação;;;;;706.000000;762867.44;;;PJ;15.139.629/0001-94;CIA ELETRICIDADE ESTADO BAHIA COELB;2028-12-20;S;DI1;DI de um dia;100.000000;1.339308;;S;N;
CLASSES - FIF;41.681.275/0001-15;ITAÚ INSTITUCIONAL PRECISION CRÉDITO PRIVADO RENDA FIXA LONGO PRAZO FIF RESP LIMITADA;2025-11-30;Debêntures;Debênture simples;N;Para negociação;;;;;403.000000;407092.87;;;PJ;43.776.517/0001-80;CIA SANEAMENTO BASICO EST SAO PAULO;2035-11-14;S;DI1;DI de um dia;100.000000;0.900000;;S;N;
CLASSES - FIF;41.687.175/0001-04;EMB VII FIF - CLASSE DE INVESTIMENTO RENDA FIXA CRÉDITO PRIVADO - RESP LIMITADA;2025-11-30;Debêntures;Debênture simples;N;Para negociação;;;;;795.000000;802693.94;;;PJ;23.438.929/0001-00;ALARES INTERNET;2032-10-15;S;IAP;Índice de Preços ao Consumidor Amplo (IPCA/IBGE);100.000000;11.865603;;S;N;
CLASSES - FIF;41.709.727/0001-20;CAPITÂNIA PREV ITAÚ FIFE FUNDO DE INVESTIMENTO FINANCEIRO MULTIMERCADO CRÉDITO PRIVADO RESP LIMITADA;2025-11-30;Debêntures;Debênture simples;N;Para negociação;;;;;1933.000000;1815115.12;;;PJ;26.609.050/0001-64;TRAVESSIA SECURITIZADORA S.A.;2036-11-19;S;IAP;Índice de Preços ao Consumidor Amplo (IPCA/IBGE);100.000000;7.950000;;S;N;
CLASSES - FIF;41.709.727/0001-20;CAPITÂNIA PREV ITAÚ FIFE FUNDO DE INVESTIMENTO FINANCEIRO MULTIMERCADO CRÉDITO PRIVADO RESP LIMITADA;2025-11-30;Títulos de Crédito Privado;Nota Promissória/ Commercial Paper/ Export Note;N;Para negociação;;;;;3498.000000;3768295.43;;;PJ;33.000.167/0001-01;PETROLEO BRASILEIRO S.A. PETROBRAS;2032-08-25;S;DI1;DI de um dia;100.000000;1.900000;;S;N;
CLASSES - FIF;41.734.999/0001-80;ITAÚ BTG PACTUAL CORPORATIVO PLUS FIFE PREV FIF MULTIMERCADO CRÉDITO PRIVADO RESP LIMITADA;2025-11-30;Debêntures;Debênture simples;N;Para negociação;;;;;535.000000;532215.42;;;PJ;09.288.252/0001-32;ANIMA HOLDING S.A.;2029-10-15;S;DI1;DI de um dia;100.000000;1.500000;;S;N;
CLASSES - FIF;41.734.999/0001-80;ITAÚ BTG PACTUAL CORPORATIVO PLUS FIFE PREV FIF MULTIMERCADO CRÉDITO PRIVADO RESP LIMITADA;2025-11-30;Debêntures;Debênture simples;N;Para negociação;;;;;652.000000;652834.38;;;PJ;13.783.221/0004-78;MADERO INDUSTRIA E COMERCIO S.A.;2030-11-25;S;DI1;DI de um dia;100.000000;2.250000;;S;N;
CLASSES - FIF;41.734.999/0001-80;ITAÚ BTG PACTUAL CORPORATIVO PLUS FIFE PREV FIF MULTIMERCADO CRÉDITO PRIVADO RESP LIMITADA;2025-11-30;Debêntures;Debênture simples;N;Para negociação;;;;;2114.000000;2134072.65;;;PJ;55.085.811/0001-24;EXES SECURITIZADORA SA;2031-10-20;S;DI1;DI de um dia;100.000000;1.000000;;S;N;
CLASSES - FIF;41.736.548/0001-81;ITAÚ BTG PACTUAL CRÉDITO CORPORATIVO PREVIDÊNCIA FIF RENDA FIXA CRÉDITO PRIVADO LP RESP LIMITADA;2025-11-30;Debêntures;Debênture simples;N;Para negociação;;;;;2747.000000;2750515.41;;;PJ;13.783.221/0004-78;MADERO INDUSTRIA E COMERCIO S.A.;2030-11-25;S;DI1;DI de um dia;100.000000;2.250000;;S;N;
CLASSES - FIF;41.736.548/0001-81;ITAÚ BTG PACTUAL CRÉDITO CORPORATIVO PREVIDÊNCIA FIF RENDA FIXA CRÉDITO PRIVADO LP RESP LIMITADA;2025-11-30;Debêntures;Debênture simples;N;Para negociação;;;;;17660.000000;17827683.50;;;PJ;55.085.811/0001-24;EXES SECURITIZADORA SA;2031-10-20;S;DI1;DI de um dia;100.000000;1.000000;;S;N;
CLASSES - FIF;41.736.548/0001-81;ITAÚ BTG PACTUAL CRÉDITO CORPORATIVO PREVIDÊNCIA FIF RENDA FIXA CRÉDITO PRIVADO LP RESP LIMITADA;2025-11-30;Debêntures;Debênture simples;N;Para negociação;;;;;2926.000000;2910770.67;;;PJ;09.288.252/0001-32;ANIMA HOLDING S.A.;2029-10-15;S;DI1;DI de um dia;100.000000;1.500000;;S;N;
CLASSES - FIF;41.736.548/0001-81;ITAÚ BTG PACTUAL CRÉDITO CORPORATIVO PREVIDÊNCIA FIF RENDA FIXA CRÉDITO PRIVADO LP RESP LIMITADA;2025-11-30;Debêntures;Debênture simples;N;Para negociação;;;;;5003.000000;5029113.59;;;PJ;43.776.517/0001-80;CIA SANEAMENTO BASICO EST SAO PAULO;2032-11-14;S;DI1;DI de um dia;100.000000;0.690000;;S;N;
CLASSES - FIF;41.736.548/0001-81;ITAÚ BTG PACTUAL CRÉDITO CORPORATIVO PREVIDÊNCIA FIF RENDA FIXA CRÉDITO PRIVADO LP RESP LIMITADA;2025-11-30;Títulos de Crédito Privado;Nota Promissória/ Commercial Paper/ Export Note;N;Para negociação;;;;;2500.000000;2638037.33;;;PJ;50.746.577/0001-15;COSAN SA INDUSTRIA E COMERCIO;2031-01-30;S;DI1;DI de um dia;100.000000;1.800000;;S;N;
CLASSES - FIF;41.736.548/0001-81;ITAÚ BTG PACTUAL CRÉDITO CORPORATIVO PREVIDÊNCIA FIF RENDA FIXA CRÉDITO PRIVADO LP RESP LIMITADA;2025-11-30;Títulos de Crédito Privado;Nota Promissória/ Commercial Paper/ Export Note;N;Para negociação;;;;;4388.000000;4713341.01;;;PJ;50.746.577/0001-15;COSAN SA INDUSTRIA E COMERCIO;2028-12-27;S;DI1;DI de um dia;100.000000;1.750000;;S;N;
CLASSES - FIF;41.763.320/0001-80;NMP KINEA FIF INCENTIVADO EM INVESTIMENTO EM DEBÊNTURES DE INFRAESTRUTURA RF CRÉD PRIV RESP LIMITADA;2025-11-30;Debêntures;Debênture simples;N;Para negociação;;;;;1102.000000;1164805.45;;;PJ;55.474.939/0001-80;Ourinhos Saneamento SA;2047-11-15;S;IAP;Índice de Preços ao Consumidor Amplo (IPCA/IBGE);100.000000;9.953100;;S;N;
CLASSES - FIF;41.774.687/0001-08;BTG PACTUAL CORPORATIVO PLUS PREV FIFE FUNDO DE INVESTIMENTO FINANCEIRO MULTIMERCADO;2025-11-30;Debêntures;Debênture simples;N;Para negociação;;;;;1266.000000;1259410.69;;;PJ;09.288.252/0001-32;ANIMA HOLDING S.A.;2029-10-15;S;DI1;DI de um dia;100.000000;1.930200;;S;N;
CLASSES - FIF;41.774.687/0001-08;BTG PACTUAL CORPORATIVO PLUS PREV FIFE FUNDO DE INVESTIMENTO FINANCEIRO MULTIMERCADO;2025-11-30;Debêntures;Debênture simples;N;Para negociação;;;;;1592.000000;1594037.31;;;PJ;13.783.221/0004-78;MADERO INDUSTRIA E COMERCIO S.A.;2030-11-25;S;DI1;DI de um dia;100.000000;2.250000;;S;N;
CLASSES - FIF;41.774.687/0001-08;BTG PACTUAL CORPORATIVO PLUS PREV FIFE FUNDO DE INVESTIMENTO FINANCEIRO MULTIMERCADO;2025-11-30;Debêntures;Debênture simples;N;Para negociação;;;;;4343.000000;4485897.91;;;PJ;21.480.839/0001-44;BRK AMBIENTAL - SUMARE S.A;2029-09-18;S;DI1;DI de um dia;100.000000;2.500000;;S;N;
CLASSES - FIF;41.774.687/0001-08;BTG PACTUAL CORPORATIVO PLUS PREV FIFE FUNDO DE INVESTIMENTO FINANCEIRO MULTIMERCADO;2025-11-30;Debêntures;Debênture simples;N;Para negociação;;;;;2672.000000;2940217.66;;;PJ;50.365.355/0001-52;BIOMETANO VERDE PAULINIA SA;2025-12-31;S;DI1;DI de um dia;100.000000;1.200000;;S;N;
CLASSES - FIF;41.774.687/0001-08;BTG PACTUAL CORPORATIVO PLUS PREV FIFE FUNDO DE INVESTIMENTO FINANCEIRO MULTIMERCADO;2025-11-30;Debêntures;Debênture simples;N;Para negociação;;;;;5030.000000;5077760.28;;;PJ;55.085.811/0001-24;EXES SECURITIZADORA S.A.;2031-10-20;S;DI1;DI de um dia;100.000000;1.000000;;S;N;
CLASSES - FIF;41.774.687/0001-08;BTG PACTUAL CORPORATIVO PLUS PREV FIFE FUNDO DE INVESTIMENTO FINANCEIRO MULTIMERCADO;2025-11-30;Títulos ligados ao agronegócio;CRA;N;Para negociação;;;;;667.000000;412898.00;;;PJ;02.773.542/0001-22;OPEA SECURITIZADORA S.A.;2028-10-19;S;DI1;DI de um dia;100.000000;4.250000;;S;N;
CLASSES - FIF;41.774.687/0001-08;BTG PACTUAL CORPORATIVO PLUS PREV FIFE FUNDO DE INVESTIMENTO FINANCEIRO MULTIMERCADO;2025-11-30;Títulos ligados ao agronegócio;CRA;N;Para negociação;;;;;566.000000;318062.12;;;PJ;08.769.451/0001-08;VIRGO COMPANHIA DE SECURITIZACAO;2028-10-25;S;DI1;DI de um dia;100.000000;4.000000;;S;N;
CLASSES - FIF;41.774.687/0001-08;BTG PACTUAL CORPORATIVO PLUS PREV FIFE FUNDO DE INVESTIMENTO FINANCEIRO MULTIMERCADO;2025-11-30;Títulos ligados ao agronegócio;CRA;N;Para negociação;;;;;601.000000;640817.23;;;PJ;10.753.164/0001-43;ECO SECURITIZADORA DE DIREITOS CREDITORIOS DO AGRO;2029-05-15;S;IAP;Índice de Preços ao Consumidor Amplo (IPCA/IBGE);100.000000;7.391300;;S;N;
CLASSES - FIF;41.837.614/0001-00;G5 MAKTUB QUALIFICADO PREVIDENCIÁRIO FIF - CI MULTIMERCADO CRED PRIV - RESP LIMITADA;2025-11-30;Debêntures;Debênture simples;N;Para negociação;;;;;405.000000;141509.47;;;PJ;02.773.542/0001-22;Opea Securitiza;2025-12-03;S;DI1;DI de um dia;100.000000;5.849981;;S;N;
CLASSES - FIF;41.994.712/0001-50;ITAÚ DEB INCENTIVADAS FIF INCENTIVADO EM INFRA RF CRÉD PRIV - RESP LIMITADA;2025-11-30;Debêntures;Debênture simples;N;Para negociação;;;;;574.000000;566787.92;;;PJ;06.981.180/0001-16;CEMIG DISTRIBUICAO S.A.;2037-10-15;S;IAP;Índice de Preços ao Consumidor Amplo (IPCA/IBGE);100.000000;6.787800;;S;N;
CLASSES - FIF;41.994.712/0001-50;ITAÚ DEB INCENTIVADAS FIF INCENTIVADO EM INFRA RF CRÉD PRIV - RESP LIMITADA;2025-11-30;Debêntures;Debênture simples;N;Para negociação;;;;;69.000000;67785.50;;;PJ;42.276.907/0001-28;VLI MULTIMODAL S.A.;2035-10-15;S;IAP;Índice de Preços ao Consumidor Amplo (IPCA/IBGE);100.000000;6.672900;;S;N;
CLASSES - FIF;42.067.039/0001-76;PICTURE FUNDO DE INVESTIMENTO MULTIMERCADO CRÉDITO PRIVADO LONGO PRAZO RESPONSABILIDADE LIMITADA;2025-11-30;Títulos ligados ao agronegócio;CRA;N;Para negociação;;;;;1000.000000;333333.50;;;PJ;10.753.164/0001-43;ECO SECURITIZADORA DIREITOS CREDITORIOS AGRONEGOCIO SA;2026-05-29;S;DI1;DI de um dia;100.000000;4.500000;;S;N;
CLASSES - FIF;42.102.181/0001-07;ZURIQUE FIF - CLASSE DE INVESTIMENTO RF INCENTIVADO DE INVESTIMENTO EM INFRA - RESP LIMITADA;2025-11-30;Debêntures;Debênture simples;N;Para negociação;;;;;455.000000;535524.83;;;PJ;20.223.016/0001-70;BELO MONTE TRAN;2031-12-15;S;IAP;Índice de Preços ao Consumidor Amplo (IPCA/IBGE);100.000000;5.250751;;S;N;
CLASSES - FIF;42.154.228/0001-86;NEVERGIVEUP QI FUNDO DE INVESTIMENTO FINANCEIRO MULTIMERCADO CRÉDITO PRIVADO RESP LIMITADA;2025-11-30;Títulos de Crédito Privado;Nota Promissória/ Commercial Paper/ Export Note;N;Para negociação;;;;;55.000000;220975.05;;;PJ;61.167.060/0001-98;INDUSTRIA QUIMICA KIMBERLIT LTDA;2027-03-31;S;DI1;DI de um dia;100.000000;6.000000;;S;N;
CLASSES - FIF;42.195.637/0001-20;GAPE QI FUNDO DE INVESTIMENTO FINANCEIRO MULTIMERCADO CRÉDITO PRIVADO RESPONSABILIDADE LIMITADA;2025-11-30;Títulos de Crédito Privado;Nota Promissória/ Commercial Paper/ Export Note;N;Para negociação;;;;;55.000000;220975.05;;;PJ;61.167.060/0001-98;INDUSTRIA QUIMICA KIMBERLIT LTDA;2027-03-31;S;DI1;DI de um dia;100.000000;6.000000;;S;N;
CLASSES - FIF;42.220.424/0001-01;SANTANDER PB ALOCAÇÃO RENDA FIXA CRÉDITO PRIVADO - FUNDO DE INVESTIMENTO FINANCEIRO;2025-11-30;Títulos de Crédito Privado;Nota Promissória/ Commercial Paper/ Export Note;S;Para negociação;;;;;300.000000;317382.18;;;PJ;33.000.167/0001-01;PETROBRAS S/A;2030-02-25;S;DI1;DI de um dia;100.000000;1.649999;;S;N;
CLASSES - FIF;42.220.424/0001-01;SANTANDER PB ALOCAÇÃO RENDA FIXA CRÉDITO PRIVADO - FUNDO DE INVESTIMENTO FINANCEIRO;2025-11-30;Títulos de Crédito Privado;Nota Promissória/ Commercial Paper/ Export Note;S;Para negociação;;;;;530.000000;560708.52;;;PJ;33.000.167/0001-01;PETROBRAS S/A;2030-02-25;S;DI1;DI de um dia;100.000000;1.124037;;S;N;
CLASSES - FIF;42.220.446/0001-71;SANTANDER PREV PB ALOCAÇÃO RF CRÉD PRIV - FIF RESP LIMITADA;2025-11-30;Títulos de Crédito Privado;Nota Promissória/ Commercial Paper/ Export Note;S;Para negociação;;;;;950.000000;1005043.57;;;PJ;33.000.167/0001-01;PETROBRAS S/A;2030-02-25;S;DI1;DI de um dia;100.000000;1.649999;;S;N;
CLASSES - FIF;42.264.017/0001-04;ITAÚ HIGH YIELD ALL MULTIMERCADO CRÉDITO PRIVADO FIF RESP LIMITADA;2025-11-30;Debêntures;Debênture simples;N;Para negociação;;;;;2329.000000;2352653.35;;;PJ;43.776.517/0001-80;CIA SANEAMENTO BASICO EST SAO PAULO;2035-11-14;S;DI1;DI de um dia;100.000000;0.900000;;S;N;
CLASSES - FIF;42.282.188/0001-58;ITAÚ HIGH YIELD II PREV DISTRIBUIDORES XP FIF MULT CRÉD PRIV - RESP LIMITADA;2025-11-30;Debêntures;Debênture simples;N;Para negociação;;;;;2746.000000;2760332.98;;;PJ;43.776.517/0001-80;CIA SANEAMENTO BASICO EST SAO PAULO;2032-11-14;S;DI1;DI de um dia;100.000000;0.690000;;S;N;
CLASSES - FIF;42.282.188/0001-58;ITAÚ HIGH YIELD II PREV DISTRIBUIDORES XP FIF MULT CRÉD PRIV - RESP LIMITADA;2025-11-30;Debêntures;Debênture simples;N;Para negociação;;;;;1407.000000;1421289.51;;;PJ;43.776.517/0001-80;CIA SANEAMENTO BASICO EST SAO PAULO;2035-11-14;S;DI1;DI de um dia;100.000000;0.900000;;S;N;
CLASSES - FIF;42.282.188/0001-58;ITAÚ HIGH YIELD II PREV DISTRIBUIDORES XP FIF MULT CRÉD PRIV - RESP LIMITADA;2025-11-30;Títulos ligados ao agronegócio;CRA;N;Para negociação;;;;;10.000000;11521.03;;;PJ;12.130.744/0001-00;TRUE SECURITIZADORA S.A.;2029-07-16;S;IAP;Índice de Preços ao Consumidor Amplo (IPCA/IBGE);100.000000;3.602000;;S;N;
CLASSES - FIF;42.282.188/0001-58;ITAÚ HIGH YIELD II PREV DISTRIBUIDORES XP FIF MULT CRÉD PRIV - RESP LIMITADA;2025-11-30;Títulos ligados ao agronegócio;CRA;N;Para negociação;;;;;3.000000;2488.01;;;PJ;12.130.744/0001-00;TRUE SECURITIZADORA S.A.;2030-10-15;S;OUT;OUTROS;100.000000;6.008100;;S;N;
CLASSES - FIF;42.282.188/0001-58;ITAÚ HIGH YIELD II PREV DISTRIBUIDORES XP FIF MULT CRÉD PRIV - RESP LIMITADA;2025-11-30;Títulos ligados ao agronegócio;CRA;N;Para negociação;;;;;8.000000;9155.13;;;PJ;12.130.744/0001-00;TRUE SECURITIZADORA S.A.;2030-06-17;S;IAP;Índice de Preços ao Consumidor Amplo (IPCA/IBGE);100.000000;5.800000;;S;N;
CLASSES - FIF;42.282.188/0001-58;ITAÚ HIGH YIELD II PREV DISTRIBUIDORES XP FIF MULT CRÉD PRIV - RESP LIMITADA;2025-11-30;Títulos ligados ao agronegócio;CRA;N;Para negociação;;;;;1210.000000;1255651.71;;;PJ;25.005.683/0001-09;VERT COMPANHIA SECURITIZADORA;2032-06-15;S;OUT;OUTROS;97.000000;0.000000;;S;N;
CLASSES - FIF;42.282.188/0001-58;ITAÚ HIGH YIELD II PREV DISTRIBUIDORES XP FIF MULT CRÉD PRIV - RESP LIMITADA;2025-11-30;Títulos ligados ao agronegócio;CRA;N;Para negociação;;;;;7.000000;9928.10;;;PJ;02.773.542/0001-22;OPEA SECURITIZADORA S.A.;2026-03-16;S;IAP;Índice de Preços ao Consumidor Amplo (IPCA/IBGE);100.000000;4.040000;;S;N;
CLASSES - FIF;42.287.499/0001-00;PREVI-GM CRÉDITO ESTRUTURADO II FI FINANCEIRO RENDA FIXA CRÉDITO PRIVADO - RESPONSABILIDADE LIMITADA;2025-11-30;Debêntures;Debênture simples;N;Para negociação;;;;;734.000000;741373.31;;;PJ;23.438.929/0001-00;TRIPLE PLAY BRASIL PARTICIPAÇÕES S.;2032-10-15;S;IAP;Índice de Preços ao Consumidor Amplo (IPCA/IBGE);100.000000;17.831501;;S;N;
CLASSES - FIF;42.287.499/0001-00;PREVI-GM CRÉDITO ESTRUTURADO II FI FINANCEIRO RENDA FIXA CRÉDITO PRIVADO - RESPONSABILIDADE LIMITADA;2025-11-30;Títulos de Crédito Privado;Nota Promissória/ Commercial Paper/ Export Note;N;Para negociação;;;;;1734.000000;1870667.68;;;PJ;33.000.167/0001-01;PETROLEO BRASILEIRO;2032-08-25;S;DI1;DI de um dia;100.000000;1.552934;;S;N;
CLASSES - FIF;42.357.346/0001-91;CD BAIA FORMOSA FIF MULTIMERCADO CRÉDITO PRIVADO INVESTIMENTO NO EXTERIOR - RESP LTDA;2025-11-30;Títulos ligados ao agronegócio;CRA;N;Para negociação;;;;;161.000000;184246.92;;;PJ;12.130.744/0001-00;TRUE SECURITIZADORA S.A.;2030-06-17;S;IAP;Índice de Preços ao Consumidor Amplo (IPCA/IBGE);100.000000;9.168786;;S;N;
CLASSES - FIF;42.357.346/0001-91;CD BAIA FORMOSA FIF MULTIMERCADO CRÉDITO PRIVADO INVESTIMENTO NO EXTERIOR - RESP LTDA;2025-11-30;Títulos ligados ao agronegócio;CRA;N;Para negociação;;;;;187.000000;226158.96;;;PJ;08.769.451/0001-08;VIRGO COMPANHIA DE SECURITIZAÇÃO;2028-04-17;S;IAP;Índice de Preços ao Consumidor Amplo (IPCA/IBGE);100.000000;8.453571;;S;N;
CLASSES - FIF;42.411.555/0001-76;ITAÚ DEB INCENTIVADAS CDI FDO INCENTIVADO DE INV FINANCEIRO EM INFRAESTR RF CRÉD PRIV  RESP LIMITADA;2025-11-30;Debêntures;Debênture simples;N;Para negociação;;;;;206.000000;202374.12;;;PJ;42.276.907/0001-28;VLI MULTIMODAL S.A.;2035-10-15;S;IAP;Índice de Preços ao Consumidor Amplo (IPCA/IBGE);100.000000;6.672900;;S;N;
CLASSES - FIF;42.411.555/0001-76;ITAÚ DEB INCENTIVADAS CDI FDO INCENTIVADO DE INV FINANCEIRO EM INFRAESTR RF CRÉD PRIV  RESP LIMITADA;2025-11-30;Debêntures;Debênture simples;N;Para negociação;;;;;3793.000000;3745342.45;;;PJ;06.981.180/0001-16;CEMIG DISTRIBUICAO S.A.;2037-10-15;S;IAP;Índice de Preços ao Consumidor Amplo (IPCA/IBGE);100.000000;6.787800;;S;N;
CLASSES - FIF;42.698.876/0001-01;ITAÚ DEB INCENTIVADAS PRÉ FIF INCENTIVADO INFRA RF CRÉD PRIV - RESP LIMITADA;2025-11-30;Debêntures;Debênture simples;N;Para negociação;;;;;3.000000;2949.22;;;PJ;02.476.026/0001-36;ULTRAFERTIL SA;2035-10-15;S;IAP;Índice de Preços ao Consumidor Amplo (IPCA/IBGE);100.000000;6.672900;;S;N;
CLASSES - FIF;42.698.876/0001-01;ITAÚ DEB INCENTIVADAS PRÉ FIF INCENTIVADO INFRA RF CRÉD PRIV - RESP LIMITADA;2025-11-30;Debêntures;Debênture simples;N;Para negociação;;;;;326.000000;320261.96;;;PJ;42.276.907/0001-28;VLI MULTIMODAL S.A.;2035-10-15;S;IAP;Índice de Preços ao Consumidor Amplo (IPCA/IBGE);100.000000;6.672900;;S;N;
CLASSES - FIF;42.698.876/0001-01;ITAÚ DEB INCENTIVADAS PRÉ FIF INCENTIVADO INFRA RF CRÉD PRIV - RESP LIMITADA;2025-11-30;Debêntures;Debênture simples;N;Para negociação;;;;;1446.000000;1427831.58;;;PJ;06.981.180/0001-16;CEMIG DISTRIBUICAO S.A.;2037-10-15;S;IAP;Índice de Preços ao Consumidor Amplo (IPCA/IBGE);100.000000;6.787800;;S;N;
CLASSES - FIF;42.730.970/0001-92;BTG PACTUAL CREDITO CORPORATIVO ESG FUNDO DE INVESTIMENTO FINANCEIRO RENDA FIXA;2025-11-30;Títulos ligados ao agronegócio;CRA;N;Para negociação;;;;;1312.000000;1398922.13;;;PJ;10.753.164/0001-43;ECO SECURITIZADORA DE DIREITOS CREDITORIOS DO AGRO;2029-05-15;S;IAP;Índice de Preços ao Consumidor Amplo (IPCA/IBGE);100.000000;7.391300;;S;N;
CLASSES - FIF;42.730.970/0001-92;BTG PACTUAL CREDITO CORPORATIVO ESG FUNDO DE INVESTIMENTO FINANCEIRO RENDA FIXA;2025-11-30;Títulos ligados ao agronegócio;CRA;N;Para negociação;;;;;1000.000000;992836.53;;;PJ;10.753.164/0001-43;ECO SECURITIZADORA DE DIREITOS CREDITORIOS DO AGRO;2030-06-17;S;DI1;DI de um dia;100.000000;2.000000;;S;N;
CLASSES - FIF;42.734.614/0001-47;BRASILPREV RT US CAPITAL FI FINANCEIRO MULTIMERCADO CRÉDITO PRIVADO RESPONSABILIDADE LIMITADA;2025-11-30;Títulos ligados ao agronegócio;CRA;N;Para negociação;;;;;420.000000;294368.77;;;PJ;12.130.744/0001-00;TRUE SECURITIZADORA S.A.;2037-08-17;S;IAP;Índice de Preços ao Consumidor Amplo (IPCA/IBGE);100.000000;6.738200;;S;N;
CLASSES - FIF;42.747.172/0001-73;CAPITÂNIA K FUNDO DE INVESTIMENTO FINANCEIRO MULTIMERCADO;2025-11-30;Debêntures;Debênture simples;N;Para negociação;;;;;797.000000;808503.58;;;PJ;23.438.929/0001-00;TRIPLE PLAY BRASIL PARTICIPACOES S.A.;2032-10-15;S;IAP;Índice de Preços ao Consumidor Amplo (IPCA/IBGE);100.000000;11.652551;;S;N;
CLASSES - FIF;42.747.172/0001-73;CAPITÂNIA K FUNDO DE INVESTIMENTO FINANCEIRO MULTIMERCADO;2025-11-30;Debêntures;Debênture simples;N;Para negociação;;;;;1542.000000;1449702.66;;;PJ;26.609.050/0001-64;TRAVESSIA SECURITIZADORA S.A.;2036-11-17;S;IAP;Índice de Preços ao Consumidor Amplo (IPCA/IBGE);100.000000;8.898699;;S;N;
CLASSES - FIF;42.747.172/0001-73;CAPITÂNIA K FUNDO DE INVESTIMENTO FINANCEIRO MULTIMERCADO;2025-11-30;Títulos ligados ao agronegócio;CRA;N;Para negociação;;;;;353.000000;178579.60;;;PJ;25.005.683/0001-09;VERT COMPANHIA SECURITIZADORA;2027-09-17;S;DI1;DI de um dia;100.000000;4.250000;;S;N;
CLASSES - FIF;42.777.239/0001-12;PORTO PREVIDENCIÁRIO FIFE FUNDO DE INVESTIMENTO FINANCEIRO RENDA  FIXA CRÉDITO PRIVADO RESP LIMITADA;2025-11-30;Debêntures;Debênture simples;N;Para negociação;;;;;9300.000000;9388304.45;;;PJ;55.085.811/0001-24;EXES SECURITIZADORA SA;2031-10-20;S;DI1;DI de um dia;100.000000;1.000000;;S;N;
CLASSES - FIF;42.777.239/0001-12;PORTO PREVIDENCIÁRIO FIFE FUNDO DE INVESTIMENTO FINANCEIRO RENDA  FIXA CRÉDITO PRIVADO RESP LIMITADA;2025-11-30;Debêntures;Debênture simples;N;Para negociação;;;;;3400.000000;3430477.02;;;PJ;08.402.943/0001-52;GUARARAPES CONFECCOES S/A;2028-10-15;S;DI1;DI de um dia;100.000000;0.950000;;S;N;
CLASSES - FIF;42.777.239/0001-12;PORTO PREVIDENCIÁRIO FIFE FUNDO DE INVESTIMENTO FINANCEIRO RENDA  FIXA CRÉDITO PRIVADO RESP LIMITADA;2025-11-30;Títulos de Crédito Privado;Nota Promissória/ Commercial Paper/ Export Note;N;Para negociação;;;;;4294.000000;4568379.61;;;PJ;33.000.167/0001-01;PETROLEO BRASILEIRO S.A. PETROBRAS;2030-02-25;S;DI1;DI de um dia;100.000000;1.650000;;S;N;
CLASSES - FIF;42.777.239/0001-12;PORTO PREVIDENCIÁRIO FIFE FUNDO DE INVESTIMENTO FINANCEIRO RENDA  FIXA CRÉDITO PRIVADO RESP LIMITADA;2025-11-30;Títulos de Crédito Privado;Nota Promissória/ Commercial Paper/ Export Note;N;Para negociação;;;;;5042.000000;5415830.76;;;PJ;50.746.577/0001-15;COSAN SA INDUSTRIA E COMERCIO;2028-12-27;S;DI1;DI de um dia;100.000000;1.750000;;S;N;
CLASSES - FIF;42.777.239/0001-12;PORTO PREVIDENCIÁRIO FIFE FUNDO DE INVESTIMENTO FINANCEIRO RENDA  FIXA CRÉDITO PRIVADO RESP LIMITADA;2025-11-30;Títulos de Crédito Privado;Nota Promissória/ Commercial Paper/ Export Note;N;Para negociação;;;;;194.000000;208990.66;;;PJ;33.000.167/0001-01;PETROLEO BRASILEIRO S.A. PETROBRAS;2032-08-25;S;DI1;DI de um dia;100.000000;1.900000;;S;N;
CLASSES - FIF;42.814.813/0001-65;ITAÚ HIGH YIELD PREV DISTRIBUIDORES BP FIF RF CRÉD PRIV - RESP LIMITADA;2025-11-30;Debêntures;Debênture simples;N;Para negociação;;;;;3153.000000;3169457.35;;;PJ;43.776.517/0001-80;CIA SANEAMENTO BASICO EST SAO PAULO;2032-11-14;S;DI1;DI de um dia;100.000000;0.690000;;S;N;
CLASSES - FIF;42.814.813/0001-65;ITAÚ HIGH YIELD PREV DISTRIBUIDORES BP FIF RF CRÉD PRIV - RESP LIMITADA;2025-11-30;Debêntures;Debênture simples;N;Para negociação;;;;;1661.000000;1677869.13;;;PJ;43.776.517/0001-80;CIA SANEAMENTO BASICO EST SAO PAULO;2035-11-14;S;DI1;DI de um dia;100.000000;0.900000;;S;N;
CLASSES - FIF;42.814.813/0001-65;ITAÚ HIGH YIELD PREV DISTRIBUIDORES BP FIF RF CRÉD PRIV - RESP LIMITADA;2025-11-30;Títulos ligados ao agronegócio;CRA;N;Para negociação;;;;;13.000000;14977.34;;;PJ;12.130.744/0001-00;TRUE SECURITIZADORA S.A.;2029-07-16;S;IAP;Índice de Preços ao Consumidor Amplo (IPCA/IBGE);100.000000;3.602000;;S;N;
CLASSES - FIF;42.814.813/0001-65;ITAÚ HIGH YIELD PREV DISTRIBUIDORES BP FIF RF CRÉD PRIV - RESP LIMITADA;2025-11-30;Títulos ligados ao agronegócio;CRA;N;Para negociação;;;;;3.000000;2488.01;;;PJ;12.130.744/0001-00;TRUE SECURITIZADORA S.A.;2030-10-15;S;OUT;OUTROS;100.000000;6.008100;;S;N;
CLASSES - FIF;42.814.813/0001-65;ITAÚ HIGH YIELD PREV DISTRIBUIDORES BP FIF RF CRÉD PRIV - RESP LIMITADA;2025-11-30;Títulos ligados ao agronegócio;CRA;N;Para negociação;;;;;9.000000;12764.70;;;PJ;02.773.542/0001-22;OPEA SECURITIZADORA S.A.;2026-03-16;S;IAP;Índice de Preços ao Consumidor Amplo (IPCA/IBGE);100.000000;4.040000;;S;N;
CLASSES - FIF;42.814.813/0001-65;ITAÚ HIGH YIELD PREV DISTRIBUIDORES BP FIF RF CRÉD PRIV - RESP LIMITADA;2025-11-30;Títulos ligados ao agronegócio;CRA;N;Para negociação;;;;;10.000000;11443.91;;;PJ;12.130.744/0001-00;TRUE SECURITIZADORA S.A.;2030-06-17;S;IAP;Índice de Preços ao Consumidor Amplo (IPCA/IBGE);100.000000;5.800000;;S;N;
CLASSES - FIF;42.814.813/0001-65;ITAÚ HIGH YIELD PREV DISTRIBUIDORES BP FIF RF CRÉD PRIV - RESP LIMITADA;2025-11-30;Títulos ligados ao agronegócio;CRA;N;Para negociação;;;;;1391.000000;1443480.60;;;PJ;25.005.683/0001-09;VERT COMPANHIA SECURITIZADORA;2032-06-15;S;OUT;OUTROS;97.000000;0.000000;;S;N;
CLASSES - FIF;42.814.944/0001-42;ITAÚ FLEXPREV HIGH YIELD II FUNDO DE INVESTIMENTO FINANCEIRO MULT CRÉD PRIV - RESP LIMITADA;2025-11-30;Títulos ligados ao agronegócio;CRA;N;Para negociação;;;;;23.000000;20524.53;;;PJ;12.130.744/0001-00;TRUE SECURITIZADORA S.A.;2032-08-15;S;OUT;OUTROS;100.000000;6.588500;;S;N;
CLASSES - FIF;42.814.944/0001-42;ITAÚ FLEXPREV HIGH YIELD II FUNDO DE INVESTIMENTO FINANCEIRO MULT CRÉD PRIV - RESP LIMITADA;2025-11-30;Títulos ligados ao agronegócio;CRA;N;Para negociação;;;;;311.000000;441091.47;;;PJ;02.773.542/0001-22;OPEA SECURITIZADORA S.A.;2026-03-16;S;IAP;Índice de Preços ao Consumidor Amplo (IPCA/IBGE);100.000000;4.040000;;S;N;
CLASSES - FIF;42.814.944/0001-42;ITAÚ FLEXPREV HIGH YIELD II FUNDO DE INVESTIMENTO FINANCEIRO MULT CRÉD PRIV - RESP LIMITADA;2025-11-30;Títulos ligados ao agronegócio;CRA;N;Para negociação;;;;;427.000000;491947.85;;;PJ;12.130.744/0001-00;TRUE SECURITIZADORA S.A.;2029-07-16;S;IAP;Índice de Preços ao Consumidor Amplo (IPCA/IBGE);100.000000;3.602000;;S;N;
CLASSES - FIF;42.814.944/0001-42;ITAÚ FLEXPREV HIGH YIELD II FUNDO DE INVESTIMENTO FINANCEIRO MULT CRÉD PRIV - RESP LIMITADA;2025-11-30;Títulos ligados ao agronegócio;CRA;N;Para negociação;;;;;342.000000;391381.65;;;PJ;12.130.744/0001-00;TRUE SECURITIZADORA S.A.;2030-06-17;S;IAP;Índice de Preços ao Consumidor Amplo (IPCA/IBGE);100.000000;5.800000;;S;N;
CLASSES - FIF;42.827.176/0001-61;CAPITÂNIA REIT PREV ITAÚ FIFE FIF MULTIMERCADO CRÉDITO PRIVADO RESPONSABILIDADE LIMITADA;2025-11-30;Debêntures;Debênture simples;N;Para negociação;;;;;358.000000;336167.21;;;PJ;26.609.050/0001-64;TRAVESSIA SECURITIZADORA S.A.;2036-11-19;S;IAP;Índice de Preços ao Consumidor Amplo (IPCA/IBGE);100.000000;7.950000;;S;N;
CLASSES - FIF;42.827.424/0001-74;PORTO INFLAÇÃO IMA-B 5 RENDA FIXA FUNDO DE INVESTIMENTO PREVIDENCIÁRIO;2025-11-30;Debêntures;Debênture simples;N;Para negociação;;;;;150.000000;151344.57;;;PJ;08.402.943/0001-52;GUARARAPES CONFECCOES S/A;2028-10-15;S;DI1;DI de um dia;100.000000;1.003300;;S;N;
CLASSES - FIF;42.847.342/0001-91;CAPITÂNIA BWM FUNDO DE INVESTIMENTO FINANCEIRO MULTIMERCADO;2025-11-30;Debêntures;Debênture simples;N;Para negociação;;;;;1348.000000;1367456.50;;;PJ;23.438.929/0001-00;TRIPLE PLAY BRASIL PARTICIPACOES S.A.;2032-10-15;S;IAP;Índice de Preços ao Consumidor Amplo (IPCA/IBGE);100.000000;11.652551;;S;N;
CLASSES - FIF;42.847.342/0001-91;CAPITÂNIA BWM FUNDO DE INVESTIMENTO FINANCEIRO MULTIMERCADO;2025-11-30;Debêntures;Debênture simples;N;Para negociação;;;;;2518.000000;2367283.58;;;PJ;26.609.050/0001-64;TRAVESSIA SECURITIZADORA S.A.;2036-11-17;S;IAP;Índice de Preços ao Consumidor Amplo (IPCA/IBGE);100.000000;8.898699;;S;N;
CLASSES - FIF;42.847.342/0001-91;CAPITÂNIA BWM FUNDO DE INVESTIMENTO FINANCEIRO MULTIMERCADO;2025-11-30;Títulos ligados ao agronegócio;CRA;N;Para negociação;;;;;595.000000;301005.27;;;PJ;25.005.683/0001-09;VERT COMPANHIA SECURITIZADORA;2027-09-17;S;DI1;DI de um dia;100.000000;4.250000;;S;N;
CLASSES - FIF;42.847.342/0001-91;CAPITÂNIA BWM FUNDO DE INVESTIMENTO FINANCEIRO MULTIMERCADO;2025-11-30;Títulos ligados ao agronegócio;CRA;N;Para negociação;;;;;868.000000;884611.17;;;PJ;25.005.683/0001-09;VERT COMPANHIA SECURITIZADORA;2028-03-15;S;DI1;DI de um dia;100.000000;4.500000;;S;N;
CLASSES - FIF;42.848.014/0001-00;BTG LEGATO VC FUNDO DE INVESTIMENTO FINANCEIRO MULTIMERCADO;2025-11-30;Debêntures;Debênture simples;N;Para negociação;;;;;1600.000000;1602047.55;;;PJ;13.783.221/0004-78;MADERO INDUSTRIA E COMERCIO S.A.;2030-11-25;S;DI1;DI de um dia;100.000000;2.250000;;S;N;
CLASSES - FIF;42.848.014/0001-00;BTG LEGATO VC FUNDO DE INVESTIMENTO FINANCEIRO MULTIMERCADO;2025-11-30;Títulos ligados ao agronegócio;CRA;N;Para negociação;;;;;2672.000000;2686476.38;;;PJ;02.773.542/0001-22;OPEA SECURITIZADORA S.A.;2028-10-17;S;DI1;DI de um dia;100.000000;5.500000;;S;N;
CLASSES - FIF;42.848.014/0001-00;BTG LEGATO VC FUNDO DE INVESTIMENTO FINANCEIRO MULTIMERCADO;2025-11-30;Títulos ligados ao agronegócio;CRA;N;Para negociação;;;;;2938.000000;1593736.52;;;PJ;10.753.164/0001-43;ECO SECURITIZADORA DE DIREITOS CREDITORIOS DO AGRO;2027-06-30;S;DI1;DI de um dia;100.000000;4.800000;;S;N;
CLASSES - FIF;42.848.014/0001-00;BTG LEGATO VC FUNDO DE INVESTIMENTO FINANCEIRO MULTIMERCADO;2025-11-30;Títulos ligados ao agronegócio;CRA;N;Para negociação;;;;;490.000000;2670532.57;;;PJ;10.753.164/0001-43;ECO SECURITIZADORA DE DIREITOS CREDITORIOS DO AGRO;2030-11-25;S;DI1;DI de um dia;100.000000;4.100000;;S;N;
CLASSES - FIF;42.865.157/0001-20;G5 ALLOCATION PREV CRÉDITO II FI FINANCEIRO - CI MULT CRED PRIV - RESP LIMITADA;2025-11-30;Debêntures;Debênture simples;N;Para negociação;;;;;1235.000000;431516.55;;;PJ;02.773.542/0001-22;Opea Securitiza;2025-12-03;S;DI1;DI de um dia;100.000000;5.849981;;S;N;
CLASSES - FIF;42.870.959/0001-28;AQUILA 7 CRÉDITO PRIVADO FI FINANCEIRO RENDA FIXA LONGO PRAZO - RESPONSABILIDADE LIMITADA;2025-11-30;Títulos de Crédito Privado;Nota Promissória/ Commercial Paper/ Export Note;N;Para negociação;;;;;1290.000000;1391673.19;;;PJ;33.000.167/0001-01;PETROLEO BRASILEIRO;2032-08-25;S;DI1;DI de um dia;100.000000;1.552934;;S;N;
CLASSES - FIF;42.904.893/0001-40;BOND I - FUNDO DE INVESTIMENTO FINANCEIRO MULTIMERCADO CRÉDITO PRIVADO RESPONSABILIDADE LIMITADA;2025-11-30;Títulos de Crédito Privado;Nota Promissória/ Commercial Paper/ Export Note;N;Para negociação;0.000000;0.00;0.000000;0.00;5995500.000000;25715827.91;;;PJ;71.677.646/0001-56;CREDIT SUISSE (BAHAMAS) LTD;2030-08-15;N;;;;;2.956301;N;N;
CLASSES - FIF;42.934.049/0001-61;CAPITÂNIA PREVIDENCE ITAÚ FIFE FIF RENDA FIXA CRÉDITO PRIVADO RESPONSABILIDADE LIMITADA;2025-11-30;Debêntures;Debênture simples;N;Para negociação;;;;;1805.000000;1694921.26;;;PJ;26.609.050/0001-64;TRAVESSIA SECURITIZADORA S.A.;2036-11-19;S;IAP;Índice de Preços ao Consumidor Amplo (IPCA/IBGE);100.000000;7.950000;;S;N;
CLASSES - FIF;42.934.049/0001-61;CAPITÂNIA PREVIDENCE ITAÚ FIFE FIF RENDA FIXA CRÉDITO PRIVADO RESPONSABILIDADE LIMITADA;2025-11-30;Títulos de Crédito Privado;Nota Promissória/ Commercial Paper/ Export Note;N;Para negociação;;;;;3615.000000;3894336.20;;;PJ;33.000.167/0001-01;PETROLEO BRASILEIRO S.A. PETROBRAS;2032-08-25;S;DI1;DI de um dia;100.000000;1.900000;;S;N;
CLASSES - FIF;43.103.846/0001-60;BTG PACTUAL CRÉDITO CORPORATIVO PREV IPCA FUNDO DE INVESTIMENTO RENDA FIXA CRÉDITO PRIVADO;2025-11-30;Debêntures;Debênture simples;N;Para negociação;;;;;727.000000;750920.51;;;PJ;21.480.839/0001-44;BRK AMBIENTAL - SUMARE S.A;2029-09-18;S;DI1;DI de um dia;100.000000;2.500000;;S;N;
CLASSES - FIF;43.103.846/0001-60;BTG PACTUAL CRÉDITO CORPORATIVO PREV IPCA FUNDO DE INVESTIMENTO RENDA FIXA CRÉDITO PRIVADO;2025-11-30;Debêntures;Debênture simples;N;Para negociação;;;;;1041.000000;1050884.38;;;PJ;55.085.811/0001-24;EXES SECURITIZADORA S.A.;2031-10-20;S;DI1;DI de um dia;100.000000;1.000000;;S;N;
CLASSES - FIF;43.103.846/0001-60;BTG PACTUAL CRÉDITO CORPORATIVO PREV IPCA FUNDO DE INVESTIMENTO RENDA FIXA CRÉDITO PRIVADO;2025-11-30;Títulos ligados ao agronegócio;CRA;N;Para negociação;;;;;258.000000;153008.71;;;PJ;10.753.164/0001-43;ECO SECURITIZADORA DE DIREITOS CREDITORIOS DO AGRO;2025-12-01;S;IAP;Índice de Preços ao Consumidor Amplo (IPCA/IBGE);100.000000;9.171800;;S;N;
CLASSES - FIF;43.103.846/0001-60;BTG PACTUAL CRÉDITO CORPORATIVO PREV IPCA FUNDO DE INVESTIMENTO RENDA FIXA CRÉDITO PRIVADO;2025-11-30;Títulos ligados ao agronegócio;CRA;N;Para negociação;;;;;887.000000;945765.19;;;PJ;10.753.164/0001-43;ECO SECURITIZADORA DE DIREITOS CREDITORIOS DO AGRO;2029-05-15;S;IAP;Índice de Preços ao Consumidor Amplo (IPCA/IBGE);100.000000;7.391300;;S;N;
CLASSES - FIF;43.143.750/0001-25;FAR NIENTE FUNDO DE INVESTIMENTO FINANCEIRO - RESPONSABILIDADE LIMITADA;2025-11-30;Debêntures;Debênture simples;N;Para negociação;;;;;993.000000;499510.33;;;PJ;07.415.333/0001-20;SIMPAR S.A.;2026-05-20;S;DI1;DI de um dia;100.000000;2.200000;;S;N;
CLASSES - FIF;43.143.750/0001-25;FAR NIENTE FUNDO DE INVESTIMENTO FINANCEIRO - RESPONSABILIDADE LIMITADA;2025-11-30;Títulos ligados ao agronegócio;CRA;N;Para negociação;;;;;1472.000000;1294654.40;;;PJ;41.811.375/0001-19;CANAL COMPANHIA DE SECURITIZAÇÃO;2033-03-15;S;IAP;Índice de Preços ao Consumidor Amplo (IPCA/IBGE);100.000000;11.000000;;S;N;
CLASSES - FIF;43.143.786/0001-09;INDIANAPOLIS FUNDO DE INVESTIMENTO FINANCEIRO - RESPONSABILIDADE LIMITADA;2025-11-30;Títulos ligados ao agronegócio;CRA;N;Para negociação;;;;;196.000000;172386.05;;;PJ;41.811.375/0001-19;CANAL COMPANHIA DE SECURITIZAÇÃO;2033-03-15;S;IAP;Índice de Preços ao Consumidor Amplo (IPCA/IBGE);100.000000;11.000000;;S;N;
CLASSES - FIF;43.165.151/0001-02;SALUS FUNDO DE INVESTIMENTO MULTIMERCADO CRÉDITO PRIVADO INVESTIMENTO NO EXTERIOR;2025-11-30;Títulos de Crédito Privado;Nota Promissória/ Commercial Paper/ Export Note;N;Para negociação;;;;;201500.000000;218477.59;;;PJ;45.512.461/0001-81;PRIME HOLDING;2031-05-12;S;DI1;DI de um dia;0.000000;18.000000;;N;N;
CLASSES - FIF;43.165.151/0001-02;SALUS FUNDO DE INVESTIMENTO MULTIMERCADO CRÉDITO PRIVADO INVESTIMENTO NO EXTERIOR;2025-11-30;Títulos de Crédito Privado;Nota Promissória/ Commercial Paper/ Export Note;N;Para negociação;;;;;201500.000000;216042.37;;;PJ;45.512.461/0001-81;PRIME HOLDING;2031-06-12;S;DI1;DI de um dia;0.000000;0.000000;;N;N;
CLASSES - FIF;43.165.151/0001-02;SALUS FUNDO DE INVESTIMENTO MULTIMERCADO CRÉDITO PRIVADO INVESTIMENTO NO EXTERIOR;2025-11-30;Títulos de Crédito Privado;Nota Promissória/ Commercial Paper/ Export Note;N;Para negociação;;;;;201500.000000;213958.75;;;PJ;45.512.461/0001-81;PRIME HOLDING;2031-07-12;S;DI1;DI de um dia;0.000000;0.000000;;N;N;
CLASSES - FIF;43.165.151/0001-02;SALUS FUNDO DE INVESTIMENTO MULTIMERCADO CRÉDITO PRIVADO INVESTIMENTO NO EXTERIOR;2025-11-30;Títulos de Crédito Privado;Nota Promissória/ Commercial Paper/ Export Note;N;Para negociação;;;;;201500.000000;211165.55;;;PJ;45.512.461/0001-81;PRIME HOLDING;2031-08-12;S;DI1;DI de um dia;0.000000;0.000000;;N;N;
CLASSES - FIF;43.165.151/0001-02;SALUS FUNDO DE INVESTIMENTO MULTIMERCADO CRÉDITO PRIVADO INVESTIMENTO NO EXTERIOR;2025-11-30;Títulos de Crédito Privado;Nota Promissória/ Commercial Paper/ Export Note;N;Para negociação;;;;;201500.000000;208408.63;;;PJ;45.512.461/0001-81;PRIME HOLDING;2031-09-12;S;DI1;DI de um dia;0.000000;0.000000;;N;N;
CLASSES - FIF;43.165.151/0001-02;SALUS FUNDO DE INVESTIMENTO MULTIMERCADO CRÉDITO PRIVADO INVESTIMENTO NO EXTERIOR;2025-11-30;Títulos de Crédito Privado;Nota Promissória/ Commercial Paper/ Export Note;N;Para negociação;;;;;201500.000000;205218.12;;;PJ;45.512.461/0001-81;PRIME HOLDING;2031-10-12;S;DI1;DI de um dia;0.000000;0.000000;;N;N;
CLASSES - FIF;43.165.151/0001-02;SALUS FUNDO DE INVESTIMENTO MULTIMERCADO CRÉDITO PRIVADO INVESTIMENTO NO EXTERIOR;2025-11-30;Títulos de Crédito Privado;Nota Promissória/ Commercial Paper/ Export Note;N;Para negociação;;;;;201500.000000;203350.57;;;PJ;45.512.461/0001-81;PRIME HOLDING;2031-11-12;S;DI1;DI de um dia;0.000000;0.000000;;N;N;
CLASSES - FIF;43.165.212/0001-31;MULTIPLICA OFFSHORE 6 FUNDO DE INVESTIMENTO MULTIMERCADO CREDITO PRIVADO INVESTIMENTO NO EXTERIOR LP;2025-11-30;Títulos ligados ao agronegócio;CRA;N;Para negociação;;;;;3.000000;2937.54;;;PJ;10.753.164/0001-43;ECOAGRO;2026-09-30;S;PRE;Taxa de juro prefixada;0.000000;0.000000;;S;N;
CLASSES - FIF;43.165.212/0001-31;MULTIPLICA OFFSHORE 6 FUNDO DE INVESTIMENTO MULTIMERCADO CREDITO PRIVADO INVESTIMENTO NO EXTERIOR LP;2025-11-30;Títulos ligados ao agronegócio;CRA;N;Para negociação;;;;;67.000000;372378.76;;;PJ;10.753.164/0001-43;ECO AGRO;2028-08-31;S;PRE;Taxa de juro prefixada;0.000000;0.000000;;S;N;
CLASSES - FIF;43.165.212/0001-31;MULTIPLICA OFFSHORE 6 FUNDO DE INVESTIMENTO MULTIMERCADO CREDITO PRIVADO INVESTIMENTO NO EXTERIOR LP;2025-11-30;Títulos ligados ao agronegócio;CRA;N;Para negociação;;;;;57.000000;62524.57;;;PJ;10.753.164/0001-43;ECO AGRO;2028-12-29;S;PRE;Taxa de juro prefixada;0.000000;0.000000;;S;N;
CLASSES - FIF;43.508.859/0001-19;TITANIUM HIGH YIELD FUNDO DE INVESTIMENTO FINANCEIRO RENDA FIXA;2025-11-30;Títulos ligados ao agronegócio;CRA;N;Para negociação;;;;;500.000000;298217.12;;;PJ;10.753.164/0001-43;ECO SECURITIZADORA DE DIREITOS CREDITORIOS DO AGRO;2028-05-15;S;DI1;DI de um dia;100.000000;3.000000;;S;N;
CLASSES - FIF;43.584.575/0001-01;AMARILLYS FUNDO DE INVESTIMENTO MULTIMERCADO;2025-11-30;Debêntures;Debênture simples;N;Para negociação;;;;;500.000000;502609.79;;;PJ;43.776.517/0001-80;COMPANHIA DE SANEAMENTO BASICO DO ESTADO DE SAO PA;2032-11-14;S;DI1;DI de um dia;100.000000;0.690000;;S;N;
CLASSES - FIF;43.619.743/0001-57;SANTANDER HAPVIDA ANS RENDA FIXA CRÉDITO PRIVADO - FUNDO DE INVESTIMENTO FINANCEIRO RESP LIMITADA;2025-11-30;Títulos de Crédito Privado;Nota Promissória/ Commercial Paper/ Export Note;N;Para negociação;;;;;1689.000000;1820075.45;;;PJ;15.139.629/0001-94;COELBA;2027-06-20;S;DI1;DI de um dia;100.000000;1.413421;;S;N;
CLASSES - FIF;43.810.010/0001-03;HAENA 808 FUNDO DE INVESTIMENTO FINANCEIRO MULTIMERCADO CRÉDITO PRIVADO INVESTIMENTO NO EXTERIOR;2025-11-30;Títulos de Crédito Privado;CCB;N;Para negociação;0.000000;0.00;0.000000;0.00;1.000000;91284505.92;;;PJ;11.581.339/0001-45;BMP SOCIEDADE DE CREDITO AO MICROEMPREENDEDOR E A EMPRESA DE PEQUENO PORTE LTDA;2026-02-24;S;DI1;DI de um dia;100.000000;4.000000;;S;N;
CLASSES - FIF;43.915.486/0001-09;RIZA LOTUS PLUS MASTER FUNDO DE INVESTIMENTO FINANCEIRO RENDA FIXA;2025-11-30;Debêntures;Debênture simples;N;Para negociação;;;;;4000.000000;4005118.80;;;PJ;37.368.334/0001-22;VERT PRIVATE PLACEMENTS COMPANHIA SECURITIZADORA;2029-10-24;S;DI1;DI de um dia;100.000000;2.250000;;S;N;
CLASSES - FIF;43.915.486/0001-09;RIZA LOTUS PLUS MASTER FUNDO DE INVESTIMENTO FINANCEIRO RENDA FIXA;2025-11-30;Debêntures;Debênture simples;N;Para negociação;;;;;533.000000;533834.66;;;PJ;37.368.334/0001-22;VERT PRIVATE PLACEMENTS COMPANHIA SECURITIZADORA;2029-10-24;S;DI1;DI de um dia;100.000000;6.000000;;S;N;
CLASSES - FIF;43.915.486/0001-09;RIZA LOTUS PLUS MASTER FUNDO DE INVESTIMENTO FINANCEIRO RENDA FIXA;2025-11-30;Debêntures;Debênture simples;N;Para negociação;;;;;10000.000000;10094950.86;;;PJ;55.085.811/0001-24;EXES SECURITIZADORA S.A.;2031-10-20;S;DI1;DI de um dia;100.000000;1.000000;;S;N;
CLASSES - FIF;43.915.486/0001-09;RIZA LOTUS PLUS MASTER FUNDO DE INVESTIMENTO FINANCEIRO RENDA FIXA;2025-11-30;Títulos ligados ao agronegócio;CRA;N;Para negociação;;;;;1500.000000;1503899.92;;;PJ;08.769.451/0001-08;VIRGO COMPANHIA DE SECURITIZACAO;2032-09-22;S;DI1;DI de um dia;100.000000;2.500000;;S;N;
CLASSES - FIF;43.915.486/0001-09;RIZA LOTUS PLUS MASTER FUNDO DE INVESTIMENTO FINANCEIRO RENDA FIXA;2025-11-30;Títulos ligados ao agronegócio;CRA;N;Para negociação;;;;;3474.000000;3483032.21;;;PJ;08.769.451/0001-08;VIRGO COMPANHIA DE SECURITIZACAO;2033-09-22;S;DI1;DI de um dia;100.000000;2.500000;;S;N;
CLASSES - FIF;43.960.245/0001-73;AMW ISIS MASTER FUNDO DE INVESTIMENTO FINANCEIRO;2025-11-30;Debêntures;Debênture simples;N;Para negociação;;;;;500.000000;501089.93;;;PJ;52.890.908/0001-11;ARTESANAL SECURITIZADORA DE CREDITOS S.A.;2028-06-22;S;DI1;DI de um dia;100.000000;4.500000;;S;N;
CLASSES - FIF;43.960.245/0001-73;AMW ISIS MASTER FUNDO DE INVESTIMENTO FINANCEIRO;2025-11-30;Debêntures;Debênture simples;N;Para negociação;;;;;828.000000;835451.90;;;PJ;82.508.433/0001-17;CIA CATARINENSE AGUAS SANEAMENTO CASAN;2030-04-15;S;DI1;DI de um dia;100.000000;2.300000;;S;N;
CLASSES - FIF;43.960.245/0001-73;AMW ISIS MASTER FUNDO DE INVESTIMENTO FINANCEIRO;2025-11-30;Debêntures;Debênture simples;N;Para negociação;;;;;1586.000000;1633983.77;;;PJ;08.294.224/0001-65;JHSF PARTICIPACOES SA;2028-09-15;S;DI1;DI de um dia;100.000000;1.450000;;S;N;
CLASSES - FIF;43.960.245/0001-73;AMW ISIS MASTER FUNDO DE INVESTIMENTO FINANCEIRO;2025-11-30;Debêntures;Debênture simples;N;Para negociação;;;;;322.000000;341326.22;;;PJ;08.926.302/0001-05;PRIO FORTE S.A.;2030-07-15;S;DI1;DI de um dia;100.000000;1.450000;;S;N;
CLASSES - FIF;43.961.015/0001-29;B2C WAREHOUSE FUNDO DE INVESTIMENTO FINANCEIRO;2025-11-30;Títulos de Crédito Privado;CCB;N;Para negociação;;;;;1.000000;122754.44;;;PJ;21.009.700/0001-17;TRINUS CO. PARTICIPACOES S.A;2044-03-01;S;IAP;Índice de Preços ao Consumidor Amplo (IPCA/IBGE);100.000000;12.680000;;S;N;
CLASSES - FIF;43.961.015/0001-29;B2C WAREHOUSE FUNDO DE INVESTIMENTO FINANCEIRO;2025-11-30;Títulos de Crédito Privado;CCB;N;Para negociação;;;;;1.000000;209623.20;;;PJ;21.009.700/0001-17;TRINUS CO. PARTICIPACOES S.A;2043-08-10;S;IAP;Índice de Preços ao Consumidor Amplo (IPCA/IBGE);100.000000;12.680000;;S;N;
CLASSES - FIF;43.961.015/0001-29;B2C WAREHOUSE FUNDO DE INVESTIMENTO FINANCEIRO;2025-11-30;Títulos de Crédito Privado;CCB;N;Para negociação;;;;;1.000000;135680.43;;;PJ;21.009.700/0001-17;TRINUS CO. PARTICIPACOES S.A;2044-07-11;S;IAP;Índice de Preços ao Consumidor Amplo (IPCA/IBGE);100.000000;12.680000;;S;N;
CLASSES - FIF;43.961.015/0001-29;B2C WAREHOUSE FUNDO DE INVESTIMENTO FINANCEIRO;2025-11-30;Títulos de Crédito Privado;CCI;N;Para negociação;;;;;1.000000;0.00;;;PJ;21.226.421/0001-05;COIMBRA R 220 EMPRENDIMENTOS IMOBILIARIO;2029-04-10;S;IGM;Índice Geral de Preços-Mercado (IGP-M);100.000000;12.000000;;S;N;
CLASSES - FIF;43.961.015/0001-29;B2C WAREHOUSE FUNDO DE INVESTIMENTO FINANCEIRO;2025-11-30;Títulos de Crédito Privado;CCI;N;Para negociação;;;;;1.000000;0.00;;;PJ;21.226.421/0001-05;COIMBRA R 220 EMPRENDIMENTOS IMOBILIARIO;2029-06-15;S;IGM;Índice Geral de Preços-Mercado (IGP-M);100.000000;12.000000;;S;N;
CLASSES - FIF;43.961.015/0001-29;B2C WAREHOUSE FUNDO DE INVESTIMENTO FINANCEIRO;2025-11-30;Títulos de Crédito Privado;CCI;N;Para negociação;;;;;1.000000;0.00;;;PJ;21.226.421/0001-05;COIMBRA R 220 EMPRENDIMENTOS IMOBILIARIO;2027-04-20;S;IGM;Índice Geral de Preços-Mercado (IGP-M);100.000000;12.000000;;S;N;
CLASSES - FIF;43.961.015/0001-29;B2C WAREHOUSE FUNDO DE INVESTIMENTO FINANCEIRO;2025-11-30;Títulos de Crédito Privado;CCI;N;Para negociação;;;;;1.000000;0.00;;;PJ;21.226.421/0001-05;COIMBRA R 220 EMPRENDIMENTOS IMOBILIARIO;2029-01-25;S;IGM;Índice Geral de Preços-Mercado (IGP-M);100.000000;12.000000;;S;N;
CLASSES - FIF;43.961.015/0001-29;B2C WAREHOUSE FUNDO DE INVESTIMENTO FINANCEIRO;2025-11-30;Títulos de Crédito Privado;CCI;N;Para negociação;;;;;1.000000;384024.44;;;PJ;32.402.502/0001-35;QI SOCIEDADEDE CREDITODIRETO SA;2030-07-17;S;IAP;Índice de Preços ao Consumidor Amplo (IPCA/IBGE);100.000000;15.252700;;S;N;
CLASSES - FIF;44.283.966/0001-59;WARREN FO TÁTICO RF1 FUNDO DE INVESTIMENTO MULTIMERCADO CRÉDITO PRIVADO;2025-11-30;Debêntures;Debênture simples;N;Para negociação;;;;;3083.000000;3110746.61;;;PJ;82.508.433/0001-17;CIA CATARINENSE AGUAS SANEAMENTO CASAN;2030-04-15;S;DI1;DI de um dia;100.000000;2.300000;;S;N;
CLASSES - FIF;44.283.966/0001-59;WARREN FO TÁTICO RF1 FUNDO DE INVESTIMENTO MULTIMERCADO CRÉDITO PRIVADO;2025-11-30;Debêntures;Debênture simples;N;Para negociação;;;;;1722.000000;1776307.32;;;PJ;10.324.624/0001-18;CONCESSAO METROVIARIA RIO JANEIRO SA;2042-03-15;S;IAP;Índice de Preços ao Consumidor Amplo (IPCA/IBGE);100.000000;7.886800;;S;N;
CLASSES - FIF;44.283.966/0001-59;WARREN FO TÁTICO RF1 FUNDO DE INVESTIMENTO MULTIMERCADO CRÉDITO PRIVADO;2025-11-30;Debêntures;Debênture simples;N;Para negociação;;;;;2880.000000;3052855.62;;;PJ;08.926.302/0001-05;PRIO FORTE S.A.;2030-07-15;S;DI1;DI de um dia;100.000000;1.450000;;S;N;
CLASSES - FIF;44.283.966/0001-59;WARREN FO TÁTICO RF1 FUNDO DE INVESTIMENTO MULTIMERCADO CRÉDITO PRIVADO;2025-11-30;Debêntures;Debênture simples;N;Para negociação;;;;;3069.000000;3241091.43;;;PJ;08.926.302/0001-05;PRIO FORTE S.A.;2032-07-15;S;DI1;DI de um dia;100.000000;1.600000;;S;N;
CLASSES - FIF;44.315.944/0001-23;BB AFAM CAPITAL II FUNDO DE INVESTIMENTO FINANCEIRO MULTIMERCADO CRÉDITO PRIVADO LONGO PRAZO;2025-11-30;Debêntures;Debênture Permutável;N;Para negociação;;;;;1024.000000;42598.90;;;PJ;01.599.101/0001-93;SEQUOIA LOGÍSTICA E TRANSPORTES S.A.;2025-12-31;S;PRE;Taxa de juro prefixada;100.000000;12.682500;;S;N;
CLASSES - FIF;44.417.248/0001-28;WHISKY INFRA FUNDO INCENTIVADO DE INVESTIMENTO FINANCEIRO EM INFRAESTRUTURA RENDA FIXA;2025-11-30;Debêntures;Debênture simples;N;Para negociação;;;;;231.000000;228836.15;;;PJ;06.981.180/0001-16;CEMIG DISTRIBUICAO S.A;2037-10-15;S;IAP;Índice de Preços ao Consumidor Amplo (IPCA/IBGE);100.000000;6.941443;;S;N;
CLASSES - FIF;44.417.248/0001-28;WHISKY INFRA FUNDO INCENTIVADO DE INVESTIMENTO FINANCEIRO EM INFRAESTRUTURA RENDA FIXA;2025-11-30;Debêntures;Debênture simples;N;Para negociação;;;;;472.000000;465675.25;;;PJ;07.714.104/0001-07;GIGA MAIS FIBRA TELECOMUNICACOES S.A.;2031-10-15;S;IAP;Índice de Preços ao Consumidor Amplo (IPCA/IBGE);100.000000;10.347900;;S;N;
CLASSES - FIF;44.417.248/0001-28;WHISKY INFRA FUNDO INCENTIVADO DE INVESTIMENTO FINANCEIRO EM INFRAESTRUTURA RENDA FIXA;2025-11-30;Debêntures;Debênture simples;N;Para negociação;;;;;385.000000;388655.61;;;PJ;55.085.811/0001-24;EXES SECURITIZADORA S.A.;2031-10-20;S;DI1;DI de um dia;100.000000;1.000000;;S;N;
CLASSES - FIF;44.435.340/0001-10;WALL FUNDO DE INVESTIMENTO FINANCEIRO MULTIMERCADO CRÉDITO PRIVADO RESPONSABILIDADE LIMITADA;2025-11-30;Títulos ligados ao agronegócio;CRA;N;Para negociação;;;;;1098.000000;1101181.71;;;PJ;10.753.164/0001-43;ECO SECURITIZADORA D C AGRONEGOCIO;2030-11-18;S;OUT;OUTROS;105.000000;0.000000;;S;N;
CLASSES - FIF;44.574.326/0001-06;RIZA EVI MASTER PREVIDENCIA FUNDO DE INVESTIMENTO FINANCEIRO MULTIMERCADO;2025-11-30;Debêntures;Debênture simples;N;Para negociação;;;;;3800.000000;3804862.86;;;PJ;37.368.334/0001-22;VERT PRIVATE PLACEMENTS COMPANHIA SECURITIZADORA;2029-10-24;S;DI1;DI de um dia;100.000000;2.250000;;S;N;
CLASSES - FIF;44.574.326/0001-06;RIZA EVI MASTER PREVIDENCIA FUNDO DE INVESTIMENTO FINANCEIRO MULTIMERCADO;2025-11-30;Debêntures;Debênture simples;N;Para negociação;;;;;507.000000;507793.94;;;PJ;37.368.334/0001-22;VERT PRIVATE PLACEMENTS COMPANHIA SECURITIZADORA;2029-10-24;S;DI1;DI de um dia;100.000000;6.000000;;S;N;
CLASSES - FIF;44.574.326/0001-06;RIZA EVI MASTER PREVIDENCIA FUNDO DE INVESTIMENTO FINANCEIRO MULTIMERCADO;2025-11-30;Títulos ligados ao agronegócio;CRA;N;Para negociação;;;;;3284.000000;3292538.22;;;PJ;08.769.451/0001-08;VIRGO COMPANHIA DE SECURITIZACAO;2033-09-22;S;DI1;DI de um dia;100.000000;2.500000;;S;N;
CLASSES - FIF;44.702.955/0001-66;G5 LIBERTY FIF - CLASSE DE INVESTIMENTO MULTIMERCADO CRÉDITO PRIVADO - RESPONSABILIDADE LIMITADA;2025-11-30;Debêntures;Debênture simples;N;Para negociação;;;;;850.000000;296995.19;;;PJ;02.773.542/0001-22;Opea Securitiza;2025-12-03;S;DI1;DI de um dia;100.000000;5.849999;;S;N;
CLASSES - FIF;44.835.820/0001-79;CAP PREV INFLAÇÃO 30 ADV XP SEG FIF RENDA FIXA CRÉDITO PRIVADO FIFE - RESPONSABILIDADE LIMITADA;2025-11-30;Debêntures;Debênture simples;N;Para negociação;;;;;507.000000;475479.00;;;PJ;26.609.050/0001-64;TRAVESSIA SECURITIZADORA SA;2036-11-19;S;IAP;Índice de Preços ao Consumidor Amplo (IPCA/IBGE);100.000000;8.619738;;S;N;
CLASSES - FIF;44.967.444/0001-76;INTEGRAL CASH FUNDO DE INVESTIMENTO FINANCEIRO RENDA FIXA;2025-11-30;Debêntures;Debênture simples;N;Para negociação;;;;;340.000000;342040.45;;;PJ;61.585.865/0001-51;RAIA DROGASIL S/A;2032-11-10;S;DI1;DI de um dia;100.000000;0.470000;;S;N;
CLASSES - FIF;45.085.918/0001-19;BELA ESPERANCA CAPITAL FUNDO DE INVESTIMENTO FINANCEIRO MULTI CP RESPONSABILIDADE LIMITADA;2025-11-30;Títulos ligados ao agronegócio;CPR;N;Para negociação;0.000000;0.00;0.000000;0.00;1.000000;5494954.98;;;PJ;01.259.507/0001-27;BELA ESPERANCA AGROPECUARIA EMPREENDIMENTOS E PART LTDA;2030-04-10;N;;;;;1.000000;N;N;
CLASSES - FIF;45.295.157/0001-20;VALORA ARKA FUNDO DE INVESTIMENTO FINANCEIRO MULTIMERCADO;2025-11-30;Títulos ligados ao agronegócio;CRA;N;Para negociação;;;;;1500.000000;1177745.67;;;PJ;02.773.542/0001-22;OPEA SECURITIZADORA S.A.;2028-03-09;S;DI1;DI de um dia;100.000000;4.000000;;S;N;
CLASSES - FIF;45.295.157/0001-20;VALORA ARKA FUNDO DE INVESTIMENTO FINANCEIRO MULTIMERCADO;2025-11-30;Títulos ligados ao agronegócio;CRA;N;Para negociação;;;;;2000.000000;1615910.82;;;PJ;04.200.649/0001-07;COMPANHIA PROVINCIA DE SECURITIZACAO;2029-06-07;S;DI1;DI de um dia;100.000000;4.000000;;S;N;
CLASSES - FIF;45.295.157/0001-20;VALORA ARKA FUNDO DE INVESTIMENTO FINANCEIRO MULTIMERCADO;2025-11-30;Títulos ligados ao agronegócio;CRA;N;Para negociação;;;;;500.000000;500358.29;;;PJ;04.200.649/0001-07;COMPANHIA PROVINCIA DE SECURITIZACAO;2029-07-25;S;DI1;DI de um dia;100.000000;4.250000;;S;N;
CLASSES - FIF;45.295.157/0001-20;VALORA ARKA FUNDO DE INVESTIMENTO FINANCEIRO MULTIMERCADO;2025-11-30;Títulos ligados ao agronegócio;CRA;N;Para negociação;;;;;350.000000;359886.42;;;PJ;10.753.164/0001-43;ECO SECURITIZADORA DE DIREITOS CREDITORIOS DO AGRO;2029-12-17;S;DI1;DI de um dia;100.000000;4.000000;;S;N;
CLASSES - FIF;45.338.804/0001-33;SAM FASC RENDA FIXA - FUNDO DE INVESTIMENTO FINANCEIRO RESPONSABILIDADE LIMITADA;2025-11-30;Debêntures;Debênture simples;N;Para negociação;;;;;631.000000;634293.56;;;PJ;43.776.517/0001-80;CIA SANEAMENTO BASICO EST SAO PAULO;2032-11-14;S;DI1;DI de um dia;100.000000;0.690000;;S;N;
CLASSES - FIF;45.383.950/0001-80;G5 CANITHIZE FIF - CLASSE DE INVESTIMENTO MULTIMERCADO CRÉDITO PRIVADO - RESPONSABILIDADE LIMITADA;2025-11-30;Debêntures;Debênture simples;N;Para negociação;;;;;550.000000;192173.36;;;PJ;02.773.542/0001-22;Opea Securitiza;2025-12-03;S;DI1;DI de um dia;100.000000;5.849999;;S;N;
CLASSES - FIF;45.642.714/0001-31;SULAMÉRICA PREV CRÉDITO ESG ITAÚ MASTER INVESTIMENTO SUSTENTÁVEL FIF RF CRÉD PRIV RESP LIMITADA;2025-11-30;Títulos de Crédito Privado;Nota Promissória/ Commercial Paper/ Export Note;N;Para negociação;;;;;9642.000000;10258108.13;;;PJ;33.000.167/0001-01;PETROLEO BRASILEIRO S.A. PETROBRAS;2030-02-25;S;DI1;DI de um dia;100.000000;1.650000;;S;N;
CLASSES - FIF;45.642.714/0001-31;SULAMÉRICA PREV CRÉDITO ESG ITAÚ MASTER INVESTIMENTO SUSTENTÁVEL FIF RF CRÉD PRIV RESP LIMITADA;2025-11-30;Títulos de Crédito Privado;Nota Promissória/ Commercial Paper/ Export Note;N;Para negociação;;;;;3002.000000;3242254.06;;;PJ;15.139.629/0001-94;CIA ELETRICIDADE ESTADO BAHIA;2028-12-20;S;DI1;DI de um dia;100.000000;1.490000;;S;N;
CLASSES - FIF;45.682.244/0001-30;PORTO RENDA FIXA SELECTION PREVIDÊNCIA FUNDO DE INVESTIMENTO RENDA FIXA;2025-11-30;Debêntures;Debênture simples;N;Para negociação;;;;;1950.000000;1967479.47;;;PJ;08.402.943/0001-52;GUARARAPES CONFECCOES S/A;2028-10-15;S;DI1;DI de um dia;100.000000;1.003300;;S;N;
CLASSES - FIF;45.722.996/0001-87;ITAÚ BTG PACTUAL CRÉDITO CORPORATIVO IPCA PREV FIF RENDA FIXA CRÉDITO PRIVADO RESP LIMITADA;2025-11-30;Debêntures;Debênture simples;N;Para negociação;;;;;227.000000;229155.39;;;PJ;55.085.811/0001-24;EXES SECURITIZADORA SA;2031-10-20;S;DI1;DI de um dia;100.000000;1.000000;;S;N;
CLASSES - FIF;45.722.996/0001-87;ITAÚ BTG PACTUAL CRÉDITO CORPORATIVO IPCA PREV FIF RENDA FIXA CRÉDITO PRIVADO RESP LIMITADA;2025-11-30;Títulos de Crédito Privado;Nota Promissória/ Commercial Paper/ Export Note;N;Para negociação;;;;;37.000000;39042.95;;;PJ;50.746.577/0001-15;COSAN SA INDUSTRIA E COMERCIO;2031-01-30;S;DI1;DI de um dia;100.000000;1.800000;;S;N;
CLASSES - FIF;45.726.917/0001-06;SUL AMÉRICA PRESTIGE STRATEGIE ITAÚ MASTER FIF RENDA FIXA CRÉDITO PRIVADO RESP LIMITADA;2025-11-30;Títulos de Crédito Privado;Nota Promissória/ Commercial Paper/ Export Note;N;Para negociação;;;;;1576.000000;1676703.84;;;PJ;33.000.167/0001-01;PETROLEO BRASILEIRO S.A. PETROBRAS;2030-02-25;S;DI1;DI de um dia;100.000000;1.650000;;S;N;
CLASSES - FIF;45.829.675/0001-86;GMZ FUNDO DE INVESTIMENTO FINANCEIRO - CLASSE DE INVESTIMENTO MULTIMERCADO CP RESP LIMITADA;2025-11-30;Títulos de Crédito Privado;CCB;N;Para negociação;0.000000;0.00;0.000000;0.00;1.000000;646978.38;;;PJ;27.652.684/0001-62;GENIALBM;2026-09-25;S;DI1;DI de um dia;100.000000;0.000000;;S;N;
CLASSES - FIF;45.829.675/0001-86;GMZ FUNDO DE INVESTIMENTO FINANCEIRO - CLASSE DE INVESTIMENTO MULTIMERCADO CP RESP LIMITADA;2025-11-30;Títulos de Crédito Privado;CCI;N;Para negociação;0.000000;0.00;0.000000;0.00;1.000000;1023858.70;;;PJ;27.652.684/0001-62;GENIALBM;2027-11-08;S;DI1;DI de um dia;100.000000;0.000000;;S;N;
CLASSES - FIF;46.099.626/0001-06;ARX PREVIDENCIÁRIO S FI FINANCEIRO RENDA FIXA CRÉDITO PRIVADO - RESPONSABILIDADE LIMITADA;2025-11-30;Debêntures;Debênture simples;N;Para negociação;;;;;11400.000000;11508724.06;;;PJ;55.085.811/0001-24;ÉXES SECURITIZADORA S.A.;2031-10-20;S;DI1;DI de um dia;100.000000;1.121225;;S;N;
CLASSES - FIF;46.099.626/0001-06;ARX PREVIDENCIÁRIO S FI FINANCEIRO RENDA FIXA CRÉDITO PRIVADO - RESPONSABILIDADE LIMITADA;2025-11-30;Títulos de Crédito Privado;Nota Promissória/ Commercial Paper/ Export Note;N;Para negociação;;;;;1106.000000;1174848.65;;;PJ;50.746.577/0001-15;COSAN SA INDUSTRIA E COMERCIO;2031-01-30;S;DI1;DI de um dia;100.000000;1.804343;;S;N;
CLASSES - FIF;46.099.626/0001-06;ARX PREVIDENCIÁRIO S FI FINANCEIRO RENDA FIXA CRÉDITO PRIVADO - RESPONSABILIDADE LIMITADA;2025-11-30;Títulos de Crédito Privado;Nota Promissória/ Commercial Paper/ Export Note;N;Para negociação;;;;;720.000000;779886.03;;;PJ;50.746.577/0001-15;COSAN SA INDUSTRIA E COMERCIO;2028-12-27;S;DI1;DI de um dia;100.000000;1.733457;;S;N;
CLASSES - FIF;46.099.626/0001-06;ARX PREVIDENCIÁRIO S FI FINANCEIRO RENDA FIXA CRÉDITO PRIVADO - RESPONSABILIDADE LIMITADA;2025-11-30;Títulos de Crédito Privado;Nota Promissória/ Commercial Paper/ Export Note;N;Para negociação;;;;;4653.000000;5040013.44;;;PJ;50.746.577/0001-15;COSAN SA INDUSTRIA E COMERCIO;2028-12-27;S;DI1;DI de um dia;100.000000;1.754087;;S;N;
CLASSES - FIF;46.099.626/0001-06;ARX PREVIDENCIÁRIO S FI FINANCEIRO RENDA FIXA CRÉDITO PRIVADO - RESPONSABILIDADE LIMITADA;2025-11-30;Títulos de Crédito Privado;Nota Promissória/ Commercial Paper/ Export Note;N;Para negociação;;;;;973.000000;1053929.31;;;PJ;50.746.577/0001-15;COSAN SA INDUSTRIA E COMERCIO;2028-12-27;S;DI1;DI de um dia;100.000000;1.732747;;S;N;
CLASSES - FIF;46.099.626/0001-06;ARX PREVIDENCIÁRIO S FI FINANCEIRO RENDA FIXA CRÉDITO PRIVADO - RESPONSABILIDADE LIMITADA;2025-11-30;Títulos de Crédito Privado;Nota Promissória/ Commercial Paper/ Export Note;N;Para negociação;;;;;4870.000000;5275062.42;;;PJ;50.746.577/0001-15;COSAN SA INDUSTRIA E COMERCIO;2028-12-27;S;DI1;DI de um dia;100.000000;1.759578;;S;N;
CLASSES - FIF;46.099.626/0001-06;ARX PREVIDENCIÁRIO S FI FINANCEIRO RENDA FIXA CRÉDITO PRIVADO - RESPONSABILIDADE LIMITADA;2025-11-30;Títulos de Crédito Privado;Nota Promissória/ Commercial Paper/ Export Note;N;Para negociação;;;;;1943.000000;2104609.10;;;PJ;50.746.577/0001-15;COSAN SA INDUSTRIA E COMERCIO;2028-12-27;S;DI1;DI de um dia;100.000000;1.742867;;S;N;
CLASSES - FIF;46.099.626/0001-06;ARX PREVIDENCIÁRIO S FI FINANCEIRO RENDA FIXA CRÉDITO PRIVADO - RESPONSABILIDADE LIMITADA;2025-11-30;Títulos de Crédito Privado;Nota Promissória/ Commercial Paper/ Export Note;N;Para negociação;;;;;4415.000000;4770457.40;;;PJ;10.835.932/0001-08;CELPE - CIA ENERGÉTICA DE PERNAMBUC;2028-12-20;S;DI1;DI de um dia;100.000000;1.380184;;S;N;
CLASSES - FIF;46.099.626/0001-06;ARX PREVIDENCIÁRIO S FI FINANCEIRO RENDA FIXA CRÉDITO PRIVADO - RESPONSABILIDADE LIMITADA;2025-11-30;Títulos de Crédito Privado;Nota Promissória/ Commercial Paper/ Export Note;N;Para negociação;;;;;3343.000000;3612274.57;;;PJ;15.139.629/0001-94;CIA ELETRICIDADE ESTADO BAHIA COELB;2028-12-20;S;DI1;DI de um dia;100.000000;1.339308;;S;N;
CLASSES - FIF;46.099.626/0001-06;ARX PREVIDENCIÁRIO S FI FINANCEIRO RENDA FIXA CRÉDITO PRIVADO - RESPONSABILIDADE LIMITADA;2025-11-30;Títulos de Crédito Privado;Nota Promissória/ Commercial Paper/ Export Note;N;Para negociação;;;;;3542.000000;3827303.78;;;PJ;15.139.629/0001-94;CIA ELETRICIDADE ESTADO BAHIA COELB;2028-12-20;S;DI1;DI de um dia;100.000000;1.333980;;S;N;
CLASSES - FIF;46.099.626/0001-06;ARX PREVIDENCIÁRIO S FI FINANCEIRO RENDA FIXA CRÉDITO PRIVADO - RESPONSABILIDADE LIMITADA;2025-11-30;Títulos de Crédito Privado;Nota Promissória/ Commercial Paper/ Export Note;N;Para negociação;;;;;4900.000000;4962797.92;;;PJ;10.647.979/0001-48;CONCESSIONARIA ROTA DAS BANDEIRAS S;2027-10-28;S;DI1;DI de um dia;100.000000;0.699991;;S;N;
CLASSES - FIF;46.332.105/0001-49;KINEA BVP FIFE FI FINANCEIRO - CI MULT CRED PRIV - RESP LIMITADA;2025-11-30;Debêntures;Debênture simples;N;Para negociação;;;;;12991.000000;13122936.63;;;PJ;43.776.517/0001-80;SABESP;2035-11-14;S;DI1;DI de um dia;100.000000;0.884384;;S;N;
CLASSES - FIF;46.332.105/0001-49;KINEA BVP FIFE FI FINANCEIRO - CI MULT CRED PRIV - RESP LIMITADA;2025-11-30;Debêntures;Debênture simples;N;Para negociação;;;;;13024.000000;13091979.72;;;PJ;43.776.517/0001-80;SABESP;2032-11-14;S;DI1;DI de um dia;100.000000;0.690000;;S;N;
CLASSES - FIF;46.332.105/0001-49;KINEA BVP FIFE FI FINANCEIRO - CI MULT CRED PRIV - RESP LIMITADA;2025-11-30;Debêntures;Debênture simples;N;Para negociação;;;;;2183.000000;2186736.64;;;PJ;61.585.865/0001-51;RAIA DROGASIL S;2032-11-10;S;DI1;DI de um dia;100.000000;0.457877;;S;N;
CLASSES - FIF;46.332.105/0001-49;KINEA BVP FIFE FI FINANCEIRO - CI MULT CRED PRIV - RESP LIMITADA;2025-11-30;Debêntures;Debênture simples;N;Para negociação;;;;;9886.000000;9981074.13;;;PJ;55.085.811/0001-24;EXES SECURITIZA;2031-10-20;S;DI1;DI de um dia;100.000000;0.999999;;S;N;
CLASSES - FIF;46.332.105/0001-49;KINEA BVP FIFE FI FINANCEIRO - CI MULT CRED PRIV - RESP LIMITADA;2025-11-30;Debêntures;Debênture simples;N;Para negociação;;;;;5074.000000;5119482.46;;;PJ;08.402.943/0001-52;GUARARAPES CONF;2028-10-15;S;DI1;DI de um dia;100.000000;0.975546;;S;N;
CLASSES - FIF;46.332.105/0001-49;KINEA BVP FIFE FI FINANCEIRO - CI MULT CRED PRIV - RESP LIMITADA;2025-11-30;Debêntures;Debênture simples;N;Para negociação;;;;;1481.000000;517470.45;;;PJ;02.773.542/0001-22;Opea Securitiza;2025-12-03;S;DI1;DI de um dia;100.000000;5.499077;;S;N;
CLASSES - FIF;46.332.105/0001-49;KINEA BVP FIFE FI FINANCEIRO - CI MULT CRED PRIV - RESP LIMITADA;2025-11-30;Debêntures;Debênture simples;N;Para negociação;;;;;929.000000;324598.28;;;PJ;02.773.542/0001-22;Opea Securitiza;2025-12-03;S;DI1;DI de um dia;100.000000;5.847735;;S;N;
CLASSES - FIF;46.332.105/0001-49;KINEA BVP FIFE FI FINANCEIRO - CI MULT CRED PRIV - RESP LIMITADA;2025-11-30;Debêntures;Debênture simples;N;Para negociação;;;;;982.000000;343116.80;;;PJ;02.773.542/0001-22;Opea Securitiza;2025-12-03;S;DI1;DI de um dia;100.000000;5.853709;;S;N;
CLASSES - FIF;46.332.105/0001-49;KINEA BVP FIFE FI FINANCEIRO - CI MULT CRED PRIV - RESP LIMITADA;2025-11-30;Debêntures;Debênture simples;N;Para negociação;;;;;2074.000000;724668.27;;;PJ;02.773.542/0001-22;Opea Securitiza;2025-12-03;S;DI1;DI de um dia;100.000000;5.853091;;S;N;
CLASSES - FIF;46.332.105/0001-49;KINEA BVP FIFE FI FINANCEIRO - CI MULT CRED PRIV - RESP LIMITADA;2025-11-30;Debêntures;Debênture simples;N;Para negociação;;;;;1429.000000;499301.33;;;PJ;02.773.542/0001-22;Opea Securitiza;2025-12-03;S;DI1;DI de um dia;100.000000;5.847104;;S;N;
CLASSES - FIF;46.332.105/0001-49;KINEA BVP FIFE FI FINANCEIRO - CI MULT CRED PRIV - RESP LIMITADA;2025-11-30;Debêntures;Debênture simples;N;Para negociação;;;;;5395.000000;1885045.97;;;PJ;02.773.542/0001-22;Opea Securitiza;2025-12-03;S;DI1;DI de um dia;100.000000;5.847605;;S;N;
CLASSES - FIF;46.332.105/0001-49;KINEA BVP FIFE FI FINANCEIRO - CI MULT CRED PRIV - RESP LIMITADA;2025-11-30;Debêntures;Debênture simples;N;Para negociação;;;;;27.000000;9433.97;;;PJ;02.773.542/0001-22;Opea Securitiza;2025-12-03;S;DI1;DI de um dia;100.000000;5.847293;;S;N;
CLASSES - FIF;46.332.105/0001-49;KINEA BVP FIFE FI FINANCEIRO - CI MULT CRED PRIV - RESP LIMITADA;2025-11-30;Debêntures;Debênture simples;N;Para negociação;;;;;101.000000;35290.02;;;PJ;02.773.542/0001-22;Opea Securitiza;2025-12-03;S;DI1;DI de um dia;100.000000;5.847165;;S;N;
CLASSES - FIF;46.332.105/0001-49;KINEA BVP FIFE FI FINANCEIRO - CI MULT CRED PRIV - RESP LIMITADA;2025-11-30;Títulos de Crédito Privado;Nota Promissória/ Commercial Paper/ Export Note;N;Para negociação;;;;;103.000000;106309.54;;;PJ;07.594.978/0001-78;SMARTFIT ESCOL;2029-04-05;S;DI1;DI de um dia;100.000000;0.950243;;S;N;
CLASSES - FIF;46.332.105/0001-49;KINEA BVP FIFE FI FINANCEIRO - CI MULT CRED PRIV - RESP LIMITADA;2025-11-30;Títulos de Crédito Privado;Nota Promissória/ Commercial Paper/ Export Note;N;Para negociação;;;;;3157.000000;3258438.89;;;PJ;07.594.978/0001-78;SMARTFIT ESCOL;2029-04-05;S;DI1;DI de um dia;100.000000;0.949901;;S;N;
CLASSES - FIF;46.332.105/0001-49;KINEA BVP FIFE FI FINANCEIRO - CI MULT CRED PRIV - RESP LIMITADA;2025-11-30;Títulos de Crédito Privado;Nota Promissória/ Commercial Paper/ Export Note;N;Para negociação;;;;;720.000000;743134.62;;;PJ;07.594.978/0001-78;SMARTFIT ESCOL;2029-04-05;S;DI1;DI de um dia;100.000000;0.927695;;S;N;
CLASSES - FIF;46.332.105/0001-49;KINEA BVP FIFE FI FINANCEIRO - CI MULT CRED PRIV - RESP LIMITADA;2025-11-30;Títulos de Crédito Privado;Nota Promissória/ Commercial Paper/ Export Note;N;Para negociação;;;;;36.000000;37156.73;;;PJ;07.594.978/0001-78;SMARTFIT ESCOL;2029-04-05;S;DI1;DI de um dia;100.000000;0.953714;;S;N;
CLASSES - FIF;46.332.105/0001-49;KINEA BVP FIFE FI FINANCEIRO - CI MULT CRED PRIV - RESP LIMITADA;2025-11-30;Títulos de Crédito Privado;Nota Promissória/ Commercial Paper/ Export Note;N;Para negociação;;;;;493.000000;508840.79;;;PJ;07.594.978/0001-78;SMARTFIT ESCOL;2029-04-05;S;DI1;DI de um dia;100.000000;0.951872;;S;N;
CLASSES - FIF;46.332.105/0001-49;KINEA BVP FIFE FI FINANCEIRO - CI MULT CRED PRIV - RESP LIMITADA;2025-11-30;Títulos de Crédito Privado;Nota Promissória/ Commercial Paper/ Export Note;N;Para negociação;;;;;36.000000;37156.72;;;PJ;07.594.978/0001-78;SMARTFIT ESCOL;2029-04-05;S;DI1;DI de um dia;100.000000;0.952149;;S;N;
CLASSES - FIF;46.332.105/0001-49;KINEA BVP FIFE FI FINANCEIRO - CI MULT CRED PRIV - RESP LIMITADA;2025-11-30;Títulos de Crédito Privado;Nota Promissória/ Commercial Paper/ Export Note;N;Para negociação;;;;;96.000000;99084.62;;;PJ;07.594.978/0001-78;SMARTFIT ESCOL;2029-04-05;S;DI1;DI de um dia;100.000000;0.954355;;S;N;
CLASSES - FIF;46.332.105/0001-49;KINEA BVP FIFE FI FINANCEIRO - CI MULT CRED PRIV - RESP LIMITADA;2025-11-30;Títulos de Crédito Privado;Nota Promissória/ Commercial Paper/ Export Note;N;Para negociação;;;;;1693.000000;1814783.45;;;PJ;50.746.577/0001-15;COSAN S/A;2028-12-27;S;DI1;DI de um dia;100.000000;1.601477;;S;N;
CLASSES - FIF;46.332.105/0001-49;KINEA BVP FIFE FI FINANCEIRO - CI MULT CRED PRIV - RESP LIMITADA;2025-11-30;Títulos de Crédito Privado;Nota Promissória/ Commercial Paper/ Export Note;N;Para negociação;;;;;19.000000;20366.73;;;PJ;50.746.577/0001-15;COSAN S/A;2028-12-27;S;DI1;DI de um dia;100.000000;2.055786;;S;N;
CLASSES - FIF;46.332.105/0001-49;KINEA BVP FIFE FI FINANCEIRO - CI MULT CRED PRIV - RESP LIMITADA;2025-11-30;Títulos de Crédito Privado;Nota Promissória/ Commercial Paper/ Export Note;N;Para negociação;;;;;258.000000;276558.84;;;PJ;50.746.577/0001-15;COSAN S/A;2028-12-27;S;DI1;DI de um dia;100.000000;2.056915;;S;N;
CLASSES - FIF;46.332.105/0001-49;KINEA BVP FIFE FI FINANCEIRO - CI MULT CRED PRIV - RESP LIMITADA;2025-11-30;Títulos de Crédito Privado;Nota Promissória/ Commercial Paper/ Export Note;N;Para negociação;;;;;15.000000;16079.01;;;PJ;50.746.577/0001-15;COSAN S/A;2028-12-27;S;DI1;DI de um dia;100.000000;2.050179;;S;N;
CLASSES - FIF;46.332.105/0001-49;KINEA BVP FIFE FI FINANCEIRO - CI MULT CRED PRIV - RESP LIMITADA;2025-11-30;Títulos de Crédito Privado;Nota Promissória/ Commercial Paper/ Export Note;N;Para negociação;;;;;49.000000;52524.74;;;PJ;50.746.577/0001-15;COSAN S/A;2028-12-27;S;DI1;DI de um dia;100.000000;1.465233;;S;N;
CLASSES - FIF;46.332.105/0001-49;KINEA BVP FIFE FI FINANCEIRO - CI MULT CRED PRIV - RESP LIMITADA;2025-11-30;Títulos de Crédito Privado;Nota Promissória/ Commercial Paper/ Export Note;N;Para negociação;;;;;100.000000;107193.36;;;PJ;50.746.577/0001-15;COSAN S/A;2028-12-27;S;DI1;DI de um dia;100.000000;1.466169;;S;N;
CLASSES - FIF;46.332.105/0001-49;KINEA BVP FIFE FI FINANCEIRO - CI MULT CRED PRIV - RESP LIMITADA;2025-11-30;Títulos de Crédito Privado;Nota Promissória/ Commercial Paper/ Export Note;N;Para negociação;;;;;19.000000;20366.73;;;PJ;50.746.577/0001-15;COSAN S/A;2028-12-27;S;DI1;DI de um dia;100.000000;2.056774;;S;N;
CLASSES - FIF;46.332.105/0001-49;KINEA BVP FIFE FI FINANCEIRO - CI MULT CRED PRIV - RESP LIMITADA;2025-11-30;Títulos de Crédito Privado;Nota Promissória/ Commercial Paper/ Export Note;N;Para negociação;;;;;654.000000;706362.45;;;PJ;15.139.629/0001-94;CIA ELET EST BA;2028-12-20;S;DI1;DI de um dia;100.000000;1.184742;;S;N;
CLASSES - FIF;46.332.105/0001-49;KINEA BVP FIFE FI FINANCEIRO - CI MULT CRED PRIV - RESP LIMITADA;2025-11-30;Títulos de Crédito Privado;Nota Promissória/ Commercial Paper/ Export Note;N;Para negociação;;;;;1539.000000;1662219.90;;;PJ;15.139.629/0001-94;CIA ELET EST BA;2028-12-20;S;DI1;DI de um dia;100.000000;1.189878;;S;N;
CLASSES - FIF;46.332.105/0001-49;KINEA BVP FIFE FI FINANCEIRO - CI MULT CRED PRIV - RESP LIMITADA;2025-11-30;Títulos ligados ao agronegócio;CRA;N;Para negociação;;;;;748.000000;639632.61;;;PJ;02.773.542/0001-22;Opea Securitiza;2030-11-29;S;OUT;OUTROS;100.000000;3.206936;;S;N;
CLASSES - FIF;46.332.105/0001-49;KINEA BVP FIFE FI FINANCEIRO - CI MULT CRED PRIV - RESP LIMITADA;2025-11-30;Títulos ligados ao agronegócio;CRA;N;Para negociação;;;;;16.000000;13681.98;;;PJ;02.773.542/0001-22;Opea Securitiza;2030-11-29;S;OUT;OUTROS;100.000000;3.206135;;S;N;
CLASSES - FIF;46.332.105/0001-49;KINEA BVP FIFE FI FINANCEIRO - CI MULT CRED PRIV - RESP LIMITADA;2025-11-30;Títulos ligados ao agronegócio;CRA;N;Para negociação;;;;;1313.000000;1122777.57;;;PJ;02.773.542/0001-22;Opea Securitiza;2030-11-29;S;OUT;OUTROS;100.000000;3.205816;;S;N;
CLASSES - FIF;46.332.105/0001-49;KINEA BVP FIFE FI FINANCEIRO - CI MULT CRED PRIV - RESP LIMITADA;2025-11-30;Títulos ligados ao agronegócio;CRA;N;Para negociação;;;;;1166.000000;1167487.25;;;PJ;41.811.375/0001-19;CANAL COMPANHIA;2029-10-17;S;OUT;OUTROS;100.000000;5.823970;;S;N;
CLASSES - FIF;46.332.105/0001-49;KINEA BVP FIFE FI FINANCEIRO - CI MULT CRED PRIV - RESP LIMITADA;2025-11-30;Títulos ligados ao agronegócio;CRA;N;Para negociação;;;;;13.000000;13016.59;;;PJ;41.811.375/0001-19;CANAL COMPANHIA;2029-10-17;S;OUT;OUTROS;100.000000;5.626879;;S;N;
CLASSES - FIF;46.332.105/0001-49;KINEA BVP FIFE FI FINANCEIRO - CI MULT CRED PRIV - RESP LIMITADA;2025-11-30;Títulos ligados ao agronegócio;CRA;N;Para negociação;;;;;351.000000;351447.71;;;PJ;41.811.375/0001-19;CANAL COMPANHIA;2029-10-17;S;OUT;OUTROS;100.000000;5.714606;;S;N;
CLASSES - FIF;46.332.105/0001-49;KINEA BVP FIFE FI FINANCEIRO - CI MULT CRED PRIV - RESP LIMITADA;2025-11-30;Títulos ligados ao agronegócio;CRA;N;Para negociação;;;;;184.000000;184234.69;;;PJ;41.811.375/0001-19;CANAL COMPANHIA;2029-10-17;S;OUT;OUTROS;100.000000;5.617826;;S;N;
CLASSES - FIF;46.332.105/0001-49;KINEA BVP FIFE FI FINANCEIRO - CI MULT CRED PRIV - RESP LIMITADA;2025-11-30;Títulos ligados ao agronegócio;CRA;N;Para negociação;;;;;79.000000;79100.76;;;PJ;41.811.375/0001-19;CANAL COMPANHIA;2029-10-17;S;OUT;OUTROS;100.000000;5.799157;;S;N;
CLASSES - FIF;46.332.105/0001-49;KINEA BVP FIFE FI FINANCEIRO - CI MULT CRED PRIV - RESP LIMITADA;2025-11-30;Títulos ligados ao agronegócio;CRA;N;Para negociação;;;;;3.000000;3003.83;;;PJ;41.811.375/0001-19;CANAL COMPANHIA;2029-10-17;S;OUT;OUTROS;100.000000;5.640879;;S;N;
CLASSES - FIF;46.332.105/0001-49;KINEA BVP FIFE FI FINANCEIRO - CI MULT CRED PRIV - RESP LIMITADA;2025-11-30;Títulos ligados ao agronegócio;CRA;N;Para negociação;;;;;38.000000;27382.81;;;PJ;22.610.500/0001-88;VORTX DTVM LTDA;2029-02-22;S;OUT;OUTROS;100.000000;5.837049;;S;N;
CLASSES - FIF;46.332.105/0001-49;KINEA BVP FIFE FI FINANCEIRO - CI MULT CRED PRIV - RESP LIMITADA;2025-11-30;Títulos ligados ao agronegócio;CRA;N;Para negociação;;;;;30.000000;21618.01;;;PJ;22.610.500/0001-88;VORTX DTVM LTDA;2029-02-22;S;OUT;OUTROS;100.000000;5.852139;;S;N;
CLASSES - FIF;46.332.105/0001-49;KINEA BVP FIFE FI FINANCEIRO - CI MULT CRED PRIV - RESP LIMITADA;2025-11-30;Títulos ligados ao agronegócio;CRA;N;Para negociação;;;;;186.000000;134031.66;;;PJ;22.610.500/0001-88;VORTX DTVM LTDA;2029-02-22;S;OUT;OUTROS;100.000000;5.829201;;S;N;
CLASSES - FIF;46.332.105/0001-49;KINEA BVP FIFE FI FINANCEIRO - CI MULT CRED PRIV - RESP LIMITADA;2025-11-30;Títulos ligados ao agronegócio;CRA;N;Para negociação;;;;;9.000000;6485.40;;;PJ;22.610.500/0001-88;VORTX DTVM LTDA;2029-02-22;S;OUT;OUTROS;100.000000;5.844794;;S;N;
CLASSES - FIF;46.332.105/0001-49;KINEA BVP FIFE FI FINANCEIRO - CI MULT CRED PRIV - RESP LIMITADA;2025-11-30;Títulos ligados ao agronegócio;CRA;N;Para negociação;;;;;191.000000;137634.65;;;PJ;22.610.500/0001-88;VORTX DTVM LTDA;2029-02-22;S;OUT;OUTROS;100.000000;5.836323;;S;N;
CLASSES - FIF;46.332.105/0001-49;KINEA BVP FIFE FI FINANCEIRO - CI MULT CRED PRIV - RESP LIMITADA;2025-11-30;Títulos ligados ao agronegócio;CRA;N;Para negociação;;;;;183.000000;131869.84;;;PJ;22.610.500/0001-88;VORTX DTVM LTDA;2029-02-22;S;OUT;OUTROS;100.000000;5.829897;;S;N;
CLASSES - FIF;46.332.105/0001-49;KINEA BVP FIFE FI FINANCEIRO - CI MULT CRED PRIV - RESP LIMITADA;2025-11-30;Títulos ligados ao agronegócio;CRA;N;Para negociação;;;;;274.000000;197444.48;;;PJ;22.610.500/0001-88;VORTX DTVM LTDA;2029-02-22;S;OUT;OUTROS;100.000000;5.837343;;S;N;
CLASSES - FIF;46.332.105/0001-49;KINEA BVP FIFE FI FINANCEIRO - CI MULT CRED PRIV - RESP LIMITADA;2025-11-30;Títulos ligados ao agronegócio;CRA;N;Para negociação;;;;;230.000000;226403.88;;;PJ;02.773.542/0001-22;OPEA SECURITIZA;2028-12-28;S;OUT;OUTROS;100.000000;7.335706;;S;N;
CLASSES - FIF;46.332.105/0001-49;KINEA BVP FIFE FI FINANCEIRO - CI MULT CRED PRIV - RESP LIMITADA;2025-11-30;Títulos ligados ao agronegócio;CRA;N;Para negociação;;;;;5.000000;4921.82;;;PJ;02.773.542/0001-22;OPEA SECURITIZA;2028-12-28;S;OUT;OUTROS;100.000000;7.345479;;S;N;
CLASSES - FIF;46.332.105/0001-49;KINEA BVP FIFE FI FINANCEIRO - CI MULT CRED PRIV - RESP LIMITADA;2025-11-30;Títulos ligados ao agronegócio;CRA;N;Para negociação;;;;;92.000000;90561.55;;;PJ;02.773.542/0001-22;OPEA SECURITIZA;2028-12-28;S;OUT;OUTROS;100.000000;7.319251;;S;N;
CLASSES - FIF;46.332.105/0001-49;KINEA BVP FIFE FI FINANCEIRO - CI MULT CRED PRIV - RESP LIMITADA;2025-11-30;Títulos ligados ao agronegócio;CRA;N;Para negociação;;;;;122.000000;120092.49;;;PJ;02.773.542/0001-22;OPEA SECURITIZA;2028-12-28;S;OUT;OUTROS;100.000000;7.342824;;S;N;
CLASSES - FIF;46.332.105/0001-49;KINEA BVP FIFE FI FINANCEIRO - CI MULT CRED PRIV - RESP LIMITADA;2025-11-30;Títulos ligados ao agronegócio;CRA;N;Para negociação;;;;;21.000000;20671.66;;;PJ;02.773.542/0001-22;OPEA SECURITIZA;2028-12-28;S;OUT;OUTROS;100.000000;7.328383;;S;N;
CLASSES - FIF;46.332.105/0001-49;KINEA BVP FIFE FI FINANCEIRO - CI MULT CRED PRIV - RESP LIMITADA;2025-11-30;Títulos ligados ao agronegócio;CRA;N;Para negociação;;;;;1.000000;984.36;;;PJ;02.773.542/0001-22;OPEA SECURITIZA;2028-12-28;S;OUT;OUTROS;100.000000;7.331813;;S;N;
CLASSES - FIF;46.332.105/0001-49;KINEA BVP FIFE FI FINANCEIRO - CI MULT CRED PRIV - RESP LIMITADA;2025-11-30;Títulos ligados ao agronegócio;CRA;N;Para negociação;;;;;595.000000;585697.01;;;PJ;02.773.542/0001-22;OPEA SECURITIZA;2028-12-28;S;OUT;OUTROS;100.000000;7.342048;;S;N;
CLASSES - FIF;46.332.105/0001-49;KINEA BVP FIFE FI FINANCEIRO - CI MULT CRED PRIV - RESP LIMITADA;2025-11-30;Títulos ligados ao agronegócio;CRA;N;Para negociação;;;;;10.000000;9843.64;;;PJ;02.773.542/0001-22;OPEA SECURITIZA;2028-12-28;S;OUT;OUTROS;100.000000;7.343585;;S;N;
CLASSES - FIF;46.332.105/0001-49;KINEA BVP FIFE FI FINANCEIRO - CI MULT CRED PRIV - RESP LIMITADA;2025-11-30;Títulos ligados ao agronegócio;CRA;N;Para negociação;;;;;1016.000000;557061.56;;;PJ;10.753.164/0001-43;ECO SECURITIZAD;2027-12-15;S;DI1;DI de um dia;100.000000;1.571239;;S;N;
CLASSES - FIF;46.332.105/0001-49;KINEA BVP FIFE FI FINANCEIRO - CI MULT CRED PRIV - RESP LIMITADA;2025-11-30;Títulos ligados ao agronegócio;CRA;N;Para negociação;;;;;147.000000;80598.48;;;PJ;10.753.164/0001-43;ECO SECURITIZAD;2027-12-15;S;DI1;DI de um dia;100.000000;1.601554;;S;N;
CLASSES - FIF;46.332.105/0001-49;KINEA BVP FIFE FI FINANCEIRO - CI MULT CRED PRIV - RESP LIMITADA;2025-11-30;Títulos ligados ao agronegócio;CRA;N;Para negociação;;;;;36.000000;19738.39;;;PJ;10.753.164/0001-43;ECO SECURITIZAD;2027-12-15;S;DI1;DI de um dia;100.000000;1.487428;;S;N;
CLASSES - FIF;46.332.105/0001-49;KINEA BVP FIFE FI FINANCEIRO - CI MULT CRED PRIV - RESP LIMITADA;2025-11-30;Títulos ligados ao agronegócio;CRA;N;Para negociação;;;;;26.000000;14255.52;;;PJ;10.753.164/0001-43;ECO SECURITIZAD;2027-12-15;S;DI1;DI de um dia;100.000000;1.495202;;S;N;
CLASSES - FIF;46.332.105/0001-49;KINEA BVP FIFE FI FINANCEIRO - CI MULT CRED PRIV - RESP LIMITADA;2025-11-30;Títulos ligados ao agronegócio;CRA;N;Para negociação;;;;;253.000000;138717.10;;;PJ;10.753.164/0001-43;ECO SECURITIZAD;2027-12-15;S;DI1;DI de um dia;100.000000;1.515368;;S;N;
CLASSES - FIF;46.332.105/0001-49;KINEA BVP FIFE FI FINANCEIRO - CI MULT CRED PRIV - RESP LIMITADA;2025-11-30;Títulos ligados ao agronegócio;CRA;N;Para negociação;;;;;501.000000;274692.76;;;PJ;10.753.164/0001-43;ECO SECURITIZAD;2027-12-15;S;DI1;DI de um dia;100.000000;1.823692;;S;N;
CLASSES - FIF;46.332.105/0001-49;KINEA BVP FIFE FI FINANCEIRO - CI MULT CRED PRIV - RESP LIMITADA;2025-11-30;Títulos ligados ao agronegócio;CRA;N;Para negociação;;;;;297.000000;162841.81;;;PJ;10.753.164/0001-43;ECO SECURITIZAD;2027-12-15;S;DI1;DI de um dia;100.000000;1.770205;;S;N;
CLASSES - FIF;46.332.105/0001-49;KINEA BVP FIFE FI FINANCEIRO - CI MULT CRED PRIV - RESP LIMITADA;2025-11-30;Títulos ligados ao agronegócio;CRA;N;Para negociação;;;;;419.000000;427590.26;;;PJ;08.769.451/0001-08;VIRGO COMPANHIA;2026-05-15;S;DI1;DI de um dia;100.000000;2.320343;;S;N;
CLASSES - FIF;46.332.105/0001-49;KINEA BVP FIFE FI FINANCEIRO - CI MULT CRED PRIV - RESP LIMITADA;2025-11-30;Títulos ligados ao agronegócio;CRA;N;Para negociação;;;;;3.000000;3061.51;;;PJ;08.769.451/0001-08;VIRGO COMPANHIA;2026-05-15;S;DI1;DI de um dia;100.000000;2.305950;;S;N;
CLASSES - FIF;46.332.105/0001-49;KINEA BVP FIFE FI FINANCEIRO - CI MULT CRED PRIV - RESP LIMITADA;2025-11-30;Títulos ligados ao agronegócio;CRA;N;Para negociação;;;;;168.000000;171444.30;;;PJ;08.769.451/0001-08;VIRGO COMPANHIA;2026-05-15;S;DI1;DI de um dia;100.000000;2.264072;;S;N;
CLASSES - FIF;46.332.105/0001-49;KINEA BVP FIFE FI FINANCEIRO - CI MULT CRED PRIV - RESP LIMITADA;2025-11-30;Títulos ligados ao agronegócio;CRA;N;Para negociação;;;;;49.000000;50004.59;;;PJ;08.769.451/0001-08;VIRGO COMPANHIA;2026-05-15;S;DI1;DI de um dia;100.000000;2.836190;;S;N;
CLASSES - FIF;46.332.105/0001-49;KINEA BVP FIFE FI FINANCEIRO - CI MULT CRED PRIV - RESP LIMITADA;2025-11-30;Títulos ligados ao agronegócio;CRA;N;Para negociação;;;;;5.000000;5102.51;;;PJ;08.769.451/0001-08;VIRGO COMPANHIA;2026-05-15;S;DI1;DI de um dia;100.000000;2.289099;;S;N;
CLASSES - FIF;46.332.105/0001-49;KINEA BVP FIFE FI FINANCEIRO - CI MULT CRED PRIV - RESP LIMITADA;2025-11-30;Títulos ligados ao agronegócio;CRA;N;Para negociação;;;;;26.000000;26533.04;;;PJ;08.769.451/0001-08;VIRGO COMPANHIA;2026-05-15;S;DI1;DI de um dia;100.000000;2.255073;;S;N;
CLASSES - FIF;46.332.105/0001-49;KINEA BVP FIFE FI FINANCEIRO - CI MULT CRED PRIV - RESP LIMITADA;2025-11-30;Títulos ligados ao agronegócio;CRA;N;Para negociação;;;;;1516.000000;1547080.73;;;PJ;08.769.451/0001-08;VIRGO COMPANHIA;2026-05-15;S;DI1;DI de um dia;100.000000;2.356302;;S;N;
CLASSES - FIF;46.332.105/0001-49;KINEA BVP FIFE FI FINANCEIRO - CI MULT CRED PRIV - RESP LIMITADA;2025-11-30;Títulos ligados ao agronegócio;CRA;N;Para negociação;;;;;7.000000;7143.51;;;PJ;08.769.451/0001-08;VIRGO COMPANHIA;2026-05-15;S;DI1;DI de um dia;100.000000;2.288135;;S;N;
CLASSES - FIF;46.391.625/0001-22;G5 EVIMERÍA FUNDO DE INVESTIMENTO FINANCEIRO MULTIMERCADO;2025-11-30;Títulos ligados ao agronegócio;CRA;N;Para negociação;;;;;75.000000;9458.75;;;PJ;10.753.164/0001-43;ECO SECURITIZADORA DE DIREITOS CREDITORIOS DO AGRO;2025-12-15;S;DI1;DI de um dia;100.000000;9.000000;;S;N;
CLASSES - FIF;46.405.903/0001-53;G5 SEBRING FIF - CLASSE DE INVESTIMENTO MULTIMERCADO CRÉDITO PRIVADO - RESPONSABILIDADE LIMITADA;2025-11-30;Debêntures;Debênture simples;N;Para negociação;;;;;300.000000;104821.83;;;PJ;02.773.542/0001-22;Opea Securitiza;2025-12-03;S;DI1;DI de um dia;100.000000;5.849999;;S;N;
CLASSES - FIF;46.438.863/0001-46;ITAÚ CONSULT DEB INCENTIVADAS CDI FUNDO INC DE INV FINANCEIRO INFRA RF CRÉD PRIV - RESP LIMITADA;2025-11-30;Debêntures;Debênture simples;N;Para negociação;;;;;273.000000;268378.84;;;PJ;02.476.026/0001-36;ULTRAFERTIL SA;2035-10-15;S;IAP;Índice de Preços ao Consumidor Amplo (IPCA/IBGE);100.000000;6.672900;;S;N;
CLASSES - FIF;46.449.438/0001-52;ITAÚ DEBÊNTURES INCENTIVADAS CDI II FUNDO INC DE INVEST FINANCEIRO INFRA RF CRÉD PRIV RESP LIMITADA;2025-11-30;Debêntures;Debênture simples;N;Para negociação;;;;;375.000000;368399.50;;;PJ;42.276.907/0001-28;VLI MULTIMODAL S.A.;2035-10-15;S;IAP;Índice de Preços ao Consumidor Amplo (IPCA/IBGE);100.000000;6.672900;;S;N;
CLASSES - FIF;46.449.438/0001-52;ITAÚ DEBÊNTURES INCENTIVADAS CDI II FUNDO INC DE INVEST FINANCEIRO INFRA RF CRÉD PRIV RESP LIMITADA;2025-11-30;Debêntures;Debênture simples;N;Para negociação;;;;;1946.000000;1921549.28;;;PJ;06.981.180/0001-16;CEMIG DISTRIBUICAO S.A.;2037-10-15;S;IAP;Índice de Preços ao Consumidor Amplo (IPCA/IBGE);100.000000;6.787800;;S;N;
CLASSES - FIF;46.454.865/0001-29;ARARINHA RENDA FIXA CRÉDITO PRIVADO - FUNDO DE INVESTIMENTO FINANCEIRO;2025-11-30;Títulos ligados ao agronegócio;CRA;N;Para negociação;0.000000;0.00;0.000000;0.00;7.000000;8225.94;;;PJ;02.773.542/0001-22;OPEA SECURITIZA;2028-07-15;S;IAP;Índice de Preços ao Consumidor Amplo (IPCA/IBGE);100.000000;0.391059;;S;N;
CLASSES - FIF;46.454.865/0001-29;ARARINHA RENDA FIXA CRÉDITO PRIVADO - FUNDO DE INVESTIMENTO FINANCEIRO;2025-11-30;Títulos ligados ao agronegócio;CRA;N;Para negociação;0.000000;0.00;0.000000;0.00;45.000000;52881.10;;;PJ;02.773.542/0001-22;OPEA SECURITIZA;2028-07-15;S;IAP;Índice de Preços ao Consumidor Amplo (IPCA/IBGE);100.000000;0.243828;;S;N;
CLASSES - FIF;46.454.865/0001-29;ARARINHA RENDA FIXA CRÉDITO PRIVADO - FUNDO DE INVESTIMENTO FINANCEIRO;2025-11-30;Títulos ligados ao agronegócio;CRA;N;Para negociação;0.000000;0.00;0.000000;0.00;22.000000;22477.76;;;PJ;08.769.451/0001-08;VIRGO COMPANHIA;2029-04-12;S;DI1;DI de um dia;100.000000;5.007054;;S;N;
CLASSES - FIF;46.454.865/0001-29;ARARINHA RENDA FIXA CRÉDITO PRIVADO - FUNDO DE INVESTIMENTO FINANCEIRO;2025-11-30;Títulos ligados ao agronegócio;CRA;N;Para negociação;13.000000;16881.03;91.000000;115911.61;78.000000;101854.69;;;PJ;25.005.683/0001-09;VERT COMPANHIA;2029-06-15;S;IAP;Índice de Preços ao Consumidor Amplo (IPCA/IBGE);100.000000;8.681293;;S;N;
CLASSES - FIF;46.454.865/0001-29;ARARINHA RENDA FIXA CRÉDITO PRIVADO - FUNDO DE INVESTIMENTO FINANCEIRO;2025-11-30;Títulos ligados ao agronegócio;CRA;N;Para negociação;0.000000;0.00;0.000000;0.00;3.000000;3211.33;;;PJ;08.769.451/0001-08;VIRGO COMPANHIA;2030-04-15;N;;;;;14.498817;S;N;
CLASSES - FIF;46.454.865/0001-29;ARARINHA RENDA FIXA CRÉDITO PRIVADO - FUNDO DE INVESTIMENTO FINANCEIRO;2025-11-30;Títulos ligados ao agronegócio;CRA;N;Para negociação;0.000000;0.00;0.000000;0.00;15.000000;16056.65;;;PJ;08.769.451/0001-08;VIRGO COMPANHIA;2030-04-15;N;;;;;14.448624;S;N;
CLASSES - FIF;46.454.865/0001-29;ARARINHA RENDA FIXA CRÉDITO PRIVADO - FUNDO DE INVESTIMENTO FINANCEIRO;2025-11-30;Títulos ligados ao agronegócio;CRA;N;Para negociação;0.000000;0.00;0.000000;0.00;52.000000;55663.05;;;PJ;08.769.451/0001-08;VIRGO COMPANHIA;2030-04-15;N;;;;;13.819926;S;N;
CLASSES - FIF;46.454.865/0001-29;ARARINHA RENDA FIXA CRÉDITO PRIVADO - FUNDO DE INVESTIMENTO FINANCEIRO;2025-11-30;Títulos ligados ao agronegócio;CRA;N;Para negociação;20.000000;18103.62;220.000000;197375.99;199.000000;194826.13;;;PJ;10.753.164/0001-43;ECOSECURITIZADO;2031-02-15;S;IAP;Índice de Preços ao Consumidor Amplo (IPCA/IBGE);100.000000;12.504577;;S;N;
CLASSES - FIF;46.454.865/0001-29;ARARINHA RENDA FIXA CRÉDITO PRIVADO - FUNDO DE INVESTIMENTO FINANCEIRO;2025-11-30;Títulos ligados ao agronegócio;CRA;N;Para negociação;0.000000;0.00;0.000000;0.00;15.000000;15383.81;;;PJ;10.753.164/0001-43;ECOSECURITIZADO;2031-05-16;S;IAP;Índice de Preços ao Consumidor Amplo (IPCA/IBGE);100.000000;7.223800;;S;N;
CLASSES - FIF;46.454.865/0001-29;ARARINHA RENDA FIXA CRÉDITO PRIVADO - FUNDO DE INVESTIMENTO FINANCEIRO;2025-11-30;Títulos ligados ao agronegócio;CRA;N;Para negociação;11.000000;11719.06;33.000000;34475.65;11.000000;11607.27;;;PJ;10.753.164/0001-43;ECOSECURITIZADO;2031-06-16;N;;;;;13.109999;S;N;
CLASSES - FIF;46.454.865/0001-29;ARARINHA RENDA FIXA CRÉDITO PRIVADO - FUNDO DE INVESTIMENTO FINANCEIRO;2025-11-30;Títulos ligados ao agronegócio;CRA;N;Para negociação;40.000000;40060.11;47.000000;45456.31;7.000000;7236.65;;;PJ;10.753.164/0001-43;ECOSECURITIZADO;2031-10-15;N;;;;;14.590031;S;N;
CLASSES - FIF;46.454.865/0001-29;ARARINHA RENDA FIXA CRÉDITO PRIVADO - FUNDO DE INVESTIMENTO FINANCEIRO;2025-11-30;Títulos ligados ao agronegócio;CRA;N;Para negociação;0.000000;0.00;0.000000;0.00;5.000000;3604.34;;;PJ;02.773.542/0001-22;OPEA SECURITIZA;2033-10-17;N;;;;;13.689944;S;N;
CLASSES - FIF;46.454.865/0001-29;ARARINHA RENDA FIXA CRÉDITO PRIVADO - FUNDO DE INVESTIMENTO FINANCEIRO;2025-11-30;Títulos ligados ao agronegócio;CRA;N;Para negociação;0.000000;0.00;0.000000;0.00;1.000000;1011.24;;;PJ;10.753.164/0001-43;ECOSECURITIZADO;2034-10-16;S;IAP;Índice de Preços ao Consumidor Amplo (IPCA/IBGE);100.000000;8.683139;;S;N;
CLASSES - FIF;46.454.865/0001-29;ARARINHA RENDA FIXA CRÉDITO PRIVADO - FUNDO DE INVESTIMENTO FINANCEIRO;2025-11-30;Títulos ligados ao agronegócio;CRA;N;Para negociação;25.000000;27833.48;0.000000;0.00;11.000000;11143.56;;;PJ;08.769.451/0001-08;VIRGO COMPANHIA;2034-11-16;N;;;;;14.140000;S;N;
CLASSES - FIF;46.454.865/0001-29;ARARINHA RENDA FIXA CRÉDITO PRIVADO - FUNDO DE INVESTIMENTO FINANCEIRO;2025-11-30;Títulos ligados ao agronegócio;CRA;N;Para negociação;1.000000;1089.27;0.000000;0.00;15.000000;15428.74;;;PJ;10.753.164/0001-43;ECOSECURITIZADO;2039-10-17;S;IAP;Índice de Preços ao Consumidor Amplo (IPCA/IBGE);100.000000;7.962281;;S;N;
CLASSES - FIF;46.454.865/0001-29;ARARINHA RENDA FIXA CRÉDITO PRIVADO - FUNDO DE INVESTIMENTO FINANCEIRO;2025-11-30;Títulos ligados ao agronegócio;CRA;N;Para negociação;0.000000;0.00;0.000000;0.00;1.000000;1369.77;;;PJ;10.753.164/0001-43;ECOSECURITIZADO;2030-01-15;S;DI1;DI de um dia;100.000000;1.262881;;S;N;
CLASSES - FIF;46.454.865/0001-29;ARARINHA RENDA FIXA CRÉDITO PRIVADO - FUNDO DE INVESTIMENTO FINANCEIRO;2025-11-30;Títulos ligados ao agronegócio;CRA;N;Para negociação;0.000000;0.00;0.000000;0.00;75.000000;102732.85;;;PJ;10.753.164/0001-43;ECOSECURITIZADO;2030-01-15;S;DI1;DI de um dia;100.000000;1.240001;;S;N;
CLASSES - FIF;46.454.865/0001-29;ARARINHA RENDA FIXA CRÉDITO PRIVADO - FUNDO DE INVESTIMENTO FINANCEIRO;2025-11-30;Títulos ligados ao agronegócio;CRA;N;Para negociação;0.000000;0.00;73.000000;78462.84;73.000000;78462.84;;;PJ;08.769.451/0001-08;VIRGO COMPANHIA;2029-02-15;S;DI1;DI de um dia;115.000000;0.934922;;S;N;
CLASSES - FIF;46.454.865/0001-29;ARARINHA RENDA FIXA CRÉDITO PRIVADO - FUNDO DE INVESTIMENTO FINANCEIRO;2025-11-30;Títulos ligados ao agronegócio;LCA;S;Para negociação;0.000000;0.00;0.000000;0.00;3.000000;0.03;;;PJ;90.400.888/0001-42;BCO SANTANDER;2025-12-16;S;DI1;DI de um dia;93.000000;3.160972;;S;N;
CLASSES - FIF;46.454.865/0001-29;ARARINHA RENDA FIXA CRÉDITO PRIVADO - FUNDO DE INVESTIMENTO FINANCEIRO;2025-11-30;Títulos ligados ao agronegócio;LCA;S;Para negociação;0.000000;0.00;0.000000;0.00;1.000000;0.01;;;PJ;90.400.888/0001-42;BCO SANTANDER;2025-12-16;N;;;;;53.941304;S;N;
CLASSES - FIF;46.454.865/0001-29;ARARINHA RENDA FIXA CRÉDITO PRIVADO - FUNDO DE INVESTIMENTO FINANCEIRO;2025-11-30;Títulos ligados ao agronegócio;LCA;S;Para negociação;0.000000;0.00;0.000000;0.00;4284.000000;48.64;;;PJ;90.400.888/0001-42;BCO SANTANDER;2025-12-19;N;;;;;27.162492;S;N;
CLASSES - FIF;46.454.865/0001-29;ARARINHA RENDA FIXA CRÉDITO PRIVADO - FUNDO DE INVESTIMENTO FINANCEIRO;2025-11-30;Títulos ligados ao agronegócio;LCA;S;Para negociação;0.000000;0.00;0.000000;0.00;10364.000000;115.40;;;PJ;90.400.888/0001-42;BCO SANTANDER;2026-01-02;N;;;;;15.499983;S;N;
CLASSES - FIF;46.454.865/0001-29;ARARINHA RENDA FIXA CRÉDITO PRIVADO - FUNDO DE INVESTIMENTO FINANCEIRO;2025-11-30;Títulos ligados ao agronegócio;LCA;S;Para negociação;0.000000;0.00;0.000000;0.00;1.000000;0.01;;;PJ;90.400.888/0001-42;BCO SANTANDER;2026-01-28;N;;;;;34.941163;S;N;
CLASSES - FIF;46.454.865/0001-29;ARARINHA RENDA FIXA CRÉDITO PRIVADO - FUNDO DE INVESTIMENTO FINANCEIRO;2025-11-30;Títulos ligados ao agronegócio;LCA;N;Para negociação;32.000000;34461.57;100.000000;106096.62;32.000000;34229.27;;;PJ;28.195.667/0001-06;BANCO ABC S/A;2026-03-06;S;IAP;Índice de Preços ao Consumidor Amplo (IPCA/IBGE);100.000000;10.896948;;S;N;
CLASSES - FIF;46.454.865/0001-29;ARARINHA RENDA FIXA CRÉDITO PRIVADO - FUNDO DE INVESTIMENTO FINANCEIRO;2025-11-30;Títulos ligados ao agronegócio;LCA;S;Para negociação;0.000000;0.00;0.000000;0.00;1.000000;0.01;;;PJ;90.400.888/0001-42;BCO SANTANDER;2026-03-13;S;DI1;DI de um dia;93.000000;12.227345;;S;N;
CLASSES - FIF;46.454.865/0001-29;ARARINHA RENDA FIXA CRÉDITO PRIVADO - FUNDO DE INVESTIMENTO FINANCEIRO;2025-11-30;Títulos ligados ao agronegócio;LCA;S;Para negociação;0.000000;0.00;0.000000;0.00;1.000000;0.01;;;PJ;90.400.888/0001-42;BCO SANTANDER;2026-04-06;N;;;;;25.943095;S;N;
CLASSES - FIF;46.454.865/0001-29;ARARINHA RENDA FIXA CRÉDITO PRIVADO - FUNDO DE INVESTIMENTO FINANCEIRO;2025-11-30;Títulos ligados ao agronegócio;LCA;S;Para negociação;0.000000;0.00;0.000000;0.00;1.000000;0.01;;;PJ;90.400.888/0001-42;BCO SANTANDER;2026-07-02;N;;;;;24.534941;S;N;
CLASSES - FIF;46.454.865/0001-29;ARARINHA RENDA FIXA CRÉDITO PRIVADO - FUNDO DE INVESTIMENTO FINANCEIRO;2025-11-30;Títulos ligados ao agronegócio;LCA;S;Para negociação;0.000000;0.00;0.000000;0.00;47411.000000;559.13;;;PJ;90.400.888/0001-42;BCO SANTANDER;2026-08-31;S;DI1;DI de um dia;97.000000;0.000054;;S;N;
CLASSES - FIF;46.454.865/0001-29;ARARINHA RENDA FIXA CRÉDITO PRIVADO - FUNDO DE INVESTIMENTO FINANCEIRO;2025-11-30;Títulos ligados ao agronegócio;LCA;S;Para negociação;0.000000;0.00;0.000000;0.00;152161.000000;1794.48;;;PJ;90.400.888/0001-42;BCO SANTANDER;2026-08-31;S;DI1;DI de um dia;97.000000;0.000048;;S;N;
CLASSES - FIF;46.454.865/0001-29;ARARINHA RENDA FIXA CRÉDITO PRIVADO - FUNDO DE INVESTIMENTO FINANCEIRO;2025-11-30;Títulos ligados ao agronegócio;LCA;S;Para negociação;0.000000;0.00;0.000000;0.00;28986.000000;341.84;;;PJ;90.400.888/0001-42;BCO SANTANDER;2026-08-31;S;DI1;DI de um dia;97.000000;0.000044;;S;N;
CLASSES - FIF;46.454.865/0001-29;ARARINHA RENDA FIXA CRÉDITO PRIVADO - FUNDO DE INVESTIMENTO FINANCEIRO;2025-11-30;Títulos ligados ao agronegócio;LCA;N;Para negociação;0.000000;0.00;0.000000;0.00;79.000000;87.70;;;PJ;92.894.922/0001-08;BANCO ORIGINAL;2026-10-01;N;;;;;13.543572;S;N;
CLASSES - FIF;46.454.865/0001-29;ARARINHA RENDA FIXA CRÉDITO PRIVADO - FUNDO DE INVESTIMENTO FINANCEIRO;2025-11-30;Títulos ligados ao agronegócio;LCA;S;Para negociação;0.000000;0.00;0.000000;0.00;1.000000;0.01;;;PJ;90.400.888/0001-42;BCO SANTANDER;2026-12-28;S;DI1;DI de um dia;95.000000;1.490315;;S;N;
CLASSES - FIF;46.454.865/0001-29;ARARINHA RENDA FIXA CRÉDITO PRIVADO - FUNDO DE INVESTIMENTO FINANCEIRO;2025-11-30;Títulos ligados ao agronegócio;LCA;S;Para negociação;0.000000;0.00;0.000000;0.00;1.000000;0.01;;;PJ;90.400.888/0001-42;BCO SANTANDER;2027-01-11;S;DI1;DI de um dia;94.000000;0.833725;;S;N;
CLASSES - FIF;46.454.865/0001-29;ARARINHA RENDA FIXA CRÉDITO PRIVADO - FUNDO DE INVESTIMENTO FINANCEIRO;2025-11-30;Títulos ligados ao agronegócio;LCA;S;Para negociação;0.000000;0.00;0.000000;0.00;1.000000;0.01;;;PJ;90.400.888/0001-42;BCO SANTANDER;2027-01-25;S;DI1;DI de um dia;94.000000;3.710404;;S;N;
CLASSES - FIF;46.454.865/0001-29;ARARINHA RENDA FIXA CRÉDITO PRIVADO - FUNDO DE INVESTIMENTO FINANCEIRO;2025-11-30;Títulos ligados ao agronegócio;LCA;N;Para negociação;14.000000;15511.28;20.000000;21752.24;6.000000;6651.56;;;PJ;02.992.446/0001-75;BCO CNH CAPITAL;2027-01-28;S;DI1;DI de um dia;92.000000;1.700517;;S;N;
CLASSES - FIF;46.454.865/0001-29;ARARINHA RENDA FIXA CRÉDITO PRIVADO - FUNDO DE INVESTIMENTO FINANCEIRO;2025-11-30;Títulos ligados ao agronegócio;LCA;S;Para negociação;36862209.000000;402911.31;50000000.000000;539259.50;1.000000;0.01;;;PJ;90.400.888/0001-42;BCO SANTANDER;2027-03-29;S;DI1;DI de um dia;97.000000;0.383977;;S;N;
CLASSES - FIF;46.454.865/0001-29;ARARINHA RENDA FIXA CRÉDITO PRIVADO - FUNDO DE INVESTIMENTO FINANCEIRO;2025-11-30;Títulos ligados ao agronegócio;LCA;S;Para negociação;0.000000;0.00;0.000000;0.00;16.000000;0.17;;;PJ;90.400.888/0001-42;BCO SANTANDER;2027-04-19;S;DI1;DI de um dia;94.000000;2.873475;;S;N;
CLASSES - FIF;46.454.865/0001-29;ARARINHA RENDA FIXA CRÉDITO PRIVADO - FUNDO DE INVESTIMENTO FINANCEIRO;2025-11-30;Títulos ligados ao agronegócio;LCA;S;Para negociação;0.000000;0.00;0.000000;0.00;1.000000;0.01;;;PJ;90.400.888/0001-42;BCO SANTANDER;2027-07-09;S;DI1;DI de um dia;91.000000;0.691323;;S;N;
CLASSES - FIF;46.454.865/0001-29;ARARINHA RENDA FIXA CRÉDITO PRIVADO - FUNDO DE INVESTIMENTO FINANCEIRO;2025-11-30;Títulos ligados ao agronegócio;LCA;S;Para negociação;7999999.000000;83185.58;8000000.000000;81958.00;1.000000;0.01;;;PJ;90.400.888/0001-42;BCO SANTANDER;2027-07-19;S;DI1;DI de um dia;91.000000;1.118682;;S;N;
CLASSES - FIF;46.454.865/0001-29;ARARINHA RENDA FIXA CRÉDITO PRIVADO - FUNDO DE INVESTIMENTO FINANCEIRO;2025-11-30;Títulos ligados ao agronegócio;LCA;S;Para negociação;0.000000;0.00;4.000000;4114.71;4.000000;4199.56;;;PJ;90.400.888/0001-42;BCO SANTANDER;2027-08-11;S;DI1;DI de um dia;97.000000;0.158102;;S;N;
CLASSES - FIF;46.454.865/0001-29;ARARINHA RENDA FIXA CRÉDITO PRIVADO - FUNDO DE INVESTIMENTO FINANCEIRO;2025-11-30;Títulos ligados ao agronegócio;LCA;S;Para negociação;0.000000;0.00;0.000000;0.00;20.000000;20849.55;;;PJ;90.400.888/0001-42;BCO SANTANDER;2027-08-24;S;DI1;DI de um dia;96.000000;0.048950;;S;N;
CLASSES - FIF;46.454.865/0001-29;ARARINHA RENDA FIXA CRÉDITO PRIVADO - FUNDO DE INVESTIMENTO FINANCEIRO;2025-11-30;Títulos ligados ao agronegócio;LCA;S;Para negociação;0.000000;0.00;0.000000;0.00;4.000000;4146.25;;;PJ;90.400.888/0001-42;BCO SANTANDER;2027-09-08;S;DI1;DI de um dia;96.000000;0.032187;;S;N;
CLASSES - FIF;46.454.865/0001-29;ARARINHA RENDA FIXA CRÉDITO PRIVADO - FUNDO DE INVESTIMENTO FINANCEIRO;2025-11-30;Títulos ligados ao agronegócio;LCA;N;Para negociação;0.000000;0.00;130.000000;146923.00;130.000000;145003.77;;;PJ;02.992.446/0001-75;BCO CNH CAPITAL;2027-10-14;N;;;;;12.359999;S;N;
CLASSES - FIF;46.454.865/0001-29;ARARINHA RENDA FIXA CRÉDITO PRIVADO - FUNDO DE INVESTIMENTO FINANCEIRO;2025-11-30;Títulos ligados ao agronegócio;LCA;N;Para negociação;0.000000;0.00;10.000000;10929.30;10.000000;11066.49;;;PJ;28.195.667/0001-06;BANCO ABC S/A;2027-10-22;N;;;;;13.901248;S;N;
CLASSES - FIF;46.454.865/0001-29;ARARINHA RENDA FIXA CRÉDITO PRIVADO - FUNDO DE INVESTIMENTO FINANCEIRO;2025-11-30;Títulos ligados ao agronegócio;LCA;N;Para negociação;0.000000;0.00;0.000000;0.00;191.000000;2.23;;;PJ;62.232.889/0001-90;BANCO DAYCOVAL;2028-01-18;N;;;;;14.934840;S;N;
CLASSES - FIF;46.454.865/0001-29;ARARINHA RENDA FIXA CRÉDITO PRIVADO - FUNDO DE INVESTIMENTO FINANCEIRO;2025-11-30;Títulos ligados ao agronegócio;LCA;N;Para negociação;0.000000;0.00;0.000000;0.00;2.000000;0.02;;;PJ;62.232.889/0001-90;BANCO DAYCOVAL;2028-01-24;S;IAP;Índice de Preços ao Consumidor Amplo (IPCA/IBGE);100.000000;7.526086;;S;N;
CLASSES - FIF;46.454.865/0001-29;ARARINHA RENDA FIXA CRÉDITO PRIVADO - FUNDO DE INVESTIMENTO FINANCEIRO;2025-11-30;Títulos ligados ao agronegócio;LCA;N;Para negociação;15.000000;17170.88;150.000000;169791.86;135.000000;150383.48;;;PJ;02.992.446/0001-75;BCO CNH CAPITAL;2028-02-21;N;;;;;12.210000;S;N;
CLASSES - FIF;46.454.865/0001-29;ARARINHA RENDA FIXA CRÉDITO PRIVADO - FUNDO DE INVESTIMENTO FINANCEIRO;2025-11-30;Títulos ligados ao agronegócio;LCA;N;Para negociação;0.000000;0.00;0.000000;0.00;48.000000;0.54;;;PJ;62.232.889/0001-90;BANCO DAYCOVAL;2028-02-21;N;;;;;14.251298;S;N;
CLASSES - FIF;46.454.865/0001-29;ARARINHA RENDA FIXA CRÉDITO PRIVADO - FUNDO DE INVESTIMENTO FINANCEIRO;2025-11-30;Títulos ligados ao agronegócio;LCA;N;Para negociação;0.000000;0.00;10.000000;10462.78;10.000000;10594.08;;;PJ;38.486.817/0001-94;BANCO DE DESENV;2028-05-02;S;DI1;DI de um dia;94.000000;1.347655;;S;N;
CLASSES - FIF;46.454.865/0001-29;ARARINHA RENDA FIXA CRÉDITO PRIVADO - FUNDO DE INVESTIMENTO FINANCEIRO;2025-11-30;Títulos ligados ao agronegócio;LCA;S;Para negociação;0.000000;0.00;0.000000;0.00;5.000000;5283.99;;;PJ;90.400.888/0001-42;BCO SANTANDER;2028-07-19;S;DI1;DI de um dia;96.000000;0.093029;;S;N;
CLASSES - FIF;46.454.865/0001-29;ARARINHA RENDA FIXA CRÉDITO PRIVADO - FUNDO DE INVESTIMENTO FINANCEIRO;2025-11-30;Títulos ligados ao agronegócio;LCA;S;Para negociação;0.000000;0.00;0.000000;0.00;18.000000;19012.39;;;PJ;90.400.888/0001-42;BCO SANTANDER;2028-07-20;S;DI1;DI de um dia;96.000000;0.076970;;S;N;
CLASSES - FIF;46.454.865/0001-29;ARARINHA RENDA FIXA CRÉDITO PRIVADO - FUNDO DE INVESTIMENTO FINANCEIRO;2025-11-30;Títulos ligados ao agronegócio;LCA;S;Para negociação;0.000000;0.00;0.000000;0.00;40.000000;42226.99;;;PJ;90.400.888/0001-42;BCO SANTANDER;2028-07-21;S;DI1;DI de um dia;96.000000;0.073326;;S;N;
CLASSES - FIF;46.454.865/0001-29;ARARINHA RENDA FIXA CRÉDITO PRIVADO - FUNDO DE INVESTIMENTO FINANCEIRO;2025-11-30;Títulos ligados ao agronegócio;LCA;S;Para negociação;0.000000;0.00;0.000000;0.00;19.000000;20057.82;;;PJ;90.400.888/0001-42;BCO SANTANDER;2028-07-21;S;DI1;DI de um dia;96.000000;0.082266;;S;N;
CLASSES - FIF;46.454.865/0001-29;ARARINHA RENDA FIXA CRÉDITO PRIVADO - FUNDO DE INVESTIMENTO FINANCEIRO;2025-11-30;Títulos ligados ao agronegócio;LCA;S;Para negociação;0.000000;0.00;18.000000;18710.11;18.000000;19002.14;;;PJ;90.400.888/0001-42;BCO SANTANDER;2028-07-21;S;DI1;DI de um dia;96.000000;0.077704;;S;N;
CLASSES - FIF;46.454.865/0001-29;ARARINHA RENDA FIXA CRÉDITO PRIVADO - FUNDO DE INVESTIMENTO FINANCEIRO;2025-11-30;Títulos ligados ao agronegócio;LCA;S;Para negociação;0.000000;0.00;0.000000;0.00;16.000000;16890.79;;;PJ;90.400.888/0001-42;BCO SANTANDER;2028-07-21;S;DI1;DI de um dia;96.000000;0.073053;;S;N;
CLASSES - FIF;46.454.865/0001-29;ARARINHA RENDA FIXA CRÉDITO PRIVADO - FUNDO DE INVESTIMENTO FINANCEIRO;2025-11-30;Títulos ligados ao agronegócio;LCA;S;Para negociação;799998.000000;8288.13;799999.000000;7480.74;1.000000;0.01;;;PJ;90.400.888/0001-42;BCO SANTANDER;2028-07-24;N;;;;;16.727821;S;N;
CLASSES - FIF;46.454.865/0001-29;ARARINHA RENDA FIXA CRÉDITO PRIVADO - FUNDO DE INVESTIMENTO FINANCEIRO;2025-11-30;Títulos ligados ao agronegócio;LCA;S;Para negociação;24163610.000000;254051.36;60000000.000000;622434.00;29075799.000000;306078.40;;;PJ;90.400.888/0001-42;BCO SANTANDER;2028-07-25;S;DI1;DI de um dia;95.500000;0.084649;;S;N;
CLASSES - FIF;46.454.865/0001-29;ARARINHA RENDA FIXA CRÉDITO PRIVADO - FUNDO DE INVESTIMENTO FINANCEIRO;2025-11-30;Títulos ligados ao agronegócio;LCA;N;Para negociação;0.000000;0.00;20.000000;19915.12;20.000000;20155.46;;;PJ;38.486.817/0001-94;BANCO DE DESENV;2028-08-14;S;DI1;DI de um dia;92.000000;1.586381;;S;N;
CLASSES - FIF;46.454.865/0001-29;ARARINHA RENDA FIXA CRÉDITO PRIVADO - FUNDO DE INVESTIMENTO FINANCEIRO;2025-11-30;Títulos ligados ao agronegócio;LCA;N;Para negociação;0.000000;0.00;0.000000;0.00;1.000000;0.01;;;PJ;28.195.667/0001-06;BANCO ABC S/A;2029-01-23;S;IAP;Índice de Preços ao Consumidor Amplo (IPCA/IBGE);100.000000;7.519087;;S;N;
CLASSES - FIF;46.454.865/0001-29;ARARINHA RENDA FIXA CRÉDITO PRIVADO - FUNDO DE INVESTIMENTO FINANCEIRO;2025-11-30;Títulos ligados ao agronegócio;LCA;S;Para negociação;0.000000;0.00;0.000000;0.00;448.000000;5.03;;;PJ;90.400.888/0001-42;BCO SANTANDER;2029-03-29;N;;;;;15.957613;S;N;
CLASSES - FIF;46.454.865/0001-29;ARARINHA RENDA FIXA CRÉDITO PRIVADO - FUNDO DE INVESTIMENTO FINANCEIRO;2025-11-30;Títulos ligados ao agronegócio;LCA;N;Para negociação;0.000000;0.00;30.000000;46978.11;30.000000;45240.76;;;PJ;01.181.521/0001-55;BCO COOP SICRED;2029-11-13;N;;;;;12.259999;S;N;
CLASSES - FIF;46.454.865/0001-29;ARARINHA RENDA FIXA CRÉDITO PRIVADO - FUNDO DE INVESTIMENTO FINANCEIRO;2025-11-30;Títulos ligados ao agronegócio;LCA;N;Para negociação;0.000000;0.00;121.000000;181078.94;121.000000;176070.74;;;PJ;01.181.521/0001-55;BCO COOP SICRED;2029-11-13;N;;;;;12.389999;S;N;
CLASSES - FIF;46.454.865/0001-29;ARARINHA RENDA FIXA CRÉDITO PRIVADO - FUNDO DE INVESTIMENTO FINANCEIRO;2025-11-30;Títulos ligados ao agronegócio;LCA;N;Para negociação;5.000000;7804.03;10.000000;15298.90;1.000000;1503.57;;;PJ;01.181.521/0001-55;BCO COOP SICRED;2029-11-13;N;;;;;12.640000;S;N;
CLASSES - FIF;46.454.865/0001-29;ARARINHA RENDA FIXA CRÉDITO PRIVADO - FUNDO DE INVESTIMENTO FINANCEIRO;2025-11-30;Títulos ligados ao agronegócio;LCA;N;Para negociação;26.000000;39261.89;0.000000;0.00;8.000000;11621.26;;;PJ;01.181.521/0001-55;BCO COOP SICRED;2029-11-13;N;;;;;12.619999;S;N;
CLASSES - FIF;46.454.865/0001-29;ARARINHA RENDA FIXA CRÉDITO PRIVADO - FUNDO DE INVESTIMENTO FINANCEIRO;2025-11-30;Títulos ligados ao agronegócio;LCA;N;Para negociação;0.000000;0.00;15.000000;22401.31;15.000000;21789.87;;;PJ;01.181.521/0001-55;BCO COOP SICRED;2029-11-13;N;;;;;12.480000;S;N;
CLASSES - FIF;46.454.865/0001-29;ARARINHA RENDA FIXA CRÉDITO PRIVADO - FUNDO DE INVESTIMENTO FINANCEIRO;2025-11-30;Títulos ligados ao agronegócio;LCA;N;Para negociação;0.000000;0.00;15.000000;22626.66;15.000000;21789.87;;;PJ;01.181.521/0001-55;BCO COOP SICRED;2029-11-13;N;;;;;12.260000;S;N;
CLASSES - FIF;46.454.865/0001-29;ARARINHA RENDA FIXA CRÉDITO PRIVADO - FUNDO DE INVESTIMENTO FINANCEIRO;2025-11-30;Títulos ligados ao agronegócio;LCA;S;Para negociação;11497265.000000;120576.41;11500000.000000;118882.86;2735.000000;28.96;;;PJ;90.400.888/0001-42;BCO SANTANDER;2027-06-11;S;DI1;DI de um dia;90.000000;1.272305;;S;N;
CLASSES - FIF;46.454.865/0001-29;ARARINHA RENDA FIXA CRÉDITO PRIVADO - FUNDO DE INVESTIMENTO FINANCEIRO;2025-11-30;Títulos ligados ao agronegócio;LCA;N;Para negociação;24.000000;36526.31;31.000000;46173.93;3.000000;4391.58;;;PJ;01.181.521/0001-55;BCO COOP SICRED;2029-11-13;N;;;;;12.639999;S;N;
CLASSES - FIF;46.454.865/0001-29;ARARINHA RENDA FIXA CRÉDITO PRIVADO - FUNDO DE INVESTIMENTO FINANCEIRO;2025-11-30;Títulos ligados ao agronegócio;LCA;N;Para negociação;0.000000;0.00;10.000000;14952.83;10.000000;14638.62;;;PJ;01.181.521/0001-55;BCO COOP SICRED;2029-11-13;N;;;;;12.610000;S;N;
CLASSES - FIF;46.474.477/0001-00;ITAÚ PRIVATE DEB INCENTIVADAS PRÉ II TARGET 2027 FIF INCENTIVADO DE INV INFRA RF CP - RESP LTDA;2025-11-30;Debêntures;Debênture simples;N;Para negociação;;;;;161.000000;158166.18;;;PJ;42.276.907/0001-28;VLI MULTIMODAL S.A.;2035-10-15;S;IAP;Índice de Preços ao Consumidor Amplo (IPCA/IBGE);100.000000;6.672900;;S;N;
CLASSES - FIF;46.474.477/0001-00;ITAÚ PRIVATE DEB INCENTIVADAS PRÉ II TARGET 2027 FIF INCENTIVADO DE INV INFRA RF CP - RESP LTDA;2025-11-30;Debêntures;Debênture simples;N;Para negociação;;;;;751.000000;741563.98;;;PJ;06.981.180/0001-16;CEMIG DISTRIBUICAO S.A.;2037-10-15;S;IAP;Índice de Preços ao Consumidor Amplo (IPCA/IBGE);100.000000;6.787800;;S;N;
CLASSES - FIF;46.479.870/0001-96;ITAÚ DEB INCENTIVADAS PRÉ TARGET 2028 IV FIF INCENTIVADO EM INFRA RF CRÉD PRIV RESP LIMITADA;2025-11-30;Debêntures;Debênture simples;N;Para negociação;;;;;73.000000;71764.31;;;PJ;02.476.026/0001-36;ULTRAFERTIL SA;2035-10-15;S;IAP;Índice de Preços ao Consumidor Amplo (IPCA/IBGE);100.000000;6.672900;;S;N;
CLASSES - FIF;46.479.870/0001-96;ITAÚ DEB INCENTIVADAS PRÉ TARGET 2028 IV FIF INCENTIVADO EM INFRA RF CRÉD PRIV RESP LIMITADA;2025-11-30;Debêntures;Debênture simples;N;Para negociação;;;;;831.000000;820558.81;;;PJ;06.981.180/0001-16;CEMIG DISTRIBUICAO S.A.;2037-10-15;S;IAP;Índice de Preços ao Consumidor Amplo (IPCA/IBGE);100.000000;6.787800;;S;N;
CLASSES - FIF;46.479.870/0001-96;ITAÚ DEB INCENTIVADAS PRÉ TARGET 2028 IV FIF INCENTIVADO EM INFRA RF CRÉD PRIV RESP LIMITADA;2025-11-30;Debêntures;Debênture simples;N;Para negociação;;;;;282.000000;277036.42;;;PJ;42.276.907/0001-28;VLI MULTIMODAL S.A.;2035-10-15;S;IAP;Índice de Preços ao Consumidor Amplo (IPCA/IBGE);100.000000;6.672900;;S;N;
CLASSES - FIF;46.503.160/0001-54;AVIÃO IV FIF - CLASSE DE  INVESTIMENTO RF INCENTIVADO DE INVESTIMENTO EM  INFRA - RESP LIMITADA;2025-11-30;Debêntures;Debênture simples;N;Para negociação;;;;;350.000000;411942.18;;;PJ;20.223.016/0001-70;BELO MONTE TRAN;2031-12-15;S;IAP;Índice de Preços ao Consumidor Amplo (IPCA/IBGE);100.000000;7.196938;;S;N;
CLASSES - FIF;46.539.506/0001-74;WISE CASH FUNDO DE INVESTIMENTO FINANCEIRO RENDA FIXA;2025-11-30;Debêntures;Debênture simples;N;Para negociação;;;;;550.000000;291223.28;;;PJ;33.000.167/0001-01;PETROLEO BRASILEIRO S A PETROBRAS;2026-01-15;S;DI1;DI de um dia;106.250000;103.524500;;S;N;
CLASSES - FIF;46.573.287/0001-40;SAXUM FUNDO INCENTIVADO DE INVESTIMENTO FINANCEIRO EM INFRAESTRUTURA RENDA FIXA;2025-11-30;Debêntures;Debênture simples;N;Para negociação;;;;;108.000000;106988.33;;;PJ;06.981.180/0001-16;CEMIG DISTRIBUICAO S.A;2037-10-15;S;IAP;Índice de Preços ao Consumidor Amplo (IPCA/IBGE);100.000000;6.941443;;S;N;
CLASSES - FIF;46.573.287/0001-40;SAXUM FUNDO INCENTIVADO DE INVESTIMENTO FINANCEIRO EM INFRAESTRUTURA RENDA FIXA;2025-11-30;Debêntures;Debênture simples;N;Para negociação;;;;;1022.000000;1008305.30;;;PJ;07.714.104/0001-07;GIGA MAIS FIBRA TELECOMUNICACOES S.A.;2031-10-15;S;IAP;Índice de Preços ao Consumidor Amplo (IPCA/IBGE);100.000000;10.347900;;S;N;
CLASSES - FIF;46.573.287/0001-40;SAXUM FUNDO INCENTIVADO DE INVESTIMENTO FINANCEIRO EM INFRAESTRUTURA RENDA FIXA;2025-11-30;Debêntures;Debênture simples;N;Para negociação;;;;;164.000000;165557.19;;;PJ;55.085.811/0001-24;EXES SECURITIZADORA S.A.;2031-10-20;S;DI1;DI de um dia;100.000000;1.000000;;S;N;
CLASSES - FIF;46.729.344/0001-37;MÖBIUS TOTAL RETURN 1 - FIM CRÉD PRIV - RESP LIMITADA;2025-11-30;Títulos ligados ao agronegócio;CRA;N;Para negociação;;;;;1700.000000;1156533.55;;;PJ;25.005.683/0001-09;VERT COMPANHIA SECURITIZADORA;2027-12-15;S;DI1;DI de um dia;100.000000;4.000000;;S;N;
CLASSES - FIF;46.762.285/0001-07;LIMA XIX FIF - CLASSE DE INVESTIMENTO MULTIMERCADO CRÉDITO PRIVADO - RESP LIMITADA;2025-11-30;Títulos de Crédito Privado;CCB;N;Para negociação;;;;;350.000000;88265.22;;;PJ;21.320.221/0001-17;UBY AGROQUIMICA;2026-05-12;S;DI1;DI de um dia;100.000000;3.294682;;S;N;
CLASSES - FIF;46.762.285/0001-07;LIMA XIX FIF - CLASSE DE INVESTIMENTO MULTIMERCADO CRÉDITO PRIVADO - RESP LIMITADA;2025-11-30;Títulos de Crédito Privado;CCCB;N;Para negociação;;;;;1.000000;302020.88;;;PJ;15.114.366/0001-69;BANCO BOCOM BBM;2026-08-04;S;DI1;DI de um dia;100.000000;3.225303;;S;N;
CLASSES - FIF;46.762.285/0001-07;LIMA XIX FIF - CLASSE DE INVESTIMENTO MULTIMERCADO CRÉDITO PRIVADO - RESP LIMITADA;2025-11-30;Títulos de Crédito Privado;CCCB;N;Para negociação;;;;;1.000000;270949.45;;;PJ;15.114.366/0001-69;BANCO BOCOM BBM;2026-12-28;S;DI1;DI de um dia;100.000000;4.732156;;S;N;
CLASSES - FIF;46.762.285/0001-07;LIMA XIX FIF - CLASSE DE INVESTIMENTO MULTIMERCADO CRÉDITO PRIVADO - RESP LIMITADA;2025-11-30;Títulos de Crédito Privado;Nota Promissória/ Commercial Paper/ Export Note;N;Para negociação;;;;;500.000000;513568.63;;;PJ;27.317.702/0001-50;SPIC BRASIL ENE;2026-03-30;S;DI1;DI de um dia;100.000000;2.227774;;S;N;
CLASSES - FIF;46.975.834/0001-13;MULTICOOP MODERADO FIF MULTIMERCADO CRÉDITO PRIVADO RESPONSABILIDADE LIMITADA;2025-11-30;Títulos de Crédito Privado;Nota Promissória/ Commercial Paper/ Export Note;N;Para negociação;;;;;147.000000;155116.59;;;PJ;50.746.577/0001-15;COSAN SA INDUSTRIA E COMERCIO;2031-01-30;S;DI1;DI de um dia;100.000000;1.800000;;S;N;
CLASSES - FIF;47.457.540/0001-62;FSB INFRA FUNDO INCENTIVADO DE INVESTIMENTO EM INFRAESTRUTURA RENDA FIXA;2025-11-30;Debêntures;Debênture simples;N;Para negociação;;;;;87.000000;86185.04;;;PJ;06.981.180/0001-16;CEMIG DISTRIBUICAO S.A;2037-10-15;S;IAP;Índice de Preços ao Consumidor Amplo (IPCA/IBGE);100.000000;6.941443;;S;N;
CLASSES - FIF;47.457.540/0001-62;FSB INFRA FUNDO INCENTIVADO DE INVESTIMENTO EM INFRAESTRUTURA RENDA FIXA;2025-11-30;Debêntures;Debênture simples;N;Para negociação;;;;;808.000000;797172.88;;;PJ;07.714.104/0001-07;GIGA MAIS FIBRA TELECOMUNICACOES S.A.;2031-10-15;S;IAP;Índice de Preços ao Consumidor Amplo (IPCA/IBGE);100.000000;10.347900;;S;N;
CLASSES - FIF;47.457.540/0001-62;FSB INFRA FUNDO INCENTIVADO DE INVESTIMENTO EM INFRAESTRUTURA RENDA FIXA;2025-11-30;Debêntures;Debênture simples;N;Para negociação;;;;;622.000000;627905.94;;;PJ;55.085.811/0001-24;EXES SECURITIZADORA S.A.;2031-10-20;S;DI1;DI de um dia;100.000000;1.000000;;S;N;
CLASSES - FIF;47.586.467/0001-29;BWS SELEÇÃO CRÉDITO FIF RENDA FIXA INVESTIMENTO EM INFRAESTRUTURA - RESPONSABILIDADE LIMITADA;2025-11-30;Debêntures;Debênture simples;N;Para negociação;;;;;19.000000;18779.63;;;PJ;06.981.180/0001-16;CEMIG DISTRIBUIÇÃO S/A;2037-10-15;S;IAP;Índice de Preços ao Consumidor Amplo (IPCA/IBGE);100.000000;7.169628;;S;N;
CLASSES - FIF;47.586.467/0001-29;BWS SELEÇÃO CRÉDITO FIF RENDA FIXA INVESTIMENTO EM INFRAESTRUTURA - RESPONSABILIDADE LIMITADA;2025-11-30;Debêntures;Debênture simples;N;Para negociação;;;;;16.000000;15718.38;;;PJ;42.276.907/0001-28;VLI MULTIMODAL S.A;2035-10-15;S;IAP;Índice de Preços ao Consumidor Amplo (IPCA/IBGE);100.000000;7.169553;;S;N;
CLASSES - FIF;48.004.985/0001-50;NARILA FUNDO DE INVESTIMENTO FINANCEIRO MULTIMERCADO;2025-11-30;Debêntures;Debênture simples;N;Para negociação;;;;;517.000000;519698.52;;;PJ;43.776.517/0001-80;COMPANHIA DE SANEAMENTO BASICO DO ESTADO DE SAO PA;2032-11-14;S;DI1;DI de um dia;100.000000;0.690000;;S;N;
CLASSES - FIF;48.038.480/0001-06;VANQUISH OCEAN FUNDO DE INVESTIMENTO RENDA FIXA CREDITO PRIVADO LONGO PRAZO;2025-11-30;Debêntures;Debênture simples;N;Para negociação;0.000000;0.00;0.000000;0.00;210.000000;107428.56;;;PJ;04.370.282/0001-70;Copel Geração e Transmissão S.A.;2026-10-15;S;DI1;DI de um dia;100.000000;0.000000;;S;N;
CLASSES - FIF;48.038.480/0001-06;VANQUISH OCEAN FUNDO DE INVESTIMENTO RENDA FIXA CREDITO PRIVADO LONGO PRAZO;2025-11-30;Debêntures;Debênture simples;N;Para negociação;0.000000;0.00;0.000000;0.00;186.000000;130542.86;;;PJ;21.314.559/0001-66;Movida Participações S.A.;2027-07-27;S;DI1;DI de um dia;100.000000;0.000000;;S;N;
CLASSES - FIF;48.038.480/0001-06;VANQUISH OCEAN FUNDO DE INVESTIMENTO RENDA FIXA CREDITO PRIVADO LONGO PRAZO;2025-11-30;Debêntures;Debênture simples;N;Para negociação;0.000000;0.00;0.000000;0.00;165.000000;174571.17;;;PJ;50.746.577/0001-15;COSAN;2031-08-15;S;DI1;DI de um dia;100.000000;0.000000;;S;N;
CLASSES - FIF;48.133.419/0001-48;ITAÚ PRIVATE DEB INCENTIVADAS PRÉ III TARGET 2027 FUNDO INC DE INV FINANCEIRO  INFRA RF - RESP LTDA;2025-11-30;Debêntures;Debênture simples;N;Para negociação;;;;;475.000000;469031.81;;;PJ;06.981.180/0001-16;CEMIG DISTRIBUICAO S.A.;2037-10-15;S;IAP;Índice de Preços ao Consumidor Amplo (IPCA/IBGE);100.000000;6.787800;;S;N;
CLASSES - FIF;48.133.419/0001-48;ITAÚ PRIVATE DEB INCENTIVADAS PRÉ III TARGET 2027 FUNDO INC DE INV FINANCEIRO  INFRA RF - RESP LTDA;2025-11-30;Debêntures;Debênture simples;N;Para negociação;;;;;111.000000;109046.26;;;PJ;42.276.907/0001-28;VLI MULTIMODAL S.A.;2035-10-15;S;IAP;Índice de Preços ao Consumidor Amplo (IPCA/IBGE);100.000000;6.672900;;S;N;
CLASSES - FIF;48.133.419/0001-48;ITAÚ PRIVATE DEB INCENTIVADAS PRÉ III TARGET 2027 FUNDO INC DE INV FINANCEIRO  INFRA RF - RESP LTDA;2025-11-30;Debêntures;Debênture simples;N;Para negociação;;;;;4.000000;3932.29;;;PJ;02.476.026/0001-36;ULTRAFERTIL SA;2035-10-15;S;IAP;Índice de Preços ao Consumidor Amplo (IPCA/IBGE);100.000000;6.672900;;S;N;
CLASSES - FIF;48.393.053/0001-46;BB MEGLETH RENDA FIXA FUNDO INCENTIVADO DE INVESTIMENTO FINANCEIRO EM INFRAESTRUTURA RESP LIMITADA;2025-11-30;Títulos ligados ao agronegócio;CRA;N;Para negociação;;;;;500.000000;519943.30;;;PJ;08.769.451/0001-08;VIRGO COMPANHIA DE SECURITIZAÇÃO;2028-10-04;S;DOL;Dólar comercial;100.000000;6.000000;;S;N;
CLASSES - FIF;48.411.822/0001-91;SIGSUG FIF MULTIMERCADO CRÉDITO PRIVADO INVESTIMENTO NO EXTERIOR - RESPONSABILIDADE LIMITADA;2025-11-30;Títulos de Crédito Privado;CCB;N;Para negociação;;;;;1.000000;767730.31;;;PJ;45.246.410/0001-55;BRASIL PLURAL SA BANCO MULTIPLO;2026-10-25;S;DI1;DI de um dia;100.000000;6.071355;;S;N;
CLASSES - FIF;48.411.822/0001-91;SIGSUG FIF MULTIMERCADO CRÉDITO PRIVADO INVESTIMENTO NO EXTERIOR - RESPONSABILIDADE LIMITADA;2025-11-30;Títulos ligados ao agronegócio;CRA;N;Para negociação;;;;;494.000000;494339.83;;;PJ;10.753.164/0001-43;ECO SECURITIZADORA DE DIREITOS CRED;2028-08-30;S;DI1;DI de um dia;100.000000;0.409135;;S;N;
CLASSES - FIF;48.939.966/0001-15;ARÁBIA FUNDO DE INVESTIMENTO MULTIMERCADO CRÉDITO PRIVADO INVESTIMENTO NO EXTERIOR;2025-11-30;Títulos ligados ao agronegócio;LCA;N;Para negociação;;;;;290922.000000;3054.39;;;PJ;75.476.959/0001-05;*** A Definir ***;2028-04-03;S;DI1;DI de um dia;100.000000;0.000000;;S;N;
CLASSES - FIF;48.939.966/0001-15;ARÁBIA FUNDO DE INVESTIMENTO MULTIMERCADO CRÉDITO PRIVADO INVESTIMENTO NO EXTERIOR;2025-11-30;Títulos ligados ao agronegócio;LCA;N;Para negociação;;;;;1.000000;1231.30;;;PJ;38.486.817/0001-94;BCO DESENVOLVIMENTO MINAS GERAIS SA BDMG;2027-01-04;S;DI1;DI de um dia;100.000000;0.000000;;S;N;
CLASSES - FIF;48.939.966/0001-15;ARÁBIA FUNDO DE INVESTIMENTO MULTIMERCADO CRÉDITO PRIVADO INVESTIMENTO NO EXTERIOR;2025-11-30;Títulos ligados ao agronegócio;LCA;N;Para negociação;;;;;30.000000;30883.71;;;PJ;02.038.232/0001-64;BANCO COOPERATIVO DO BRASIL S.A.;2030-06-04;S;DI1;DI de um dia;100.000000;0.000000;;S;N;
CLASSES - FIF;48.939.966/0001-15;ARÁBIA FUNDO DE INVESTIMENTO MULTIMERCADO CRÉDITO PRIVADO INVESTIMENTO NO EXTERIOR;2025-11-30;Títulos ligados ao agronegócio;LCA;N;Para negociação;;;;;2.000000;2781.45;;;PJ;01.023.570/0001-60;RABOBANK NEDERLAND;2028-03-08;S;DI1;DI de um dia;100.000000;0.000000;;S;N;
CLASSES - FIF;48.939.966/0001-15;ARÁBIA FUNDO DE INVESTIMENTO MULTIMERCADO CRÉDITO PRIVADO INVESTIMENTO NO EXTERIOR;2025-11-30;Títulos ligados ao agronegócio;LCA;N;Para negociação;;;;;7.000000;7589.86;;;PJ;00.000.208/0073-85;BRB BANCO DE BRASILIA SA;2026-04-09;S;DI1;DI de um dia;100.000000;0.000000;;S;N;
CLASSES - FIF;48.939.966/0001-15;ARÁBIA FUNDO DE INVESTIMENTO MULTIMERCADO CRÉDITO PRIVADO INVESTIMENTO NO EXTERIOR;2025-11-30;Títulos ligados ao agronegócio;LCA;N;Para negociação;;;;;58.000000;60246.20;;;PJ;02.038.232/0001-64;BANCO COOPERATIVO DO BRASIL S.A.;2030-05-10;S;DI1;DI de um dia;100.000000;0.000000;;S;N;
CLASSES - FIF;48.939.966/0001-15;ARÁBIA FUNDO DE INVESTIMENTO MULTIMERCADO CRÉDITO PRIVADO INVESTIMENTO NO EXTERIOR;2025-11-30;Títulos ligados ao agronegócio;LCA;N;Para negociação;;;;;145.000000;161550.91;;;PJ;28.195.667/0001-06;Banco ABC Brasil;2026-01-13;S;DI1;DI de um dia;100.000000;0.000000;;S;N;
CLASSES - FIF;48.939.966/0001-15;ARÁBIA FUNDO DE INVESTIMENTO MULTIMERCADO CRÉDITO PRIVADO INVESTIMENTO NO EXTERIOR;2025-11-30;Títulos ligados ao agronegócio;LCA;N;Para negociação;;;;;1.000000;1038.21;;;PJ;01.023.570/0001-60;BANCO RABOBANK INTERNATIONAL BRASIL S.A.;2029-08-14;S;DI1;DI de um dia;100.000000;0.000000;;S;N;
CLASSES - FIF;48.939.966/0001-15;ARÁBIA FUNDO DE INVESTIMENTO MULTIMERCADO CRÉDITO PRIVADO INVESTIMENTO NO EXTERIOR;2025-11-30;Títulos ligados ao agronegócio;LCA;N;Para negociação;;;;;37.000000;37596.90;;;PJ;01.023.570/0001-60;BANCO RABOBANK INTERNATIONAL BRASIL S.A.;2029-09-17;S;DI1;DI de um dia;100.000000;0.000000;;S;N;
CLASSES - FIF;48.939.966/0001-15;ARÁBIA FUNDO DE INVESTIMENTO MULTIMERCADO CRÉDITO PRIVADO INVESTIMENTO NO EXTERIOR;2025-11-30;Títulos ligados ao agronegócio;LCA;N;Para negociação;;;;;1.000000;1148.78;;;PJ;38.486.817/0001-94;BCO DESENVOLVIMENTO MINAS GERAIS SA BDMG;2027-08-19;S;DI1;DI de um dia;100.000000;0.000000;;S;N;
CLASSES - FIF;48.939.966/0001-15;ARÁBIA FUNDO DE INVESTIMENTO MULTIMERCADO CRÉDITO PRIVADO INVESTIMENTO NO EXTERIOR;2025-11-30;Títulos ligados ao agronegócio;LCA;N;Para negociação;;;;;21.000000;22212.29;;;PJ;02.038.232/0001-64;BANCO COOPERATIVO DO BRASIL S.A.;2030-03-21;S;DI1;DI de um dia;100.000000;0.000000;;S;N;
CLASSES - FIF;48.939.966/0001-15;ARÁBIA FUNDO DE INVESTIMENTO MULTIMERCADO CRÉDITO PRIVADO INVESTIMENTO NO EXTERIOR;2025-11-30;Títulos ligados ao agronegócio;LCA;N;Para negociação;;;;;5.000000;5285.80;;;PJ;02.038.232/0001-64;BANCO COOPERATIVO DO BRASIL S.A.;2030-03-22;S;DI1;DI de um dia;100.000000;0.000000;;S;N;
CLASSES - FIF;48.939.966/0001-15;ARÁBIA FUNDO DE INVESTIMENTO MULTIMERCADO CRÉDITO PRIVADO INVESTIMENTO NO EXTERIOR;2025-11-30;Títulos ligados ao agronegócio;LCA;N;Para negociação;;;;;326.000000;382.43;;;PJ;28.195.667/0001-06;BANCO ABC BRASIL S/A;2027-07-22;S;DI1;DI de um dia;100.000000;0.000000;;S;N;
CLASSES - FIF;48.939.966/0001-15;ARÁBIA FUNDO DE INVESTIMENTO MULTIMERCADO CRÉDITO PRIVADO INVESTIMENTO NO EXTERIOR;2025-11-30;Títulos ligados ao agronegócio;LCA;N;Para negociação;;;;;1.000000;1114.31;;;PJ;92.894.922/0001-08;Banco Original S.A;2026-10-27;S;DI1;DI de um dia;100.000000;0.000000;;S;N;
CLASSES - FIF;48.939.966/0001-15;ARÁBIA FUNDO DE INVESTIMENTO MULTIMERCADO CRÉDITO PRIVADO INVESTIMENTO NO EXTERIOR;2025-11-30;Títulos ligados ao agronegócio;LCA;N;Para negociação;;;;;1000.000000;1082.35;;;PJ;30.306.294/0001-45;BANCO BTG PACTUAL S.A;2026-10-05;S;IAP;Índice de Preços ao Consumidor Amplo (IPCA/IBGE);100.000000;5.280000;;S;N;
CLASSES - FIF;48.939.966/0001-15;ARÁBIA FUNDO DE INVESTIMENTO MULTIMERCADO CRÉDITO PRIVADO INVESTIMENTO NO EXTERIOR;2025-11-30;Títulos ligados ao agronegócio;LCA;N;Para negociação;;;;;1027.000000;1136.95;;;PJ;30.306.294/0001-45;BANCO BTG PACTUAL S.A;2026-07-06;S;IAP;Índice de Preços ao Consumidor Amplo (IPCA/IBGE);100.000000;5.010000;;S;N;
CLASSES - FIF;48.939.966/0001-15;ARÁBIA FUNDO DE INVESTIMENTO MULTIMERCADO CRÉDITO PRIVADO INVESTIMENTO NO EXTERIOR;2025-11-30;Títulos ligados ao agronegócio;LCA;N;Para negociação;;;;;20000.000000;21969.44;;;PJ;30.306.294/0001-45;BANCO BTG PACTUAL S.A;2026-07-13;S;IAP;Índice de Preços ao Consumidor Amplo (IPCA/IBGE);100.000000;0.000000;;S;N;
CLASSES - FIF;48.939.966/0001-15;ARÁBIA FUNDO DE INVESTIMENTO MULTIMERCADO CRÉDITO PRIVADO INVESTIMENTO NO EXTERIOR;2025-11-30;Títulos ligados ao agronegócio;LCA;N;Para negociação;;;;;5.000000;7215.81;;;PJ;30.306.294/0001-45;BANCO BTG PACTUAL S.A;2026-09-14;S;IAP;Índice de Preços ao Consumidor Amplo (IPCA/IBGE);100.000000;4.350000;;S;N;
CLASSES - FIF;48.939.966/0001-15;ARÁBIA FUNDO DE INVESTIMENTO MULTIMERCADO CRÉDITO PRIVADO INVESTIMENTO NO EXTERIOR;2025-11-30;Títulos ligados ao agronegócio;LCA;N;Para negociação;;;;;1.000000;1413.94;;;PJ;30.306.294/0001-45;BANCO BTG PACTUAL S.A;2027-08-16;S;IAP;Índice de Preços ao Consumidor Amplo (IPCA/IBGE);100.000000;4.300000;;S;N;
CLASSES - FIF;48.939.966/0001-15;ARÁBIA FUNDO DE INVESTIMENTO MULTIMERCADO CRÉDITO PRIVADO INVESTIMENTO NO EXTERIOR;2025-11-30;Títulos ligados ao agronegócio;LCA;N;Para negociação;;;;;3002.000000;3121.07;;;PJ;28.195.667/0001-06;BANCO ABC BRASIL S/A;2027-03-17;S;IAP;Índice de Preços ao Consumidor Amplo (IPCA/IBGE);100.000000;6.540000;;S;N;
CLASSES - FIF;48.939.966/0001-15;ARÁBIA FUNDO DE INVESTIMENTO MULTIMERCADO CRÉDITO PRIVADO INVESTIMENTO NO EXTERIOR;2025-11-30;Títulos ligados ao agronegócio;LCA;N;Para negociação;;;;;1.000000;1214.43;;;PJ;30.306.294/0001-45;BANCO BTG PACTUAL S.A;2027-01-18;S;IAP;Índice de Preços ao Consumidor Amplo (IPCA/IBGE);100.000000;4.200000;;S;N;
CLASSES - FIF;48.939.966/0001-15;ARÁBIA FUNDO DE INVESTIMENTO MULTIMERCADO CRÉDITO PRIVADO INVESTIMENTO NO EXTERIOR;2025-11-30;Títulos ligados ao agronegócio;LCA;N;Para negociação;;;;;2134.000000;2315.18;;;PJ;28.195.667/0001-06;BANCO ABC BRASIL S/A;2026-09-25;S;IAP;Índice de Preços ao Consumidor Amplo (IPCA/IBGE);100.000000;5.300000;;S;N;
CLASSES - FIF;48.939.966/0001-15;ARÁBIA FUNDO DE INVESTIMENTO MULTIMERCADO CRÉDITO PRIVADO INVESTIMENTO NO EXTERIOR;2025-11-30;Títulos ligados ao agronegócio;LCA;N;Para negociação;;;;;6700.000000;6983.10;;;PJ;28.195.667/0001-06;Banco ABC Brasil;2026-05-04;S;IAP;Índice de Preços ao Consumidor Amplo (IPCA/IBGE);100.000000;7.270000;;S;N;
CLASSES - FIF;48.939.966/0001-15;ARÁBIA FUNDO DE INVESTIMENTO MULTIMERCADO CRÉDITO PRIVADO INVESTIMENTO NO EXTERIOR;2025-11-30;Títulos ligados ao agronegócio;LCA;N;Para negociação;;;;;7702.000000;8122.98;;;PJ;28.195.667/0001-06;Banco ABC Brasil;2026-04-07;S;IAP;Índice de Preços ao Consumidor Amplo (IPCA/IBGE);100.000000;7.500000;;S;N;
CLASSES - FIF;48.939.966/0001-15;ARÁBIA FUNDO DE INVESTIMENTO MULTIMERCADO CRÉDITO PRIVADO INVESTIMENTO NO EXTERIOR;2025-11-30;Títulos ligados ao agronegócio;LCA;N;Para negociação;;;;;11.000000;15989.49;;;PJ;30.306.294/0001-45;BANCO BTG PACTUAL S.A;2026-09-08;S;IAP;Índice de Preços ao Consumidor Amplo (IPCA/IBGE);100.000000;4.470000;;S;N;
CLASSES - FIF;48.939.966/0001-15;ARÁBIA FUNDO DE INVESTIMENTO MULTIMERCADO CRÉDITO PRIVADO INVESTIMENTO NO EXTERIOR;2025-11-30;Títulos ligados ao agronegócio;LCA;N;Para negociação;;;;;362.000000;444.65;;;PJ;92.894.922/0001-08;Banco Original S.A;2026-01-21;S;DI1;DI de um dia;100.000000;0.000000;;S;N;
CLASSES - FIF;48.939.966/0001-15;ARÁBIA FUNDO DE INVESTIMENTO MULTIMERCADO CRÉDITO PRIVADO INVESTIMENTO NO EXTERIOR;2025-11-30;Títulos ligados ao agronegócio;LCA;N;Para negociação;;;;;100.000000;109.65;;;PJ;58.616.418/0001-08;BANCO OURINVEST;2026-01-07;S;IAP;Índice de Preços ao Consumidor Amplo (IPCA/IBGE);100.000000;6.830000;;S;N;
CLASSES - FIF;48.939.966/0001-15;ARÁBIA FUNDO DE INVESTIMENTO MULTIMERCADO CRÉDITO PRIVADO INVESTIMENTO NO EXTERIOR;2025-11-30;Títulos ligados ao agronegócio;LCA;N;Para negociação;;;;;3.000000;3888.68;;;PJ;00.556.603/0001-74;BARIGUI SA CFI;2026-06-15;S;IAP;Índice de Preços ao Consumidor Amplo (IPCA/IBGE);100.000000;0.000000;;S;N;
CLASSES - FIF;48.939.966/0001-15;ARÁBIA FUNDO DE INVESTIMENTO MULTIMERCADO CRÉDITO PRIVADO INVESTIMENTO NO EXTERIOR;2025-11-30;Títulos ligados ao agronegócio;LCA;N;Para negociação;;;;;22.000000;21134.48;;;PJ;18.945.670/0001-46;BANCO INTER;2028-06-28;S;IAP;Índice de Preços ao Consumidor Amplo (IPCA/IBGE);100.000000;0.000000;;S;N;
CLASSES - FIF;48.939.966/0001-15;ARÁBIA FUNDO DE INVESTIMENTO MULTIMERCADO CRÉDITO PRIVADO INVESTIMENTO NO EXTERIOR;2025-11-30;Títulos ligados ao agronegócio;LCA;N;Para negociação;;;;;1.000000;1472.27;;;PJ;30.306.294/0001-45;BANCO BTG PACTUAL S.A;2026-04-20;S;PRE;Taxa de juro prefixada;100.000000;9.210000;;S;N;
CLASSES - FIF;48.939.966/0001-15;ARÁBIA FUNDO DE INVESTIMENTO MULTIMERCADO CRÉDITO PRIVADO INVESTIMENTO NO EXTERIOR;2025-11-30;Títulos ligados ao agronegócio;LCA;N;Para negociação;;;;;1.000000;1085.11;;;PJ;30.306.294/0001-45;BANCO BTG PACTUAL S.A;2026-02-23;S;PRE;Taxa de juro prefixada;100.000000;12.090000;;S;N;
CLASSES - FIF;48.939.966/0001-15;ARÁBIA FUNDO DE INVESTIMENTO MULTIMERCADO CRÉDITO PRIVADO INVESTIMENTO NO EXTERIOR;2025-11-30;Títulos ligados ao agronegócio;LCA;N;Para negociação;;;;;1.000000;1095.44;;;PJ;28.195.667/0001-06;Banco ABC Brasil;2027-01-08;S;PRE;Taxa de juro prefixada;100.000000;13.200000;;S;N;
CLASSES - FIF;48.939.966/0001-15;ARÁBIA FUNDO DE INVESTIMENTO MULTIMERCADO CRÉDITO PRIVADO INVESTIMENTO NO EXTERIOR;2025-11-30;Títulos ligados ao agronegócio;LCA;N;Para negociação;;;;;1.000000;1055.24;;;PJ;18.945.670/0001-46;BANCO INTER;2027-03-22;S;PRE;Taxa de juro prefixada;100.000000;12.800000;;S;N;
CLASSES - FIF;48.969.821/0001-67;SUNO INFRA DEBENTURES MASTER I FUNDO INCENTIVADO DE INVESTIMENTO FINANCEIRO EM INFRAESTRUTURA RF;2025-11-30;Debêntures;Debênture simples;N;Para negociação;;;;;1220.000000;1203652.12;;;PJ;07.714.104/0001-07;GIGA MAIS FIBRA TELECOMUNICACOES S.A.;2031-10-15;S;IAP;Índice de Preços ao Consumidor Amplo (IPCA/IBGE);100.000000;10.347900;;S;N;
CLASSES - FIF;48.974.865/0001-85;TREK FUNDO DE INVESTIMENTO FINANCEIRO MULTIMERCADO;2025-11-30;Debêntures;Debênture simples;N;Para negociação;;;;;220.000000;242083.79;;;PJ;50.365.355/0001-52;BIOMETANO VERDE PAULINIA SA;2025-12-31;S;DI1;DI de um dia;100.000000;1.200000;;S;N;
CLASSES - FIF;49.000.812/0001-26;ANNECY FIF - CLASSE DE INVESTIMENTO MULTIMERCADO CRÉDITO PRIVADO - RESP LIMITADA;2025-11-30;Debêntures;Debênture simples;N;Para negociação;;;;;130.000000;142123.72;;;PJ;50.365.355/0001-52;BIOMETANO VERDE;2025-12-31;S;DI1;DI de um dia;100.000000;0.976897;;S;N;
CLASSES - FIF;49.014.064/0001-30;EXES PREVIDÊNCIA FIFE FUNDO DE INVESTIMENTO FINANCEIRO MULTIMERCADO;2025-11-30;Títulos ligados ao agronegócio;CRA;N;Para negociação;;;;;150.000000;100328.96;;;PJ;02.773.542/0001-22;OPEA SECURITIZADORA S.A.;2028-06-01;S;DI1;DI de um dia;100.000000;8.000000;;S;N;
CLASSES - FIF;49.014.064/0001-30;EXES PREVIDÊNCIA FIFE FUNDO DE INVESTIMENTO FINANCEIRO MULTIMERCADO;2025-11-30;Títulos ligados ao agronegócio;CRA;N;Para negociação;;;;;636.000000;734261.93;;;PJ;02.773.542/0001-22;OPEA SECURITIZADORA S.A.;2037-02-18;S;IAP;Índice de Preços ao Consumidor Amplo (IPCA/IBGE);100.000000;11.700000;;S;N;
CLASSES - FIF;49.014.064/0001-30;EXES PREVIDÊNCIA FIFE FUNDO DE INVESTIMENTO FINANCEIRO MULTIMERCADO;2025-11-30;Títulos ligados ao agronegócio;CRA;N;Para negociação;;;;;229.000000;148191.98;;;PJ;04.200.649/0001-07;COMPANHIA PROVINCIA DE SECURITIZACAO;2027-12-20;S;DI1;DI de um dia;100.000000;4.000000;;S;N;
CLASSES - FIF;49.014.064/0001-30;EXES PREVIDÊNCIA FIFE FUNDO DE INVESTIMENTO FINANCEIRO MULTIMERCADO;2025-11-30;Títulos ligados ao agronegócio;CRA;N;Para negociação;;;;;499.000000;339476.61;;;PJ;25.005.683/0001-09;VERT COMPANHIA SECURITIZADORA;2027-12-15;S;DI1;DI de um dia;100.000000;4.000000;;S;N;
CLASSES - FIF;49.014.064/0001-30;EXES PREVIDÊNCIA FIFE FUNDO DE INVESTIMENTO FINANCEIRO MULTIMERCADO;2025-11-30;Títulos ligados ao agronegócio;CRA;N;Para negociação;;;;;451.000000;454454.82;;;PJ;41.811.375/0001-19;CANAL COMPANHIA DE SECURITIZACAO;2029-12-26;S;DI1;DI de um dia;100.000000;6.500000;;S;N;
CLASSES - FIF;49.014.064/0001-30;EXES PREVIDÊNCIA FIFE FUNDO DE INVESTIMENTO FINANCEIRO MULTIMERCADO;2025-11-30;Títulos ligados ao agronegócio;CRA;N;Para negociação;;;;;1000.000000;909834.22;;;PJ;55.085.811/0001-24;EXES SECURITIZADORA S.A.;2028-12-22;S;DI1;DI de um dia;100.000000;5.500000;;S;N;
CLASSES - FIF;49.014.064/0001-30;EXES PREVIDÊNCIA FIFE FUNDO DE INVESTIMENTO FINANCEIRO MULTIMERCADO;2025-11-30;Títulos ligados ao agronegócio;CRA;N;Para negociação;;;;;1000.000000;1007889.57;;;PJ;55.085.811/0001-24;EXES SECURITIZADORA S.A.;2029-06-13;S;DI1;DI de um dia;100.000000;4.200000;;S;N;
CLASSES - FIF;49.014.064/0001-30;EXES PREVIDÊNCIA FIFE FUNDO DE INVESTIMENTO FINANCEIRO MULTIMERCADO;2025-11-30;Títulos ligados ao agronegócio;CRA;N;Para negociação;;;;;1000.000000;1010752.69;;;PJ;55.085.811/0001-24;EXES SECURITIZADORA S.A.;2030-05-06;S;DI1;DI de um dia;100.000000;3.000000;;S;N;
CLASSES - FIF;49.014.064/0001-30;EXES PREVIDÊNCIA FIFE FUNDO DE INVESTIMENTO FINANCEIRO MULTIMERCADO;2025-11-30;Títulos ligados ao agronegócio;CRA;N;Para negociação;;;;;710325.000000;700158.69;;;PJ;55.085.811/0001-24;EXES SECURITIZADORA S.A.;2030-11-25;S;DI1;DI de um dia;100.000000;4.000000;;S;N;
CLASSES - FIF;49.037.854/0001-31;NUPTSE FIF - CLASSE DE INVESTIMENTO MULTIMERCADO CRÉDITO PRIVADO - RESP LIMITADA;2025-11-30;Títulos ligados ao agronegócio;CRA;N;Para negociação;;;;;1000.000000;911927.47;;;PJ;12.130.744/0001-00;TRUE SECURITIZA;2029-10-31;S;OUT;OUTROS;100.000000;3.510113;;S;N;
CLASSES - FIF;49.037.854/0001-31;NUPTSE FIF - CLASSE DE INVESTIMENTO MULTIMERCADO CRÉDITO PRIVADO - RESP LIMITADA;2025-11-30;Títulos ligados ao agronegócio;CRA;N;Para negociação;;;;;770.000000;474245.41;;;PJ;02.773.542/0001-22;Opea Securitiza;2028-10-19;S;OUT;OUTROS;100.000000;4.258934;;S;N;
CLASSES - FIF;49.037.854/0001-31;NUPTSE FIF - CLASSE DE INVESTIMENTO MULTIMERCADO CRÉDITO PRIVADO - RESP LIMITADA;2025-11-30;Títulos ligados ao agronegócio;CRA;N;Para negociação;;;;;1000.000000;1017856.87;;;PJ;25.005.683/0001-09;VERTE SECURIZAD;2028-03-15;S;OUT;OUTROS;100.000000;5.112941;;S;N;
CLASSES - FIF;49.037.854/0001-31;NUPTSE FIF - CLASSE DE INVESTIMENTO MULTIMERCADO CRÉDITO PRIVADO - RESP LIMITADA;2025-11-30;Títulos ligados ao agronegócio;CRA;N;Para negociação;;;;;1000.000000;607269.55;;;PJ;02.773.542/0001-22;Opea Securitiza;2027-12-20;S;OUT;OUTROS;100.000000;4.010315;;S;N;
CLASSES - FIF;49.050.466/0001-90;ALFORGE FIF - CLASSE DE INVESTIMENTO MULTIMERCADO CRÉDITO PRIVADO - RESP LIMITADA;2025-11-30;Títulos ligados ao agronegócio;CRA;N;Para negociação;;;;;200.000000;205648.99;;;PJ;10.753.164/0001-43;ECO SECURITIZAD;2029-12-17;S;OUT;OUTROS;100.000000;3.999999;;S;N;
CLASSES - FIF;49.050.466/0001-90;ALFORGE FIF - CLASSE DE INVESTIMENTO MULTIMERCADO CRÉDITO PRIVADO - RESP LIMITADA;2025-11-30;Títulos ligados ao agronegócio;CRA;N;Para negociação;;;;;200.000000;197073.96;;;PJ;08.769.451/0001-08;VIRGO COMPANHIA;2029-11-21;S;OUT;OUTROS;100.000000;2.299999;;S;N;
CLASSES - FIF;49.050.466/0001-90;ALFORGE FIF - CLASSE DE INVESTIMENTO MULTIMERCADO CRÉDITO PRIVADO - RESP LIMITADA;2025-11-30;Títulos ligados ao agronegócio;CRA;N;Para negociação;;;;;200.000000;182385.49;;;PJ;12.130.744/0001-00;TRUE SECURITIZA;2029-10-31;S;OUT;OUTROS;100.000000;3.510113;;S;N;
CLASSES - FIF;49.050.466/0001-90;ALFORGE FIF - CLASSE DE INVESTIMENTO MULTIMERCADO CRÉDITO PRIVADO - RESP LIMITADA;2025-11-30;Títulos ligados ao agronegócio;CRA;N;Para negociação;;;;;200.000000;180409.24;;;PJ;08.769.451/0001-08;VIRGO COMPANHIA;2029-07-16;S;OUT;OUTROS;100.000000;2.256433;;S;N;
CLASSES - FIF;49.178.674/0001-70;BTG PACTUAL CONSÓRCIO FUNDO DE INVESTIMENTO FINANCEIRO RENDA FIXA REFERÊNCIA DI;2025-11-30;Debêntures;Debênture simples;N;Para negociação;;;;;3201.000000;3306322.64;;;PJ;21.480.839/0001-44;BRK AMBIENTAL - SUMARE S.A;2029-09-18;S;DI1;DI de um dia;100.000000;2.500000;;S;N;
CLASSES - FIF;49.219.706/0001-38;JWM CRÉDITO FUNDO DE INVESTIMENTO FINANCEIRO MULTIMERCADO;2025-11-30;Títulos de Crédito Privado;CCI;N;Para negociação;;;;;1.000000;387059.46;;;PJ;22.610.500/0001-88;VORTX DISTRIBUIDORA DE TITULOS E VALORES MOBILIARI;2028-05-25;S;IAP;Índice de Preços ao Consumidor Amplo (IPCA/IBGE);100.000000;12.000000;;S;N;
CLASSES - FIF;49.219.706/0001-38;JWM CRÉDITO FUNDO DE INVESTIMENTO FINANCEIRO MULTIMERCADO;2025-11-30;Títulos de Crédito Privado;CCI;N;Para negociação;;;;;1.000000;161026.82;;;PJ;22.610.500/0001-88;VORTX DISTRIBUIDORA DE TITULOS E VALORES MOBILIARI;2028-06-15;S;IAP;Índice de Preços ao Consumidor Amplo (IPCA/IBGE);100.000000;9.310000;;S;N;
CLASSES - FIF;49.219.706/0001-38;JWM CRÉDITO FUNDO DE INVESTIMENTO FINANCEIRO MULTIMERCADO;2025-11-30;Títulos de Crédito Privado;CCI;N;Para negociação;;;;;1.000000;416559.42;;;PJ;22.610.500/0001-88;VORTX DISTRIBUIDORA DE TITULOS E VALORES MOBILIARI;2029-01-24;S;IAP;Índice de Preços ao Consumidor Amplo (IPCA/IBGE);100.000000;12.682500;;S;N;
CLASSES - FIF;49.219.706/0001-38;JWM CRÉDITO FUNDO DE INVESTIMENTO FINANCEIRO MULTIMERCADO;2025-11-30;Títulos de Crédito Privado;CCI;N;Para negociação;;;;;1.000000;216980.93;;;PJ;22.610.500/0001-88;VORTX DISTRIBUIDORA DE TITULOS E VALORES MOBILIARI;2029-05-20;S;IAP;Índice de Preços ao Consumidor Amplo (IPCA/IBGE);100.000000;8.800000;;S;N;
CLASSES - FIF;49.219.706/0001-38;JWM CRÉDITO FUNDO DE INVESTIMENTO FINANCEIRO MULTIMERCADO;2025-11-30;Títulos de Crédito Privado;CCI;N;Para negociação;;;;;1.000000;479566.55;;;PJ;22.610.500/0001-88;VORTX DISTRIBUIDORA DE TITULOS E VALORES MOBILIARI;2029-06-25;S;IAP;Índice de Preços ao Consumidor Amplo (IPCA/IBGE);100.000000;0.000000;;S;N;
CLASSES - FIF;49.219.706/0001-38;JWM CRÉDITO FUNDO DE INVESTIMENTO FINANCEIRO MULTIMERCADO;2025-11-30;Títulos de Crédito Privado;CCI;N;Para negociação;;;;;1.000000;360415.82;;;PJ;22.610.500/0001-88;VORTX DISTRIBUIDORA DE TITULOS E VALORES MOBILIARI;2031-02-27;S;IAP;Índice de Preços ao Consumidor Amplo (IPCA/IBGE);100.000000;12.000000;;S;N;
CLASSES - FIF;49.219.706/0001-38;JWM CRÉDITO FUNDO DE INVESTIMENTO FINANCEIRO MULTIMERCADO;2025-11-30;Títulos de Crédito Privado;CCI;N;Para negociação;;;;;1.000000;1346933.54;;;PJ;32.402.502/0001-35;QI SOCIEDADE DE CREDITO DIRETO S.A.;2041-02-05;S;IAP;Índice de Preços ao Consumidor Amplo (IPCA/IBGE);100.000000;8.361600;;S;N;
CLASSES - FIF;49.219.706/0001-38;JWM CRÉDITO FUNDO DE INVESTIMENTO FINANCEIRO MULTIMERCADO;2025-11-30;Títulos de Crédito Privado;CCI;N;Para negociação;;;;;1.000000;943140.70;;;PJ;32.402.502/0001-35;QI SOCIEDADE DE CREDITO DIRETO S.A.;2041-04-28;S;IAP;Índice de Preços ao Consumidor Amplo (IPCA/IBGE);100.000000;8.317200;;S;N;
CLASSES - FIF;49.219.706/0001-38;JWM CRÉDITO FUNDO DE INVESTIMENTO FINANCEIRO MULTIMERCADO;2025-11-30;Títulos de Crédito Privado;CCI;N;Para negociação;;;;;1.000000;911233.22;;;PJ;32.402.502/0001-35;QI SOCIEDADE DE CREDITO DIRETO S.A.;2041-05-18;S;IAP;Índice de Preços ao Consumidor Amplo (IPCA/IBGE);100.000000;8.314600;;S;N;
CLASSES - FIF;49.270.021/0001-16;SBPREV I MASTER RENDA FIXA CRÉDITO PRIVADO - FIF RESP LIMITADA;2025-11-30;Títulos de Crédito Privado;Nota Promissória/ Commercial Paper/ Export Note;N;Para negociação;;;;;529.000000;570053.23;;;PJ;15.139.629/0001-94;COELBA;2027-06-20;S;DI1;DI de um dia;100.000000;1.865821;;S;N;
CLASSES - FIF;49.270.021/0001-16;SBPREV I MASTER RENDA FIXA CRÉDITO PRIVADO - FIF RESP LIMITADA;2025-11-30;Títulos de Crédito Privado;Nota Promissória/ Commercial Paper/ Export Note;N;Para negociação;;;;;781.000000;846294.48;;;PJ;15.139.629/0001-94;COELBA;2029-06-20;S;DI1;DI de um dia;100.000000;1.971665;;S;N;
CLASSES - FIF;49.414.058/0001-70;ESTEVÃO FUNDO INCENTIVADO DE INVESTIMENTO FINANCEIRO EM INFRAESTRUTURA RENDA FIXA;2025-11-30;Debêntures;Debênture simples;N;Para negociação;;;;;1253.000000;1236209.93;;;PJ;07.714.104/0001-07;GIGA MAIS FIBRA TELECOMUNICACOES S.A.;2031-10-15;S;IAP;Índice de Preços ao Consumidor Amplo (IPCA/IBGE);100.000000;10.347900;;S;N;
CLASSES - FIF;49.414.058/0001-70;ESTEVÃO FUNDO INCENTIVADO DE INVESTIMENTO FINANCEIRO EM INFRAESTRUTURA RENDA FIXA;2025-11-30;Debêntures;Debênture simples;N;Para negociação;;;;;134.000000;135272.34;;;PJ;55.085.811/0001-24;EXES SECURITIZADORA S.A.;2031-10-20;S;DI1;DI de um dia;100.000000;1.000000;;S;N;
CLASSES - FIF;49.454.180/0001-70;EQX FUNDO DE INVESTIMENTO FINANCEIRO - CI MULTIMERCADO CRÉDITO PRIVADO - RESP LIMITADA;2025-11-30;Títulos ligados ao agronegócio;CRA;N;Para negociação;;;;;192.000000;197423.03;;;PJ;10.753.164/0001-43;ECO SECURITIZAD;2029-12-17;S;OUT;OUTROS;100.000000;2.747916;;S;N;
CLASSES - FIF;49.454.180/0001-70;EQX FUNDO DE INVESTIMENTO FINANCEIRO - CI MULTIMERCADO CRÉDITO PRIVADO - RESP LIMITADA;2025-11-30;Títulos ligados ao agronegócio;CRA;N;Para negociação;;;;;250.000000;257061.24;;;PJ;10.753.164/0001-43;ECO SECURITIZAD;2029-12-17;S;OUT;OUTROS;100.000000;3.999999;;S;N;
CLASSES - FIF;49.454.180/0001-70;EQX FUNDO DE INVESTIMENTO FINANCEIRO - CI MULTIMERCADO CRÉDITO PRIVADO - RESP LIMITADA;2025-11-30;Títulos ligados ao agronegócio;CRA;N;Para negociação;;;;;250.000000;246342.45;;;PJ;08.769.451/0001-08;VIRGO COMPANHIA;2029-11-21;S;OUT;OUTROS;100.000000;2.299999;;S;N;
CLASSES - FIF;49.454.180/0001-70;EQX FUNDO DE INVESTIMENTO FINANCEIRO - CI MULTIMERCADO CRÉDITO PRIVADO - RESP LIMITADA;2025-11-30;Títulos ligados ao agronegócio;CRA;N;Para negociação;;;;;194.000000;191161.74;;;PJ;08.769.451/0001-08;VIRGO COMPANHIA;2029-11-21;S;OUT;OUTROS;100.000000;2.896405;;S;N;
CLASSES - FIF;49.454.180/0001-70;EQX FUNDO DE INVESTIMENTO FINANCEIRO - CI MULTIMERCADO CRÉDITO PRIVADO - RESP LIMITADA;2025-11-30;Títulos ligados ao agronegócio;CRA;N;Para negociação;;;;;198.000000;180561.64;;;PJ;12.130.744/0001-00;TRUE SECURITIZA;2029-10-31;S;OUT;OUTROS;100.000000;2.861623;;S;N;
CLASSES - FIF;49.454.180/0001-70;EQX FUNDO DE INVESTIMENTO FINANCEIRO - CI MULTIMERCADO CRÉDITO PRIVADO - RESP LIMITADA;2025-11-30;Títulos ligados ao agronegócio;CRA;N;Para negociação;;;;;250.000000;227981.87;;;PJ;12.130.744/0001-00;TRUE SECURITIZA;2029-10-31;S;OUT;OUTROS;100.000000;3.510113;;S;N;
CLASSES - FIF;49.454.180/0001-70;EQX FUNDO DE INVESTIMENTO FINANCEIRO - CI MULTIMERCADO CRÉDITO PRIVADO - RESP LIMITADA;2025-11-30;Títulos ligados ao agronegócio;CRA;N;Para negociação;;;;;380.000000;234043.19;;;PJ;02.773.542/0001-22;Opea Securitiza;2028-10-19;S;OUT;OUTROS;100.000000;2.893759;;S;N;
CLASSES - FIF;49.454.180/0001-70;EQX FUNDO DE INVESTIMENTO FINANCEIRO - CI MULTIMERCADO CRÉDITO PRIVADO - RESP LIMITADA;2025-11-30;Títulos ligados ao agronegócio;CRA;N;Para negociação;;;;;450.000000;301135.78;;;PJ;08.769.451/0001-08;VIRGO COMPANHIA;2028-09-19;S;OUT;OUTROS;100.000000;3.192432;;S;N;
CLASSES - FIF;49.454.180/0001-70;EQX FUNDO DE INVESTIMENTO FINANCEIRO - CI MULTIMERCADO CRÉDITO PRIVADO - RESP LIMITADA;2025-11-30;Títulos ligados ao agronegócio;CRA;N;Para negociação;;;;;400.000000;407142.75;;;PJ;25.005.683/0001-09;VERTE SECURIZAD;2028-03-15;S;OUT;OUTROS;100.000000;4.512754;;S;N;
CLASSES - FIF;49.454.180/0001-70;EQX FUNDO DE INVESTIMENTO FINANCEIRO - CI MULTIMERCADO CRÉDITO PRIVADO - RESP LIMITADA;2025-11-30;Títulos ligados ao agronegócio;CRA;N;Para negociação;;;;;100.000000;101785.69;;;PJ;25.005.683/0001-09;VERTE SECURIZAD;2028-03-15;S;OUT;OUTROS;100.000000;3.492436;;S;N;
CLASSES - FIF;49.454.180/0001-70;EQX FUNDO DE INVESTIMENTO FINANCEIRO - CI MULTIMERCADO CRÉDITO PRIVADO - RESP LIMITADA;2025-11-30;Títulos ligados ao agronegócio;CRA;N;Para negociação;;;;;250.000000;151817.39;;;PJ;02.773.542/0001-22;Opea Securitiza;2027-12-20;S;OUT;OUTROS;100.000000;3.296235;;S;N;
CLASSES - FIF;49.454.180/0001-70;EQX FUNDO DE INVESTIMENTO FINANCEIRO - CI MULTIMERCADO CRÉDITO PRIVADO - RESP LIMITADA;2025-11-30;Títulos ligados ao agronegócio;CRA;N;Para negociação;;;;;450.000000;306212.80;;;PJ;02.773.542/0001-22;Opea Securitiza;2026-10-19;S;DI1;DI de um dia;100.000000;2.111401;;S;N;
CLASSES - FIF;49.460.236/0001-08;CADENZA HIGH YIELD IQ MASTER FUNDO DE INVESTIMENTO FINANCEIRO MULTIMERCADO;2025-11-30;Debêntures;Debênture simples;N;Para negociação;;;;;13.000000;13118.79;;;PJ;50.746.577/0001-15;COSAN S.A.;2028-05-05;S;DI1;DI de um dia;100.000000;1.524900;;S;N;
CLASSES - FIF;49.460.236/0001-08;CADENZA HIGH YIELD IQ MASTER FUNDO DE INVESTIMENTO FINANCEIRO MULTIMERCADO;2025-11-30;Títulos ligados ao agronegócio;CRA;N;Para negociação;;;;;25.000000;29930.11;;;PJ;02.773.542/0001-22;OPEA SECURITIZADORA S.A.;2026-10-15;S;IAP;Índice de Preços ao Consumidor Amplo (IPCA/IBGE);100.000000;6.984900;;S;N;
CLASSES - FIF;49.460.236/0001-08;CADENZA HIGH YIELD IQ MASTER FUNDO DE INVESTIMENTO FINANCEIRO MULTIMERCADO;2025-11-30;Títulos ligados ao agronegócio;CRA;N;Para negociação;;;;;4.000000;4608.41;;;PJ;02.773.542/0001-22;OPEA SECURITIZADORA S.A.;2029-07-16;S;IAP;Índice de Preços ao Consumidor Amplo (IPCA/IBGE);100.000000;3.602000;;S;N;
CLASSES - FIF;49.460.236/0001-08;CADENZA HIGH YIELD IQ MASTER FUNDO DE INVESTIMENTO FINANCEIRO MULTIMERCADO;2025-11-30;Títulos ligados ao agronegócio;CRA;N;Para negociação;;;;;90.000000;102995.17;;;PJ;02.773.542/0001-22;OPEA SECURITIZADORA S.A.;2030-06-17;S;IAP;Índice de Preços ao Consumidor Amplo (IPCA/IBGE);100.000000;5.800000;;S;N;
CLASSES - FIF;49.460.236/0001-08;CADENZA HIGH YIELD IQ MASTER FUNDO DE INVESTIMENTO FINANCEIRO MULTIMERCADO;2025-11-30;Títulos ligados ao agronegócio;CRA;N;Para negociação;;;;;10.000000;11145.72;;;PJ;10.753.164/0001-43;ECO SECURITIZADORA DE DIREITOS CREDITORIOS DO AGRO;2032-10-15;S;IAP;Índice de Preços ao Consumidor Amplo (IPCA/IBGE);100.000000;7.335200;;S;N;
CLASSES - FIF;49.460.236/0001-08;CADENZA HIGH YIELD IQ MASTER FUNDO DE INVESTIMENTO FINANCEIRO MULTIMERCADO;2025-11-30;Títulos ligados ao agronegócio;CRA;N;Para negociação;;;;;3.000000;3003.35;;;PJ;25.005.683/0001-09;VERT COMPANHIA SECURITIZADORA;2033-10-15;N;;;;;16.790000;S;N;
CLASSES - FIF;49.598.896/0001-41;AUGME CLASSE DE INVESTIMENTO RENDA FIXA INCENTIVADO EM INFRAESTRUTURA - RESP LIMITADA;2025-11-30;Títulos de Crédito Privado;Nota Promissória/ Commercial Paper/ Export Note;N;Para negociação;0.000000;0.00;0.000000;0.00;235.000000;249039.20;;;PJ;09.069.233/0001-15;BRITECH S.A.;2028-10-09;S;DI1;DI de um dia;100.000000;5.499999;;S;N;
CLASSES - FIF;49.598.896/0001-41;AUGME CLASSE DE INVESTIMENTO RENDA FIXA INCENTIVADO EM INFRAESTRUTURA - RESP LIMITADA;2025-11-30;Títulos de Crédito Privado;Nota Promissória/ Commercial Paper/ Export Note;N;Para negociação;0.000000;0.00;0.000000;0.00;276.000000;237388.65;;;PJ;23.599.885/0001-92;PLUGIFY TECNOLO;2029-08-15;S;DI1;DI de um dia;100.000000;4.499999;;S;N;
CLASSES - FIF;49.598.896/0001-41;AUGME CLASSE DE INVESTIMENTO RENDA FIXA INCENTIVADO EM INFRAESTRUTURA - RESP LIMITADA;2025-11-30;Títulos de Crédito Privado;Nota Promissória/ Commercial Paper/ Export Note;N;Para negociação;0.000000;0.00;0.000000;0.00;242.000000;243616.41;;;PJ;07.358.108/0001-08;EVEO SA;2030-02-20;S;DI1;DI de um dia;100.000000;6.509854;;S;N;
CLASSES - FIF;49.598.896/0001-41;AUGME CLASSE DE INVESTIMENTO RENDA FIXA INCENTIVADO EM INFRAESTRUTURA - RESP LIMITADA;2025-11-30;Títulos de Crédito Privado;Nota Promissória/ Commercial Paper/ Export Note;N;Para negociação;0.000000;0.00;0.000000;0.00;69467.000000;61438.16;;;PJ;55.512.223/0001-20;SAN VICENTE EMP;2030-12-12;S;IAP;Índice de Preços ao Consumidor Amplo (IPCA/IBGE);100.000000;9.186642;;S;N;
CLASSES - FIF;49.624.023/0001-66;PSL 3 FUNDO INCENTIVADO DE INVESTIMENTO EM INFRAESTRUTURA RENDA FIXA;2025-11-30;Debêntures;Debênture simples;N;Para negociação;;;;;23.000000;22495.74;;;PJ;07.714.104/0001-07;GIGA MAIS FIBRA TELECOMUNICACOES S.A.;2031-07-15;S;IAP;Índice de Preços ao Consumidor Amplo (IPCA/IBGE);100.000000;10.584400;;S;N;
CLASSES - FIF;49.633.643/0001-61;BRASILPREV ITAÚ SINFONIA PREV FIF RENDA FIXA CRÉD PRIV RESP LIMITADA;2025-11-30;Debêntures;Debênture simples;N;Para negociação;;;;;3046.000000;3076935.21;;;PJ;43.776.517/0001-80;CIA SANEAMENTO BASICO EST SAO PAULO;2035-11-14;S;DI1;DI de um dia;100.000000;0.900000;;S;N;
CLASSES - FIF;49.633.643/0001-61;BRASILPREV ITAÚ SINFONIA PREV FIF RENDA FIXA CRÉD PRIV RESP LIMITADA;2025-11-30;Títulos ligados ao agronegócio;CRA;N;Para negociação;;;;;202.000000;203461.88;;;PJ;10.753.164/0001-43;ECO SECURITIZADORA D C AGRONEGOCIO;2028-11-16;S;OUT;OUTROS;100.000000;0.650000;;S;N;
CLASSES - FIF;49.633.643/0001-61;BRASILPREV ITAÚ SINFONIA PREV FIF RENDA FIXA CRÉD PRIV RESP LIMITADA;2025-11-30;Títulos ligados ao agronegócio;CRA;N;Para negociação;;;;;217.000000;193644.49;;;PJ;12.130.744/0001-00;TRUE SECURITIZADORA S.A.;2032-08-15;S;OUT;OUTROS;100.000000;6.588500;;S;N;
CLASSES - FIF;49.633.643/0001-61;BRASILPREV ITAÚ SINFONIA PREV FIF RENDA FIXA CRÉD PRIV RESP LIMITADA;2025-11-30;Títulos ligados ao agronegócio;CRA;N;Para negociação;;;;;176.000000;201412.78;;;PJ;12.130.744/0001-00;TRUE SECURITIZADORA S.A.;2030-06-17;S;IAP;Índice de Preços ao Consumidor Amplo (IPCA/IBGE);100.000000;5.800000;;S;N;
CLASSES - FIF;49.633.643/0001-61;BRASILPREV ITAÚ SINFONIA PREV FIF RENDA FIXA CRÉD PRIV RESP LIMITADA;2025-11-30;Títulos ligados ao agronegócio;CRA;N;Para negociação;;;;;26.000000;20958.23;;;PJ;12.130.744/0001-00;TRUE SECURITIZADORA S.A.;2037-08-15;S;OUT;OUTROS;100.000000;6.738200;;S;N;
CLASSES - FIF;49.633.643/0001-61;BRASILPREV ITAÚ SINFONIA PREV FIF RENDA FIXA CRÉD PRIV RESP LIMITADA;2025-11-30;Títulos ligados ao agronegócio;CRA;N;Para negociação;;;;;18.000000;13720.41;;;PJ;12.130.744/0001-00;TRUE SECURITIZADORA S.A.;2033-10-17;S;OUT;OUTROS;100.000000;6.251300;;S;N;
CLASSES - FIF;49.633.643/0001-61;BRASILPREV ITAÚ SINFONIA PREV FIF RENDA FIXA CRÉD PRIV RESP LIMITADA;2025-11-30;Títulos ligados ao agronegócio;CRA;N;Para negociação;;;;;86.000000;121973.85;;;PJ;02.773.542/0001-22;OPEA SECURITIZADORA S.A.;2026-03-16;S;IAP;Índice de Preços ao Consumidor Amplo (IPCA/IBGE);100.000000;4.040000;;S;N;
CLASSES - FIF;49.633.643/0001-61;BRASILPREV ITAÚ SINFONIA PREV FIF RENDA FIXA CRÉD PRIV RESP LIMITADA;2025-11-30;Títulos ligados ao agronegócio;CRA;N;Para negociação;;;;;35.000000;43555.41;;;PJ;12.130.744/0001-00;TRUE SECURITIZADORA S.A.;2027-06-15;S;IAP;Índice de Preços ao Consumidor Amplo (IPCA/IBGE);100.000000;5.400000;;S;N;
CLASSES - FIF;49.633.643/0001-61;BRASILPREV ITAÚ SINFONIA PREV FIF RENDA FIXA CRÉD PRIV RESP LIMITADA;2025-11-30;Títulos ligados ao agronegócio;CRA;N;Para negociação;;;;;120.000000;138252.32;;;PJ;12.130.744/0001-00;TRUE SECURITIZADORA S.A.;2029-07-16;S;IAP;Índice de Preços ao Consumidor Amplo (IPCA/IBGE);100.000000;3.602000;;S;N;
CLASSES - FIF;49.633.643/0001-61;BRASILPREV ITAÚ SINFONIA PREV FIF RENDA FIXA CRÉD PRIV RESP LIMITADA;2025-11-30;Títulos ligados ao agronegócio;CRA;N;Para negociação;;;;;13.000000;10781.39;;;PJ;12.130.744/0001-00;TRUE SECURITIZADORA S.A.;2030-10-15;S;OUT;OUTROS;100.000000;6.008100;;S;N;
CLASSES - FIF;49.633.643/0001-61;BRASILPREV ITAÚ SINFONIA PREV FIF RENDA FIXA CRÉD PRIV RESP LIMITADA;2025-11-30;Títulos ligados ao agronegócio;CRA;N;Para negociação;;;;;21.000000;20931.16;;;PJ;12.130.744/0001-00;TRUE SECURITIZADORA S.A.;2029-07-16;S;OUT;OUTROS;100.000000;0.000000;;S;N;
CLASSES - FIF;49.768.506/0001-34;PREVI RENDA FIXA HIGH GRADE IPCA FUNDO DE INVESTIMENTO FINANCEIRO CRÉDITO PRIVADO RESP LIMITADA;2025-11-30;Debêntures;Debênture simples;N;Para negociação;;;;;89474.000000;4735657.77;;;PJ;60.444.437/0001-46;LIGHT SERVICOS ELETRICIDADE SA;2032-11-13;S;IAP;Índice de Preços ao Consumidor Amplo (IPCA/IBGE);100.000000;5.000000;;S;N;
CLASSES - FIF;49.840.203/0001-85;FUTURE LEGACY FUNDO DE INVESTIMENTO FINANCEIRO;2025-11-30;Títulos ligados ao agronegócio;CRA;N;Para negociação;;;;;205.000000;225118.95;;;PJ;25.005.683/0001-09;VERT COMPANHIA SECURITIZADORA;2034-05-15;S;IAP;Índice de Preços ao Consumidor Amplo (IPCA/IBGE);100.000000;6.769400;;S;N;
CLASSES - FIF;49.840.203/0001-85;FUTURE LEGACY FUNDO DE INVESTIMENTO FINANCEIRO;2025-11-30;Títulos ligados ao agronegócio;CRA;N;Para negociação;;;;;213.000000;198595.48;;;PJ;10.753.164/0001-43;ECO SECURITIZADORA DIREITOS CREDITORIOS AGRONEGOCIO SA;2037-05-15;S;IAP;Índice de Preços ao Consumidor Amplo (IPCA/IBGE);100.000000;6.973900;;S;N;
CLASSES - FIF;49.840.203/0001-85;FUTURE LEGACY FUNDO DE INVESTIMENTO FINANCEIRO;2025-11-30;Títulos ligados ao agronegócio;CRA;N;Para negociação;;;;;207.000000;220779.60;;;PJ;08.769.451/0001-08;VIRGO COMPANHIA DE SECURITIZAÇÃO;2032-09-15;S;IAP;Índice de Preços ao Consumidor Amplo (IPCA/IBGE);100.000000;6.391900;;S;N;
CLASSES - FIF;49.840.203/0001-85;FUTURE LEGACY FUNDO DE INVESTIMENTO FINANCEIRO;2025-11-30;Títulos ligados ao agronegócio;CRA;N;Para negociação;;;;;196.000000;157439.86;;;PJ;12.130.744/0001-00;TRUE SECURITIZADORA S.A.;2037-08-17;S;IAP;Índice de Preços ao Consumidor Amplo (IPCA/IBGE);100.000000;6.738200;;S;N;
CLASSES - FIF;49.894.184/0001-70;G5 FLORENÇA II FUNDO DE INVESTIMENTO FINANCEIRO MULTIMERCADO;2025-11-30;Títulos ligados ao agronegócio;CRA;N;Para negociação;;;;;200.000000;25223.34;;;PJ;10.753.164/0001-43;ECO SECURITIZADORA DE DIREITOS CREDITORIOS DO AGRO;2025-12-15;S;DI1;DI de um dia;100.000000;9.000000;;S;N;
CLASSES - FIF;50.019.162/0001-40;PORTO BAOBA MASTER FUNDO INCENTIVADO DE INVESTIMENTO EM INFRAESTRUTURA RENDA FIXA;2025-11-30;Debêntures;Debênture simples;N;Para negociação;;;;;4.000000;5817.93;;;PJ;33.000.167/0001-01;PETROLEO BRASILEIRO S A PETROBRAS;2026-01-15;S;IAP;Índice de Preços ao Consumidor Amplo (IPCA/IBGE);100.000000;9.108400;;S;N;
CLASSES - FIF;50.067.989/0001-29;G5 MVT FUNDO INCENTIVADO DE INVESTIMENTO FINANCEIRO EM INFRAESTRUTURA RENDA FIXA;2025-11-30;Debêntures;Debênture simples;N;Para negociação;;;;;355.000000;346966.75;;;PJ;07.714.104/0001-07;GIGA MAIS FIBRA TELECOMUNICACOES S.A.;2031-07-15;S;IAP;Índice de Preços ao Consumidor Amplo (IPCA/IBGE);100.000000;10.584400;;S;N;
CLASSES - FIF;50.095.878/0001-26;DECK FUNDO DE INVESTIMENTO FINANCEIRO;2025-11-30;Títulos de Crédito Privado;CCB;N;Para negociação;;;;;2.000000;7933955.50;;;PJ;32.402.502/0001-35;QI SOCIEDADEDE CREDITODIRETO SA;2031-07-21;S;IAP;Índice de Preços ao Consumidor Amplo (IPCA/IBGE);100.000000;11.000000;;S;N;
CLASSES - FIF;50.095.878/0001-26;DECK FUNDO DE INVESTIMENTO FINANCEIRO;2025-11-30;Títulos de Crédito Privado;CCB;N;Para negociação;;;;;1.000000;2751886.70;;;PJ;32.402.502/0001-35;QISOCIEDADECFI;2030-12-16;S;IAP;Índice de Preços ao Consumidor Amplo (IPCA/IBGE);100.000000;10.000000;;S;N;
CLASSES - FIF;50.095.878/0001-26;DECK FUNDO DE INVESTIMENTO FINANCEIRO;2025-11-30;Títulos de Crédito Privado;CCI;N;Para negociação;;;;;1.000000;31353.05;;;PJ;32.402.502/0001-35;QI SOCIEDADEDE CREDITODIRETO SA;2030-11-10;S;IAP;Índice de Preços ao Consumidor Amplo (IPCA/IBGE);100.000000;0.000000;;S;N;
CLASSES - FIF;50.095.878/0001-26;DECK FUNDO DE INVESTIMENTO FINANCEIRO;2025-11-30;Títulos de Crédito Privado;CCI;N;Para negociação;;;;;1.000000;246386.79;;;PJ;32.402.502/0001-35;QI SOCIEDADEDE CREDITODIRETO SA;2030-11-10;S;IAP;Índice de Preços ao Consumidor Amplo (IPCA/IBGE);100.000000;12.548700;;S;N;
CLASSES - FIF;50.095.878/0001-26;DECK FUNDO DE INVESTIMENTO FINANCEIRO;2025-11-30;Títulos de Crédito Privado;CCI;N;Para negociação;;;;;1.000000;145347.21;;;PJ;32.402.502/0001-35;QI SOCIEDADEDE CREDITODIRETO SA;2030-10-07;S;IAP;Índice de Preços ao Consumidor Amplo (IPCA/IBGE);100.000000;12.550000;;S;N;
CLASSES - FIF;50.095.878/0001-26;DECK FUNDO DE INVESTIMENTO FINANCEIRO;2025-11-30;Títulos de Crédito Privado;CCI;N;Para negociação;;;;;1.000000;61167.88;;;PJ;32.402.502/0001-35;QI SOCIEDADEDE CREDITODIRETO SA;2030-10-08;S;IAP;Índice de Preços ao Consumidor Amplo (IPCA/IBGE);100.000000;12.550000;;S;N;
CLASSES - FIF;50.095.878/0001-26;DECK FUNDO DE INVESTIMENTO FINANCEIRO;2025-11-30;Títulos de Crédito Privado;CCI;N;Para negociação;;;;;3.000000;196409.09;;;PJ;32.402.502/0001-35;QI SOCIEDADEDE CREDITODIRETO SA;2031-03-10;S;IAP;Índice de Preços ao Consumidor Amplo (IPCA/IBGE);100.000000;12.550000;;S;N;
CLASSES - FIF;50.095.878/0001-26;DECK FUNDO DE INVESTIMENTO FINANCEIRO;2025-11-30;Títulos de Crédito Privado;CCI;N;Para negociação;;;;;1.000000;42646.74;;;PJ;32.402.502/0001-35;QI SOCIEDADEDE CREDITODIRETO SA;2027-04-10;S;IAP;Índice de Preços ao Consumidor Amplo (IPCA/IBGE);100.000000;12.550000;;S;N;
CLASSES - FIF;50.095.878/0001-26;DECK FUNDO DE INVESTIMENTO FINANCEIRO;2025-11-30;Títulos de Crédito Privado;CCI;N;Para negociação;;;;;1.000000;44035.67;;;PJ;32.402.502/0001-35;QI SOCIEDADEDE CREDITODIRETO SA;2030-09-10;S;IAP;Índice de Preços ao Consumidor Amplo (IPCA/IBGE);100.000000;12.550000;;S;N;
CLASSES - FIF;50.095.878/0001-26;DECK FUNDO DE INVESTIMENTO FINANCEIRO;2025-11-30;Títulos de Crédito Privado;CCI;N;Para negociação;;;;;2.000000;470787.59;;;PJ;32.402.502/0001-35;QI SOCIEDADEDE CREDITODIRETO SA;2030-11-10;S;IAP;Índice de Preços ao Consumidor Amplo (IPCA/IBGE);100.000000;12.550000;;S;N;
CLASSES - FIF;50.095.878/0001-26;DECK FUNDO DE INVESTIMENTO FINANCEIRO;2025-11-30;Títulos de Crédito Privado;CCI;N;Para negociação;;;;;1.000000;287133.46;;;PJ;32.402.502/0001-35;QI SOCIEDADEDE CREDITODIRETO SA;2034-05-10;S;IAP;Índice de Preços ao Consumidor Amplo (IPCA/IBGE);100.000000;14.030000;;S;N;
CLASSES - FIF;50.095.878/0001-26;DECK FUNDO DE INVESTIMENTO FINANCEIRO;2025-11-30;Títulos de Crédito Privado;CCI;N;Para negociação;;;;;1.000000;8935.26;;;PJ;32.402.502/0001-35;QI SOCIEDADEDE CREDITODIRETO SA;2027-03-10;S;IAP;Índice de Preços ao Consumidor Amplo (IPCA/IBGE);100.000000;17.460000;;S;N;
CLASSES - FIF;50.095.878/0001-26;DECK FUNDO DE INVESTIMENTO FINANCEIRO;2025-11-30;Títulos de Crédito Privado;CCI;N;Para negociação;;;;;18041.000000;18547375.69;;;PJ;06.237.833/0001-57;VISCONDE INCORPORADORA E CONSTRUTORA LTD;2028-10-20;S;IAP;Índice de Preços ao Consumidor Amplo (IPCA/IBGE);100.000000;15.000000;;S;N;
CLASSES - FIF;50.122.424/0001-05;G5 FLORENÇA FUNDO DE INVESTIMENTO FINANCEIRO MULTIMERCADO;2025-11-30;Títulos ligados ao agronegócio;CRA;N;Para negociação;;;;;200.000000;25223.34;;;PJ;10.753.164/0001-43;ECO SECURITIZADORA DE DIREITOS CREDITORIOS DO AGRO;2025-12-15;S;DI1;DI de um dia;100.000000;9.000000;;S;N;
CLASSES - FIF;50.129.712/0001-83;CAPITÂNIA RADAR 90 MASTER FIF MULTIMERCADO CRÉDITO PRIVADO LONGO PRAZO - RESPONSABILIDADE LIMITADA;2025-11-30;Debêntures;Debênture simples;N;Para negociação;;;;;1810.000000;1697469.40;;;PJ;26.609.050/0001-64;TRAVESSIA SECURITIZADORA SA;2036-11-19;S;IAP;Índice de Preços ao Consumidor Amplo (IPCA/IBGE);100.000000;8.619738;;S;N;
CLASSES - FIF;50.168.059/0001-61;RWM PLUS FUNDO DE INVESTIMENTO FINANCEIRO MULTIMERCADO CRÉDITO  PRIVADO;2025-11-30;Debêntures;Debênture simples;N;Para negociação;0.000000;0.00;0.000000;0.00;760.000000;760000.00;;;PJ;38.419.838/0001-97;LIFTCRED SECURITIZADORA DE CREDITOS FINANCEIROS S.A.;2031-04-10;N;;;;;0.000000;N;N;
CLASSES - FIF;50.198.930/0001-70;BURITI FUNDO DE INVESTIMENTO FINANCEIRO MULTIMERCADO CRÉDITO PRIVADO - RESPONSABILIDADE LIMITADA;2025-11-30;Títulos ligados ao agronegócio;CRA;N;Para negociação;;;;;12179.000000;4850640.46;;;PJ;10.753.164/0001-43;ECO SECURITIZAD;2026-11-15;S;IAP;Índice de Preços ao Consumidor Amplo (IPCA/IBGE);100.000000;8.108589;;S;N;
CLASSES - FIF;50.198.930/0001-70;BURITI FUNDO DE INVESTIMENTO FINANCEIRO MULTIMERCADO CRÉDITO PRIVADO - RESPONSABILIDADE LIMITADA;2025-11-30;Títulos ligados ao agronegócio;CRA;N;Para negociação;;;;;10000.000000;10846735.05;;;PJ;08.769.451/0001-08;VIRGO COMPANHIA;2032-03-15;S;IAP;Índice de Preços ao Consumidor Amplo (IPCA/IBGE);100.000000;6.829488;;S;N;
CLASSES - FIF;50.390.553/0001-76;ITAÚ DEBÊNTURES INCENTIVADAS CDI III FUNDO INC DE INV FINANCEIRO EM INFRA RF CRÉD PRIV - RESP LTDA;2025-11-30;Debêntures;Debênture simples;N;Para negociação;;;;;993.000000;975521.88;;;PJ;42.276.907/0001-28;VLI MULTIMODAL S.A.;2035-10-15;S;IAP;Índice de Preços ao Consumidor Amplo (IPCA/IBGE);100.000000;6.672900;;S;N;
CLASSES - FIF;50.468.782/0001-66;RESERVA ÉXES FUNDO DE INVESTIMENTO FINANCEIRO RENDA FIXA CRÉDITO PRIVADO - RESPONSABILIDADE LIMITADA;2025-11-30;Títulos ligados ao agronegócio;CRA;N;Para negociação;;;;;2598.000000;2625935.46;;;PJ;55.085.811/0001-24;ÉXES SECURITIZADORA;2030-05-06;S;DI1;DI de um dia;100.000000;3.000000;;S;N;
CLASSES - FIF;50.468.782/0001-66;RESERVA ÉXES FUNDO DE INVESTIMENTO FINANCEIRO RENDA FIXA CRÉDITO PRIVADO - RESPONSABILIDADE LIMITADA;2025-11-30;Títulos ligados ao agronegócio;CRA;N;Para negociação;;;;;300.000000;302366.87;;;PJ;55.085.811/0001-24;ÉXES SECURITIZADORA;2029-06-13;S;DI1;DI de um dia;100.000000;4.200000;;S;N;
CLASSES - FIF;50.468.782/0001-66;RESERVA ÉXES FUNDO DE INVESTIMENTO FINANCEIRO RENDA FIXA CRÉDITO PRIVADO - RESPONSABILIDADE LIMITADA;2025-11-30;Títulos ligados ao agronegócio;CRA;N;Para negociação;;;;;52.000000;47311.38;;;PJ;55.085.811/0001-24;ÉXES SECURITIZADORA;2028-12-22;S;DI1;DI de um dia;100.000000;5.500000;;S;N;
CLASSES - FIF;50.468.782/0001-66;RESERVA ÉXES FUNDO DE INVESTIMENTO FINANCEIRO RENDA FIXA CRÉDITO PRIVADO - RESPONSABILIDADE LIMITADA;2025-11-30;Títulos ligados ao agronegócio;CRA;N;Para negociação;;;;;507942.000000;500672.25;;;PJ;55.085.811/0001-24;ÉXES SECURITIZADORA;2030-11-25;S;DI1;DI de um dia;100.000000;4.000000;;S;N;
CLASSES - FIF;50.678.270/0001-24;RENDA FIXA PORTFOLIO INCENTIVADA FUNDO INCENTIVADO DE INVESTIMENTO EM INFRAESTRUTURA RENDA FIXA;2025-11-30;Debêntures;Debênture simples;N;Para negociação;;;;;513.000000;506125.85;;;PJ;07.714.104/0001-07;GIGA MAIS FIBRA TELECOMUNICACOES S.A.;2031-10-15;S;IAP;Índice de Preços ao Consumidor Amplo (IPCA/IBGE);100.000000;10.347900;;S;N;
CLASSES - FIF;50.678.270/0001-24;RENDA FIXA PORTFOLIO INCENTIVADA FUNDO INCENTIVADO DE INVESTIMENTO EM INFRAESTRUTURA RENDA FIXA;2025-11-30;Debêntures;Debênture simples;N;Para negociação;;;;;437.000000;441149.35;;;PJ;55.085.811/0001-24;EXES SECURITIZADORA S.A.;2031-10-20;S;DI1;DI de um dia;100.000000;1.000000;;S;N;
CLASSES - FIF;50.803.290/0001-80;NEPTURE FUNDO DE INVESTIMENTO MULTIMERCADO CREDITO PRIVADO INVESTIMENTO NO EXTERIOR;2025-11-30;Títulos de Crédito Privado;Nota Promissória/ Commercial Paper/ Export Note;N;Para negociação;;;;;1779.000000;1643157.93;;;PJ;77.955.532/0001-07;CONSTRUTORA TRIUNFO S.A.;2027-09-15;S;DI1;DI de um dia;0.000000;0.000000;;S;N;
CLASSES - FIF;50.803.491/0001-87;BRASILPREV TOP RENDA FIXA SUPREME FIF RESPONSABILIDADE LIMITADA;2025-11-30;Debêntures;Debênture simples;N;Para negociação;;;;;57590.000000;58148392.14;;;PJ;55.085.811/0001-24;ÉXES SECURITIZADORA;2031-10-20;S;DI1;DI de um dia;100.000000;1.000000;;S;N;
CLASSES - FIF;50.803.491/0001-87;BRASILPREV TOP RENDA FIXA SUPREME FIF RESPONSABILIDADE LIMITADA;2025-11-30;Debêntures;Debênture simples;N;Para negociação;;;;;15000.000000;15129887.54;;;PJ;88.610.126/0001-29;FRAS-LE SA;2030-10-25;S;DI1;DI de um dia;100.000000;0.750000;;S;N;
CLASSES - FIF;50.862.124/0001-54;VINLAND FUNDO INCENTIVADO EM INVESTIMENTO EM DEB DE INFRA ATIVO FIF RF CRÉD PRIV LP  RESP LIMITADA;2025-11-30;Debêntures;Debênture simples;N;Para negociação;;;;;29520.000000;29543573.40;;;PJ;36.128.741/0001-08;CONCESSIONARIA DA RODOVIA MS 306 S.A.;2043-05-15;S;IAP;Índice de Preços ao Consumidor Amplo (IPCA/IBGE);100.000000;7.689100;;S;N;
CLASSES - FIF;50.862.124/0001-54;VINLAND FUNDO INCENTIVADO EM INVESTIMENTO EM DEB DE INFRA ATIVO FIF RF CRÉD PRIV LP  RESP LIMITADA;2025-11-30;Debêntures;Debênture simples;N;Para negociação;;;;;22770.000000;23157992.07;;;PJ;23.438.929/0001-00;ALARES INTERNET PARTICIPACOES S A;2032-10-15;S;IAP;Índice de Preços ao Consumidor Amplo (IPCA/IBGE);100.000000;11.865500;;S;N;
CLASSES - FIF;51.109.172/0001-39;SANTANDER PB CACHRISA MULTIMERCADO CRÉDITO PRIVADO - FIF;2025-11-30;Títulos de Crédito Privado;Nota Promissória/ Commercial Paper/ Export Note;S;Para negociação;;;;;4000.000000;3210144.95;;;PJ;19.739.564/0001-79;SALUM CONTRUCOE;2028-07-22;S;DI1;DI de um dia;100.000000;2.500000;;S;N;
CLASSES - FIF;51.110.168/0001-90;SANTANDER PB MAPA S MULTIMERCADO CRÉDITO PRIVADO - FUNDO  DE INVESTIMENTO FINANCEIRO;2025-11-30;Títulos de Crédito Privado;Nota Promissória/ Commercial Paper/ Export Note;S;Para negociação;;;;;4000.000000;3210144.95;;;PJ;19.739.564/0001-79;SALUM CONTRUCOE;2028-07-22;S;DI1;DI de um dia;100.000000;2.500000;;S;N;
CLASSES - FIF;51.110.293/0001-09;SANTANDER PB JS RUBI MULTIMERCADO CRÉDITO PRIVADO - FUNDO  DE INVESTIMENTO FINANCEIRO;2025-11-30;Títulos de Crédito Privado;Nota Promissória/ Commercial Paper/ Export Note;S;Para negociação;;;;;4000.000000;3210144.95;;;PJ;19.739.564/0001-79;SALUM CONTRUCOE;2028-07-22;S;DI1;DI de um dia;100.000000;2.500000;;S;N;
CLASSES - FIF;51.238.218/0001-10;BTG PACTUAL CREDITO CORPORATIVO BRASILPREV PREVIDENCIA FUNDO DE INVESTIMENTO FINANCEIRO MULTIMERCADO;2025-11-30;Debêntures;Debênture simples;N;Para negociação;;;;;1541.000000;1532979.36;;;PJ;09.288.252/0001-32;ANIMA HOLDING S.A.;2029-10-15;S;DI1;DI de um dia;100.000000;1.930200;;S;N;
CLASSES - FIF;51.238.218/0001-10;BTG PACTUAL CREDITO CORPORATIVO BRASILPREV PREVIDENCIA FUNDO DE INVESTIMENTO FINANCEIRO MULTIMERCADO;2025-11-30;Debêntures;Debênture simples;N;Para negociação;;;;;1471.000000;1472882.47;;;PJ;13.783.221/0004-78;MADERO INDUSTRIA E COMERCIO S.A.;2030-11-25;S;DI1;DI de um dia;100.000000;2.250000;;S;N;
CLASSES - FIF;51.238.218/0001-10;BTG PACTUAL CREDITO CORPORATIVO BRASILPREV PREVIDENCIA FUNDO DE INVESTIMENTO FINANCEIRO MULTIMERCADO;2025-11-30;Debêntures;Debênture simples;N;Para negociação;;;;;5055.000000;5221324.88;;;PJ;21.480.839/0001-44;BRK AMBIENTAL - SUMARE S.A;2029-09-18;S;DI1;DI de um dia;100.000000;2.500000;;S;N;
CLASSES - FIF;51.238.218/0001-10;BTG PACTUAL CREDITO CORPORATIVO BRASILPREV PREVIDENCIA FUNDO DE INVESTIMENTO FINANCEIRO MULTIMERCADO;2025-11-30;Debêntures;Debênture simples;N;Para negociação;;;;;2668.000000;2681925.83;;;PJ;43.776.517/0001-80;COMPANHIA DE SANEAMENTO BASICO DO ESTADO DE SAO PA;2032-11-14;S;DI1;DI de um dia;100.000000;0.690000;;S;N;
CLASSES - FIF;51.238.218/0001-10;BTG PACTUAL CREDITO CORPORATIVO BRASILPREV PREVIDENCIA FUNDO DE INVESTIMENTO FINANCEIRO MULTIMERCADO;2025-11-30;Debêntures;Debênture simples;N;Para negociação;;;;;4630.000000;5094763.39;;;PJ;50.365.355/0001-52;BIOMETANO VERDE PAULINIA SA;2025-12-31;S;DI1;DI de um dia;100.000000;1.200000;;S;N;
CLASSES - FIF;51.238.218/0001-10;BTG PACTUAL CREDITO CORPORATIVO BRASILPREV PREVIDENCIA FUNDO DE INVESTIMENTO FINANCEIRO MULTIMERCADO;2025-11-30;Debêntures;Debênture simples;N;Para negociação;;;;;9129.000000;9215680.64;;;PJ;55.085.811/0001-24;EXES SECURITIZADORA S.A.;2031-10-20;S;DI1;DI de um dia;100.000000;1.000000;;S;N;
CLASSES - FIF;51.278.597/0001-71;CLAGUFA FUNDO INCENTIVADO DE INVESTIMENTO FINANCEIRO EM INFRAESTRUTURA RENDA FIXA;2025-11-30;Debêntures;Debênture simples;N;Para negociação;;;;;584.000000;578529.49;;;PJ;06.981.180/0001-16;CEMIG DISTRIBUICAO S.A;2037-10-15;S;IAP;Índice de Preços ao Consumidor Amplo (IPCA/IBGE);100.000000;6.941443;;S;N;
CLASSES - FIF;51.278.597/0001-71;CLAGUFA FUNDO INCENTIVADO DE INVESTIMENTO FINANCEIRO EM INFRAESTRUTURA RENDA FIXA;2025-11-30;Debêntures;Debênture simples;N;Para negociação;;;;;745.000000;735017.08;;;PJ;07.714.104/0001-07;GIGA MAIS FIBRA TELECOMUNICACOES S.A.;2031-10-15;S;IAP;Índice de Preços ao Consumidor Amplo (IPCA/IBGE);100.000000;10.347900;;S;N;
CLASSES - FIF;51.278.597/0001-71;CLAGUFA FUNDO INCENTIVADO DE INVESTIMENTO FINANCEIRO EM INFRAESTRUTURA RENDA FIXA;2025-11-30;Debêntures;Debênture simples;N;Para negociação;;;;;551.000000;556231.79;;;PJ;55.085.811/0001-24;EXES SECURITIZADORA S.A.;2031-10-20;S;DI1;DI de um dia;100.000000;1.000000;;S;N;
CLASSES - FIF;51.389.786/0001-11;B5 FUNDO INCENTIVADO DE INVESTIMENTO FINANCEIRO EM INFRAESTRUTURA RENDA FIXA;2025-11-30;Debêntures;Debênture simples;N;Para negociação;;;;;699.000000;692452.25;;;PJ;06.981.180/0001-16;CEMIG DISTRIBUICAO S.A;2037-10-15;S;IAP;Índice de Preços ao Consumidor Amplo (IPCA/IBGE);100.000000;6.941443;;S;N;
CLASSES - FIF;51.389.786/0001-11;B5 FUNDO INCENTIVADO DE INVESTIMENTO FINANCEIRO EM INFRAESTRUTURA RENDA FIXA;2025-11-30;Debêntures;Debênture simples;N;Para negociação;;;;;1250.000000;1233250.13;;;PJ;07.714.104/0001-07;GIGA MAIS FIBRA TELECOMUNICACOES S.A.;2031-10-15;S;IAP;Índice de Preços ao Consumidor Amplo (IPCA/IBGE);100.000000;10.347900;;S;N;
CLASSES - FIF;51.389.786/0001-11;B5 FUNDO INCENTIVADO DE INVESTIMENTO FINANCEIRO EM INFRAESTRUTURA RENDA FIXA;2025-11-30;Debêntures;Debênture simples;N;Para negociação;;;;;952.000000;961039.32;;;PJ;55.085.811/0001-24;EXES SECURITIZADORA S.A.;2031-10-20;S;DI1;DI de um dia;100.000000;1.000000;;S;N;
CLASSES - FIF;51.492.762/0001-93;G5 ALLOCATION FUNDO INCENTIVADO DE INVESTIMENTO EM INFRAESTRUTURA CDI RENDA FIXA;2025-11-30;Debêntures;Debênture simples;N;Para negociação;;;;;535.000000;522893.56;;;PJ;07.714.104/0001-07;GIGA MAIS FIBRA TELECOMUNICACOES S.A.;2031-07-15;S;IAP;Índice de Preços ao Consumidor Amplo (IPCA/IBGE);100.000000;10.584400;;S;N;
CLASSES - FIF;51.492.762/0001-93;G5 ALLOCATION FUNDO INCENTIVADO DE INVESTIMENTO EM INFRAESTRUTURA CDI RENDA FIXA;2025-11-30;Debêntures;Debênture simples;N;Para negociação;;;;;1652.000000;1629863.37;;;PJ;07.714.104/0001-07;GIGA MAIS FIBRA TELECOMUNICACOES S.A.;2031-10-15;S;IAP;Índice de Preços ao Consumidor Amplo (IPCA/IBGE);100.000000;10.347900;;S;N;
CLASSES - FIF;51.604.570/0001-21;ITAÚ DEBÊNTURES INCENTIVADAS II FIF INCENTIVADO INFRA RF CRED PRIV - RESP LIMITADA;2025-11-30;Debêntures;Debênture simples;N;Para negociação;;;;;2321.000000;2291837.55;;;PJ;06.981.180/0001-16;CEMIG DISTRIBUICAO S.A.;2037-10-15;S;IAP;Índice de Preços ao Consumidor Amplo (IPCA/IBGE);100.000000;6.787800;;S;N;
CLASSES - FIF;51.604.570/0001-21;ITAÚ DEBÊNTURES INCENTIVADAS II FIF INCENTIVADO INFRA RF CRED PRIV - RESP LIMITADA;2025-11-30;Debêntures;Debênture simples;N;Para negociação;;;;;481.000000;472533.76;;;PJ;42.276.907/0001-28;VLI MULTIMODAL S.A.;2035-10-15;S;IAP;Índice de Preços ao Consumidor Amplo (IPCA/IBGE);100.000000;6.672900;;S;N;
CLASSES - FIF;51.623.321/0001-83;BTG LEGATO L FUNDO DE INVESTIMENTO FINANCEIRO MULTIMERCADO;2025-11-30;Debêntures;Debênture simples;N;Para negociação;;;;;1800.000000;1802303.49;;;PJ;13.783.221/0004-78;MADERO INDUSTRIA E COMERCIO S.A.;2030-11-25;S;DI1;DI de um dia;100.000000;2.250000;;S;N;
CLASSES - FIF;51.623.321/0001-83;BTG LEGATO L FUNDO DE INVESTIMENTO FINANCEIRO MULTIMERCADO;2025-11-30;Títulos ligados ao agronegócio;CRA;N;Para negociação;;;;;2179.000000;2190805.40;;;PJ;02.773.542/0001-22;OPEA SECURITIZADORA S.A.;2028-10-17;S;DI1;DI de um dia;100.000000;5.500000;;S;N;
CLASSES - FIF;51.623.321/0001-83;BTG LEGATO L FUNDO DE INVESTIMENTO FINANCEIRO MULTIMERCADO;2025-11-30;Títulos ligados ao agronegócio;CRA;N;Para negociação;;;;;2938.000000;1593736.52;;;PJ;10.753.164/0001-43;ECO SECURITIZADORA DE DIREITOS CREDITORIOS DO AGRO;2027-06-30;S;DI1;DI de um dia;100.000000;4.800000;;S;N;
CLASSES - FIF;51.623.321/0001-83;BTG LEGATO L FUNDO DE INVESTIMENTO FINANCEIRO MULTIMERCADO;2025-11-30;Títulos ligados ao agronegócio;CRA;N;Para negociação;;;;;1343.000000;1380935.59;;;PJ;10.753.164/0001-43;ECO SECURITIZADORA DE DIREITOS CREDITORIOS DO AGRO;2029-12-17;S;DI1;DI de um dia;100.000000;4.000000;;S;N;
CLASSES - FIF;51.623.321/0001-83;BTG LEGATO L FUNDO DE INVESTIMENTO FINANCEIRO MULTIMERCADO;2025-11-30;Títulos ligados ao agronegócio;CRA;N;Para negociação;;;;;675.000000;3678794.87;;;PJ;10.753.164/0001-43;ECO SECURITIZADORA DE DIREITOS CREDITORIOS DO AGRO;2030-11-25;S;DI1;DI de um dia;100.000000;4.100000;;S;N;
CLASSES - FIF;51.697.128/0001-97;BTG PACTUAL HEDGE FUNDO INCENTIVADO DE INVESTIMENTO FINANCEIRO EM INFRAESTRUTURA RENDA FIXA;2025-11-30;Debêntures;Debênture simples;N;Para negociação;;;;;2036.000000;2016928.17;;;PJ;06.981.180/0001-16;CEMIG DISTRIBUICAO S.A;2037-10-15;S;IAP;Índice de Preços ao Consumidor Amplo (IPCA/IBGE);100.000000;6.941443;;S;N;
CLASSES - FIF;51.697.128/0001-97;BTG PACTUAL HEDGE FUNDO INCENTIVADO DE INVESTIMENTO FINANCEIRO EM INFRAESTRUTURA RENDA FIXA;2025-11-30;Debêntures;Debênture simples;N;Para negociação;;;;;2270.000000;2218632.48;;;PJ;07.714.104/0001-07;GIGA MAIS FIBRA TELECOMUNICACOES S.A.;2031-07-15;S;IAP;Índice de Preços ao Consumidor Amplo (IPCA/IBGE);100.000000;10.584400;;S;N;
CLASSES - FIF;51.697.128/0001-97;BTG PACTUAL HEDGE FUNDO INCENTIVADO DE INVESTIMENTO FINANCEIRO EM INFRAESTRUTURA RENDA FIXA;2025-11-30;Debêntures;Debênture simples;N;Para negociação;;;;;41.000000;59633.77;;;PJ;33.000.167/0001-01;PETROLEO BRASILEIRO S A PETROBRAS;2026-01-15;S;IAP;Índice de Preços ao Consumidor Amplo (IPCA/IBGE);100.000000;9.108400;;S;N;
CLASSES - FIF;51.697.128/0001-97;BTG PACTUAL HEDGE FUNDO INCENTIVADO DE INVESTIMENTO FINANCEIRO EM INFRAESTRUTURA RENDA FIXA;2025-11-30;Debêntures;Debênture simples;N;Para negociação;;;;;564.000000;554072.85;;;PJ;42.276.907/0001-28;VLI MULTIMODAL S.A.;2035-10-15;S;IAP;Índice de Preços ao Consumidor Amplo (IPCA/IBGE);100.000000;7.030100;;S;N;
CLASSES - FIF;51.714.018/0001-96;BP SFA FUNDO DE INVESTIMENTO FINANCEIRO MULTIMERCADO;2025-11-30;Debêntures;Debênture simples;N;Para negociação;;;;;2041.000000;2051653.16;;;PJ;43.776.517/0001-80;COMPANHIA DE SANEAMENTO BASICO DO ESTADO DE SAO PA;2032-11-14;S;DI1;DI de um dia;100.000000;0.690000;;S;N;
CLASSES - FIF;51.714.018/0001-96;BP SFA FUNDO DE INVESTIMENTO FINANCEIRO MULTIMERCADO;2025-11-30;Debêntures;Debênture simples;N;Para negociação;;;;;1950.000000;1968515.42;;;PJ;55.085.811/0001-24;EXES SECURITIZADORA S.A.;2031-10-20;S;DI1;DI de um dia;100.000000;1.000000;;S;N;
CLASSES - FIF;51.733.363/0001-77;ITAÚ CRÉDITO ESTRUTURADO ALPES II FIF MULTIMERCADO CRÉDITO PRIVADO - RESPONSABILIDADE LIMITADA;2025-11-30;Títulos de Crédito Privado;Nota Promissória/ Commercial Paper/ Export Note;N;Para negociação;;;;;2978.000000;1502591.82;;;PJ;04.212.396/0001-91;AGASUS S.A.;2027-11-18;S;DI1;DI de um dia;100.000000;5.250000;;S;N;
CLASSES - FIF;51.733.363/0001-77;ITAÚ CRÉDITO ESTRUTURADO ALPES II FIF MULTIMERCADO CRÉDITO PRIVADO - RESPONSABILIDADE LIMITADA;2025-11-30;Títulos ligados ao agronegócio;CRA;N;Para negociação;;;;;7500.000000;8308550.77;;;PJ;02.773.542/0001-22;OPEA SECURITIZADORA S.A.;2030-12-27;S;OUT;OUTROS;100.000000;6.000000;;S;N;
CLASSES - FIF;51.766.295/0001-42;PSL 4 FUNDO INCENTIVADO DE INVESTIMENTO EM INFRAESTRUTURA RENDA FIXA;2025-11-30;Debêntures;Debênture simples;N;Para negociação;;;;;262.000000;256255.81;;;PJ;07.714.104/0001-07;GIGA MAIS FIBRA TELECOMUNICACOES S.A.;2031-07-15;S;IAP;Índice de Preços ao Consumidor Amplo (IPCA/IBGE);100.000000;10.584400;;S;N;
CLASSES - FIF;51.766.295/0001-42;PSL 4 FUNDO INCENTIVADO DE INVESTIMENTO EM INFRAESTRUTURA RENDA FIXA;2025-11-30;Debêntures;Debênture simples;N;Para negociação;;;;;928.000000;913896.46;;;PJ;07.714.104/0001-07;GIGA MAIS FIBRA TELECOMUNICACOES S.A.;2031-10-15;S;IAP;Índice de Preços ao Consumidor Amplo (IPCA/IBGE);100.000000;10.347900;;S;N;
CLASSES - FIF;51.766.295/0001-42;PSL 4 FUNDO INCENTIVADO DE INVESTIMENTO EM INFRAESTRUTURA RENDA FIXA;2025-11-30;Debêntures;Debênture simples;N;Para negociação;;;;;9.000000;13091.89;;;PJ;33.000.167/0001-01;PETROLEO BRASILEIRO S A PETROBRAS;2026-01-15;S;IAP;Índice de Preços ao Consumidor Amplo (IPCA/IBGE);100.000000;9.108400;;S;N;
CLASSES - FIF;51.800.853/0001-49;BTG LEGATO PMFO FUNDO DE INVESTIMENTO FINANCEIRO MULTIMERCADO;2025-11-30;Debêntures;Debênture simples;N;Para negociação;;;;;1000.000000;1001279.72;;;PJ;13.783.221/0004-78;MADERO INDUSTRIA E COMERCIO S.A.;2030-11-25;S;DI1;DI de um dia;100.000000;2.250000;;S;N;
CLASSES - FIF;51.800.853/0001-49;BTG LEGATO PMFO FUNDO DE INVESTIMENTO FINANCEIRO MULTIMERCADO;2025-11-30;Títulos ligados ao agronegócio;CRA;N;Para negociação;;;;;558.000000;3041137.09;;;PJ;10.753.164/0001-43;ECO SECURITIZADORA DE DIREITOS CREDITORIOS DO AGRO;2030-11-25;S;DI1;DI de um dia;100.000000;4.100000;;S;N;
CLASSES - FIF;51.863.845/0001-41;BTG MUNIQUE FI FINANCEIRO - CI RF CRED PRIV - RESP LIMITADA;2025-11-30;Debêntures;Debênture simples;N;Para negociação;;;;;305.000000;306591.97;;;PJ;43.776.517/0001-80;SABESP;2032-11-14;S;DI1;DI de um dia;100.000000;0.683149;;S;N;
CLASSES - FIF;51.863.845/0001-41;BTG MUNIQUE FI FINANCEIRO - CI RF CRED PRIV - RESP LIMITADA;2025-11-30;Debêntures;Debênture simples;N;Para negociação;;;;;168.000000;168341.72;;;PJ;13.783.221/0004-78;MADERO INDUSTRI;2030-11-25;S;DI1;DI de um dia;100.000000;2.249999;;S;N;
CLASSES - FIF;51.863.845/0001-41;BTG MUNIQUE FI FINANCEIRO - CI RF CRED PRIV - RESP LIMITADA;2025-11-30;Debêntures;Debênture simples;N;Para negociação;;;;;176.000000;175083.95;;;PJ;09.288.252/0001-32;ANIMA HOLDING;2029-10-15;S;DI1;DI de um dia;100.000000;1.832813;;S;N;
CLASSES - FIF;51.863.845/0001-41;BTG MUNIQUE FI FINANCEIRO - CI RF CRED PRIV - RESP LIMITADA;2025-11-30;Títulos de Crédito Privado;Nota Promissória/ Commercial Paper/ Export Note;N;Para negociação;;;;;220.000000;232560.02;;;PJ;50.746.577/0001-15;COSAN S.A.;2031-01-30;S;DI1;DI de um dia;100.000000;1.754751;;S;N;
CLASSES - FIF;51.863.845/0001-41;BTG MUNIQUE FI FINANCEIRO - CI RF CRED PRIV - RESP LIMITADA;2025-11-30;Títulos de Crédito Privado;Nota Promissória/ Commercial Paper/ Export Note;N;Para negociação;;;;;1047.000000;1107258.70;;;PJ;33.000.167/0001-01;PETROLEO BRASIL;2030-02-25;S;DI1;DI de um dia;100.000000;1.654283;;S;N;
CLASSES - FIF;51.863.845/0001-41;BTG MUNIQUE FI FINANCEIRO - CI RF CRED PRIV - RESP LIMITADA;2025-11-30;Títulos de Crédito Privado;Nota Promissória/ Commercial Paper/ Export Note;N;Para negociação;;;;;210.000000;225106.04;;;PJ;50.746.577/0001-15;COSAN S/A;2028-12-27;S;DI1;DI de um dia;100.000000;1.677127;;S;N;
CLASSES - FIF;51.868.939/0001-03;MACK INFRA KINEA FIF FUNDO INCENTIVADO EM INVESTIMENTO DEB INFRA RF CRED PRIV - RESP LIMITADA;2025-11-30;Debêntures;Debênture simples;N;Para negociação;;;;;567.000000;599314.60;;;PJ;55.474.939/0001-80;Ourinhos Saneamento SA;2047-11-15;S;IAP;Índice de Preços ao Consumidor Amplo (IPCA/IBGE);100.000000;9.953100;;S;N;
CLASSES - FIF;51.903.744/0001-57;BRAIN CORPORATIVO 30 FUNDO DE INVESTIMENTO FINANCEIRO RENDA FIXA CRÉDITO PRIVADO;2025-11-30;Debêntures;Debênture simples;N;Para negociação;;;;;500.000000;503882.99;;;PJ;88.610.126/0001-29;FRAS-LE SA;2030-10-25;S;DI1;DI de um dia;100.000000;0.788549;;S;N;
CLASSES - FIF;51.981.936/0001-81;GALÁCTICA FUNDO DE INVESTIMENTO MULTIMERCADO CRÉDITO PRIVADO;2025-11-30;Títulos de Crédito Privado;Nota Promissória/ Commercial Paper/ Export Note;N;Para negociação;0.000000;0.00;0.000000;0.00;12782.337848;13640815.47;;;PJ;48.272.739/0001-89;GARCIA PERES ADVOGADOS ASSOCIADOS;2030-06-13;S;DI1;DI de um dia;100.000000;0.000000;;S;N;
CLASSES - FIF;52.087.714/0001-82;HARPIA FUNDO DE INVESTIMENTO MULTIMERCADO;2025-11-30;Debêntures;Debênture simples;N;Para negociação;;;;;246.000000;248247.94;;;PJ;50.746.577/0001-15;COSAN S.A.;2028-05-05;S;DI1;DI de um dia;100.000000;1.524900;;S;N;
CLASSES - FIF;52.096.571/0001-75;MIAMI FIF FUNDO INCENTIVADO EM INVESTIMENTO EM DEB DE INFRA RENDA FIXA CRÉDITO PRIVADO RESP LIMITADA;2025-11-30;Títulos ligados ao agronegócio;CRA;N;Para negociação;;;;;180.000000;98013.34;;;PJ;25.005.683/0001-09;VERT COMPANHIA SECURITIZADORA;2026-04-15;S;DI1;DI de um dia;98.500000;0.000000;;S;N;
CLASSES - FIF;52.098.741/0001-50;BANESTES SELECTION FIF RENDA FIXA CRÉDITO PRIVADO RESPONSABILIDADE LIMITADA;2025-11-30;Debêntures;Debênture simples;N;Para negociação;0.000000;0.00;0.000000;0.00;361.000000;374269.61;;;PJ;08.827.501/0001-58;AEGEA SANEAMENTO E PARTICIPACOES S/A;2032-08-22;S;DI1;DI de um dia;100.000000;1.800000;;S;N;
CLASSES - FIF;52.098.741/0001-50;BANESTES SELECTION FIF RENDA FIXA CRÉDITO PRIVADO RESPONSABILIDADE LIMITADA;2025-11-30;Debêntures;Debênture simples;N;Para negociação;0.000000;0.00;0.000000;0.00;150.000000;75569.83;;;PJ;06.981.180/0001-16;CEMIG DISTRIBUICAO S/A;2026-05-15;S;DI1;DI de um dia;100.000000;2.050000;;S;N;
CLASSES - FIF;52.098.741/0001-50;BANESTES SELECTION FIF RENDA FIXA CRÉDITO PRIVADO RESPONSABILIDADE LIMITADA;2025-11-30;Debêntures;Debênture simples;N;Para negociação;0.000000;0.00;0.000000;0.00;400.000000;417940.41;;;PJ;00.001.180/0001-26;CENTRAIS ELETRICAS BRAS. S/A - ELETROBRAS;2028-09-15;S;DI1;DI de um dia;100.000000;1.550000;;S;N;
CLASSES - FIF;52.098.741/0001-50;BANESTES SELECTION FIF RENDA FIXA CRÉDITO PRIVADO RESPONSABILIDADE LIMITADA;2025-11-30;Debêntures;Debênture simples;N;Para negociação;0.000000;0.00;0.000000;0.00;42.000000;213736.74;;;PJ;15.139.629/0001-94;CIA. DE ELETRIC. DO EST. DA BAHIA-COELBACIA. DE ELETRIC. DO;2026-04-24;S;DI1;DI de um dia;110.250000;;;S;N;
CLASSES - FIF;52.098.741/0001-50;BANESTES SELECTION FIF RENDA FIXA CRÉDITO PRIVADO RESPONSABILIDADE LIMITADA;2025-11-30;Debêntures;Debênture simples;N;Para negociação;0.000000;0.00;0.000000;0.00;428.000000;443016.10;;;PJ;17.281.106/0001-03;COMPANHIA DE SANEAMENTO DE MINAS GERAIS COPASA MG;2030-09-15;S;DI1;DI de um dia;100.000000;1.200000;;S;N;
CLASSES - FIF;52.098.741/0001-50;BANESTES SELECTION FIF RENDA FIXA CRÉDITO PRIVADO RESPONSABILIDADE LIMITADA;2025-11-30;Debêntures;Debênture simples;N;Para negociação;0.000000;0.00;0.000000;0.00;327.000000;354905.24;;;PJ;02.451.848/0001-62;CONCESSIONARIA DO SISTEMA ANHANGUERA-BANDEIRANTES S/A;2028-06-14;S;DI1;DI de um dia;100.000000;2.140000;;S;N;
CLASSES - FIF;52.098.741/0001-50;BANESTES SELECTION FIF RENDA FIXA CRÉDITO PRIVADO RESPONSABILIDADE LIMITADA;2025-11-30;Debêntures;Debênture simples;N;Para negociação;0.000000;0.00;0.000000;0.00;380.000000;383562.53;;;PJ;04.368.898/0001-06;COPEL DISTRIBUICAO S/A;2027-05-15;S;DI1;DI de um dia;100.000000;1.360000;;S;N;
CLASSES - FIF;52.098.741/0001-50;BANESTES SELECTION FIF RENDA FIXA CRÉDITO PRIVADO RESPONSABILIDADE LIMITADA;2025-11-30;Debêntures;Debênture simples;N;Para negociação;0.000000;0.00;0.000000;0.00;200.000000;212064.76;;;PJ;28.152.650/0001-71;EDP ESPIRITO SANTO DISTRIBUICAO DE ENERGIA SA;2030-06-11;S;DI1;DI de um dia;100.000000;0.500000;;S;N;
CLASSES - FIF;52.098.741/0001-50;BANESTES SELECTION FIF RENDA FIXA CRÉDITO PRIVADO RESPONSABILIDADE LIMITADA;2025-11-30;Debêntures;Debênture simples;N;Para negociação;0.000000;0.00;0.000000;0.00;205.000000;213286.96;;;PJ;00.864.214/0001-06;ENERGISA SA;2029-09-04;S;DI1;DI de um dia;100.000000;0.800000;;S;N;
CLASSES - FIF;52.098.741/0001-50;BANESTES SELECTION FIF RENDA FIXA CRÉDITO PRIVADO RESPONSABILIDADE LIMITADA;2025-11-30;Debêntures;Debênture simples;N;Para negociação;0.000000;0.00;0.000000;0.00;300.000000;312391.52;;;PJ;00.864.214/0001-06;ENERGISA SA;2030-02-25;S;DI1;DI de um dia;100.000000;0.800000;;S;N;
CLASSES - FIF;52.098.741/0001-50;BANESTES SELECTION FIF RENDA FIXA CRÉDITO PRIVADO RESPONSABILIDADE LIMITADA;2025-11-30;Debêntures;Debênture simples;N;Para negociação;0.000000;0.00;0.000000;0.00;500.000000;538913.20;;;PJ;33.611.500/0001-19;GERDAU S/A;2032-06-04;S;DI1;DI de um dia;100.000000;0.650000;;S;N;
CLASSES - FIF;52.098.741/0001-50;BANESTES SELECTION FIF RENDA FIXA CRÉDITO PRIVADO RESPONSABILIDADE LIMITADA;2025-11-30;Debêntures;Debênture simples;N;Para negociação;0.000000;0.00;0.000000;0.00;300.000000;305956.14;;;PJ;07.816.890/0001-53;MULTIPLAN EMPREENDIMENTOS IMOBILIARIOS S/A;2031-10-15;S;DI1;DI de um dia;100.000000;0.550000;;S;N;
CLASSES - FIF;52.098.741/0001-50;BANESTES SELECTION FIF RENDA FIXA CRÉDITO PRIVADO RESPONSABILIDADE LIMITADA;2025-11-30;Debêntures;Debênture simples;N;Para negociação;0.000000;0.00;0.000000;0.00;400.000000;211798.74;;;PJ;33.000.167/0001-01;PETROLEO BRASILEIRO S/A - PETROBRAS;2026-01-15;S;DI1;DI de um dia;106.250000;;;S;N;
CLASSES - FIF;52.098.741/0001-50;BANESTES SELECTION FIF RENDA FIXA CRÉDITO PRIVADO RESPONSABILIDADE LIMITADA;2025-11-30;Debêntures;Debênture simples;N;Para negociação;0.000000;0.00;0.000000;0.00;400.000000;435846.02;;;PJ;06.047.087/0001-39;REDE DOR SAO LUIZ S/A;2031-07-25;S;DI1;DI de um dia;100.000000;2.250000;;S;N;
CLASSES - FIF;52.098.741/0001-50;BANESTES SELECTION FIF RENDA FIXA CRÉDITO PRIVADO RESPONSABILIDADE LIMITADA;2025-11-30;Debêntures;Debênture simples;N;Para negociação;0.000000;0.00;0.000000;0.00;300.000000;154299.63;;;PJ;02.762.121/0001-04;SANTOS BRASIL PARTICIPACOES S/A;2026-03-25;S;DI1;DI de um dia;100.000000;1.000000;;S;N;
CLASSES - FIF;52.098.741/0001-50;BANESTES SELECTION FIF RENDA FIXA CRÉDITO PRIVADO RESPONSABILIDADE LIMITADA;2025-11-30;Debêntures;Debênture simples;N;Para negociação;0.000000;0.00;0.000000;0.00;400.000000;416394.36;;;PJ;33.958.695/0001-78;UNIPAR CARBOCLORO S/A;2031-09-05;S;DI1;DI de um dia;100.000000;1.200000;;S;N;
CLASSES - FIF;52.098.741/0001-50;BANESTES SELECTION FIF RENDA FIXA CRÉDITO PRIVADO RESPONSABILIDADE LIMITADA;2025-11-30;Debêntures;Debênture simples;N;Para negociação;0.000000;0.00;0.000000;0.00;400.000000;409522.96;;;PJ;60.894.730/0001-05;USINAS SIDERURGICAS DE MG S/A - USIMINAS;2029-09-19;S;DI1;DI de um dia;100.000000;1.350000;;S;N;
CLASSES - FIF;52.098.741/0001-50;BANESTES SELECTION FIF RENDA FIXA CRÉDITO PRIVADO RESPONSABILIDADE LIMITADA;2025-11-30;Debêntures;Debênture simples;N;Para negociação;0.000000;0.00;400.000000;397157.93;400.000000;400143.60;;;PJ;01.637.895/0001-32;VOTORANTIM CIMENTOS S/A;2033-01-25;S;DI1;DI de um dia;100.000000;0.600000;;S;N;
CLASSES - FIF;52.111.528/0001-31;G5 PL FUNDO INCENTIVADO DE INVESTIMENTO FINANCEIRO EM INFRAESTRUTURA RENDA FIXA;2025-11-30;Debêntures;Debênture simples;N;Para negociação;;;;;1370.000000;1351642.14;;;PJ;07.714.104/0001-07;GIGA MAIS FIBRA TELECOMUNICACOES S.A.;2031-10-15;S;IAP;Índice de Preços ao Consumidor Amplo (IPCA/IBGE);100.000000;10.347900;;S;N;
CLASSES - FIF;52.155.255/0001-27;CONDUS FUNDO DE INVESTIMENTO MULTIMERCADO;2025-11-30;Debêntures;Debênture simples;N;Para negociação;;;;;150.000000;150782.94;;;PJ;43.776.517/0001-80;COMPANHIA DE SANEAMENTO BASICO DO ESTADO DE SAO PA;2032-11-14;S;DI1;DI de um dia;100.000000;0.690000;;S;N;
CLASSES - FIF;52.216.276/0001-05;JAE FUNDO INCENTIVADO DE INVESTIMENTO FINANCEIRO EM INFRAESTRUTURA RENDA FIXA;2025-11-30;Debêntures;Debênture simples;N;Para negociação;;;;;894.000000;882020.49;;;PJ;07.714.104/0001-07;GIGA MAIS FIBRA TELECOMUNICACOES S.A.;2031-10-15;S;IAP;Índice de Preços ao Consumidor Amplo (IPCA/IBGE);100.000000;10.347900;;S;N;
CLASSES - FIF;52.279.344/0001-85;APALACHE FUNDO INCENTIVADO DE INVESTIMENTO EM INFRAESTRUTURA RENDA FIXA;2025-11-30;Debêntures;Debênture simples;N;Para negociação;;;;;121.000000;119378.61;;;PJ;07.714.104/0001-07;GIGA MAIS FIBRA TELECOMUNICACOES S.A.;2031-10-15;S;IAP;Índice de Preços ao Consumidor Amplo (IPCA/IBGE);100.000000;10.347900;;S;N;
CLASSES - FIF;52.279.344/0001-85;APALACHE FUNDO INCENTIVADO DE INVESTIMENTO EM INFRAESTRUTURA RENDA FIXA;2025-11-30;Debêntures;Debênture simples;N;Para negociação;;;;;100.000000;100949.51;;;PJ;55.085.811/0001-24;EXES SECURITIZADORA S.A.;2031-10-20;S;DI1;DI de um dia;100.000000;1.000000;;S;N;
CLASSES - FIF;52.300.904/0001-36;JHSF FUNDO DE INVESTIMENTO MULTIMERCADO CRÉDITO PRIVADO;2025-11-30;Títulos de Crédito Privado;CCI;N;Para negociação;0.000000;0.00;0.000000;0.00;1.000000;5646510.78;;;PJ;07.859.510/0003-20;JHSF MALLS S.A.;2033-09-27;S;IGM;Índice Geral de Preços-Mercado (IGP-M);100.000000;0.000000;;S;N;
CLASSES - FIF;52.309.438/0001-50;RIO TIETÊ FUNDO DE INVESTIMENTO FINANCEIRO;2025-11-30;Títulos de Crédito Privado;CCI;N;Para negociação;;;;;1.000000;341794.84;;;PJ;75.476.959/0001-05;*** A Definir ***;2035-11-04;S;IAP;Índice de Preços ao Consumidor Amplo (IPCA/IBGE);100.000000;15.252700;;S;N;
CLASSES - FIF;52.309.438/0001-50;RIO TIETÊ FUNDO DE INVESTIMENTO FINANCEIRO;2025-11-30;Títulos de Crédito Privado;CCI;N;Para negociação;;;;;1.000000;334922.14;;;PJ;75.476.959/0001-05;*** A Definir ***;2040-08-28;S;IAP;Índice de Preços ao Consumidor Amplo (IPCA/IBGE);100.000000;15.663400;;S;N;
CLASSES - FIF;52.309.438/0001-50;RIO TIETÊ FUNDO DE INVESTIMENTO FINANCEIRO;2025-11-30;Títulos de Crédito Privado;CCI;N;Para negociação;;;;;1.000000;249255.48;;;PJ;75.476.959/0001-05;*** A Definir ***;2033-06-04;S;IAP;Índice de Preços ao Consumidor Amplo (IPCA/IBGE);100.000000;16.697000;;S;N;
CLASSES - FIF;52.309.438/0001-50;RIO TIETÊ FUNDO DE INVESTIMENTO FINANCEIRO;2025-11-30;Títulos de Crédito Privado;CCI;N;Para negociação;;;;;1.000000;92773.17;;;PJ;75.476.959/0001-05;*** A Definir ***;2032-11-03;S;IAP;Índice de Preços ao Consumidor Amplo (IPCA/IBGE);100.000000;18.016200;;S;N;
CLASSES - FIF;52.309.438/0001-50;RIO TIETÊ FUNDO DE INVESTIMENTO FINANCEIRO;2025-11-30;Títulos de Crédito Privado;CCI;N;Para negociação;;;;;1.000000;170552.77;;;PJ;75.476.959/0001-05;*** A Definir ***;2040-11-07;S;IAP;Índice de Preços ao Consumidor Amplo (IPCA/IBGE);100.000000;21.760000;;S;N;
CLASSES - FIF;52.309.438/0001-50;RIO TIETÊ FUNDO DE INVESTIMENTO FINANCEIRO;2025-11-30;Títulos de Crédito Privado;CCI;N;Para negociação;;;;;1.000000;585468.43;;;PJ;12.255.352/0001-77;B&Q ENERGIA LTDA.;2045-10-05;S;IAP;Índice de Preços ao Consumidor Amplo (IPCA/IBGE);100.000000;15.262700;;S;N;
CLASSES - FIF;52.309.438/0001-50;RIO TIETÊ FUNDO DE INVESTIMENTO FINANCEIRO;2025-11-30;Títulos de Crédito Privado;CCI;N;Para negociação;;;;;1.000000;260010.58;;;PJ;11.581.339/0001-45;BMP LTDA;2040-06-06;S;IAP;Índice de Preços ao Consumidor Amplo (IPCA/IBGE);100.000000;16.630000;;S;N;
CLASSES - FIF;52.309.438/0001-50;RIO TIETÊ FUNDO DE INVESTIMENTO FINANCEIRO;2025-11-30;Títulos de Crédito Privado;CCI;N;Para negociação;;;;;1.000000;223002.74;;;PJ;11.581.339/0001-45;BMP LTDA;2033-06-03;S;IAP;Índice de Preços ao Consumidor Amplo (IPCA/IBGE);100.000000;17.460000;;S;N;
CLASSES - FIF;52.309.438/0001-50;RIO TIETÊ FUNDO DE INVESTIMENTO FINANCEIRO;2025-11-30;Títulos de Crédito Privado;CCI;N;Para negociação;;;;;1.000000;117024.58;;;PJ;11.581.339/0001-45;BMP LTDA;2030-08-05;S;IAP;Índice de Preços ao Consumidor Amplo (IPCA/IBGE);100.000000;17.460000;;S;N;
CLASSES - FIF;52.309.438/0001-50;RIO TIETÊ FUNDO DE INVESTIMENTO FINANCEIRO;2025-11-30;Títulos de Crédito Privado;CCI;N;Para negociação;;;;;1.000000;415592.55;;;PJ;11.581.339/0001-45;BMP LTDA;2046-01-26;S;IAP;Índice de Preços ao Consumidor Amplo (IPCA/IBGE);100.000000;17.590000;;S;N;
CLASSES - FIF;52.309.438/0001-50;RIO TIETÊ FUNDO DE INVESTIMENTO FINANCEIRO;2025-11-30;Títulos de Crédito Privado;CCI;N;Para negociação;;;;;1.000000;225551.41;;;PJ;11.581.339/0001-45;BMP LTDA;2040-11-19;S;IAP;Índice de Preços ao Consumidor Amplo (IPCA/IBGE);100.000000;19.280000;;S;N;
CLASSES - FIF;52.309.438/0001-50;RIO TIETÊ FUNDO DE INVESTIMENTO FINANCEIRO;2025-11-30;Títulos de Crédito Privado;CCI;N;Para negociação;;;;;1.000000;168867.87;;;PJ;11.581.339/0001-45;BMP LTDA;2039-06-18;S;IAP;Índice de Preços ao Consumidor Amplo (IPCA/IBGE);100.000000;19.420000;;S;N;
CLASSES - FIF;52.309.438/0001-50;RIO TIETÊ FUNDO DE INVESTIMENTO FINANCEIRO;2025-11-30;Títulos de Crédito Privado;CCI;N;Para negociação;;;;;1.000000;168028.20;;;PJ;11.581.339/0001-45;BMP LTDA;2040-05-23;S;IAP;Índice de Preços ao Consumidor Amplo (IPCA/IBGE);100.000000;19.420000;;S;N;
CLASSES - FIF;52.309.438/0001-50;RIO TIETÊ FUNDO DE INVESTIMENTO FINANCEIRO;2025-11-30;Títulos de Crédito Privado;CCI;N;Para negociação;;;;;1.000000;119419.68;;;PJ;11.581.339/0001-45;BMP LTDA;2039-07-23;S;IAP;Índice de Preços ao Consumidor Amplo (IPCA/IBGE);100.000000;20.050000;;S;N;
CLASSES - FIF;52.309.438/0001-50;RIO TIETÊ FUNDO DE INVESTIMENTO FINANCEIRO;2025-11-30;Títulos de Crédito Privado;CCI;N;Para negociação;;;;;1.000000;113860.60;;;PJ;11.581.339/0001-45;BMP LTDA;2040-05-23;S;IAP;Índice de Preços ao Consumidor Amplo (IPCA/IBGE);100.000000;20.060000;;S;N;
CLASSES - FIF;52.309.438/0001-50;RIO TIETÊ FUNDO DE INVESTIMENTO FINANCEIRO;2025-11-30;Títulos de Crédito Privado;CCI;N;Para negociação;;;;;1.000000;72169.46;;;PJ;11.581.339/0001-45;BMP LTDA;2040-05-29;S;IAP;Índice de Preços ao Consumidor Amplo (IPCA/IBGE);100.000000;20.840000;;S;N;
CLASSES - FIF;52.309.438/0001-50;RIO TIETÊ FUNDO DE INVESTIMENTO FINANCEIRO;2025-11-30;Títulos de Crédito Privado;CCI;N;Para negociação;;;;;1.000000;85737.07;;;PJ;11.581.339/0001-45;BMP LTDA;2040-11-21;S;IAP;Índice de Preços ao Consumidor Amplo (IPCA/IBGE);100.000000;21.760000;;S;N;
CLASSES - FIF;52.309.438/0001-50;RIO TIETÊ FUNDO DE INVESTIMENTO FINANCEIRO;2025-11-30;Títulos de Crédito Privado;CCI;N;Para negociação;;;;;1.000000;102265.38;;;PJ;11.581.339/0001-45;BMP LTDA;2032-11-13;S;IAP;Índice de Preços ao Consumidor Amplo (IPCA/IBGE);100.000000;23.910000;;S;N;
CLASSES - FIF;52.309.438/0001-50;RIO TIETÊ FUNDO DE INVESTIMENTO FINANCEIRO;2025-11-30;Títulos de Crédito Privado;CCI;N;Para negociação;;;;;1.000000;362601.41;;;PJ;34.337.707/0001-00;BMP MONEY PLUS SOCIEDADE DE CRÉDITO DIRE;2040-05-28;S;IAP;Índice de Preços ao Consumidor Amplo (IPCA/IBGE);100.000000;0.000000;;S;N;
CLASSES - FIF;52.309.438/0001-50;RIO TIETÊ FUNDO DE INVESTIMENTO FINANCEIRO;2025-11-30;Títulos de Crédito Privado;CCI;N;Para negociação;;;;;1.000000;600855.50;;;PJ;34.337.707/0001-00;BMP MONEY PLUS SOCIEDADE DE CRÉDITO DIRE;2045-03-28;S;IAP;Índice de Preços ao Consumidor Amplo (IPCA/IBGE);100.000000;13.893300;;S;N;
CLASSES - FIF;52.309.438/0001-50;RIO TIETÊ FUNDO DE INVESTIMENTO FINANCEIRO;2025-11-30;Títulos de Crédito Privado;CCI;N;Para negociação;;;;;1.000000;112921.15;;;PJ;34.337.707/0001-00;BMP MONEY PLUS SOCIEDADE DE CRÉDITO DIRE;2044-10-17;S;IAP;Índice de Preços ao Consumidor Amplo (IPCA/IBGE);100.000000;13.893400;;S;N;
CLASSES - FIF;52.309.438/0001-50;RIO TIETÊ FUNDO DE INVESTIMENTO FINANCEIRO;2025-11-30;Títulos de Crédito Privado;CCI;N;Para negociação;;;;;1.000000;853819.45;;;PJ;34.337.707/0001-00;BMP MONEY PLUS SOCIEDADE DE CRÉDITO DIRE;2039-08-06;S;IAP;Índice de Preços ao Consumidor Amplo (IPCA/IBGE);100.000000;14.707200;;S;N;
CLASSES - FIF;52.309.438/0001-50;RIO TIETÊ FUNDO DE INVESTIMENTO FINANCEIRO;2025-11-30;Títulos de Crédito Privado;CCI;N;Para negociação;;;;;1.000000;214470.85;;;PJ;34.337.707/0001-00;BMP MONEY PLUS SOCIEDADE DE CRÉDITO DIRE;2039-06-03;S;IAP;Índice de Preços ao Consumidor Amplo (IPCA/IBGE);100.000000;14.710000;;S;N;
CLASSES - FIF;52.309.438/0001-50;RIO TIETÊ FUNDO DE INVESTIMENTO FINANCEIRO;2025-11-30;Títulos de Crédito Privado;CCI;N;Para negociação;;;;;1.000000;1400873.99;;;PJ;34.337.707/0001-00;BMP MONEY PLUS SOCIEDADE DE CRÉDITO DIRE;2044-05-07;S;IAP;Índice de Preços ao Consumidor Amplo (IPCA/IBGE);100.000000;14.980000;;S;N;
CLASSES - FIF;52.309.438/0001-50;RIO TIETÊ FUNDO DE INVESTIMENTO FINANCEIRO;2025-11-30;Títulos de Crédito Privado;CCI;N;Para negociação;;;;;1.000000;312552.52;;;PJ;34.337.707/0001-00;BMP MONEY PLUS SOCIEDADE DE CRÉDITO DIRE;2043-11-30;S;IAP;Índice de Preços ao Consumidor Amplo (IPCA/IBGE);100.000000;14.980000;;S;N;
CLASSES - FIF;52.309.438/0001-50;RIO TIETÊ FUNDO DE INVESTIMENTO FINANCEIRO;2025-11-30;Títulos de Crédito Privado;CCI;N;Para negociação;;;;;1.000000;173678.56;;;PJ;34.337.707/0001-00;BMP MONEY PLUS SOCIEDADE DE CRÉDITO DIRE;2040-10-29;S;IAP;Índice de Preços ao Consumidor Amplo (IPCA/IBGE);100.000000;15.250000;;S;N;
CLASSES - FIF;52.309.438/0001-50;RIO TIETÊ FUNDO DE INVESTIMENTO FINANCEIRO;2025-11-30;Títulos de Crédito Privado;CCI;N;Para negociação;;;;;1.000000;289339.17;;;PJ;34.337.707/0001-00;BMP MONEY PLUS SOCIEDADE DE CRÉDITO DIRE;2040-10-07;S;IAP;Índice de Preços ao Consumidor Amplo (IPCA/IBGE);100.000000;15.252700;;S;N;
CLASSES - FIF;52.309.438/0001-50;RIO TIETÊ FUNDO DE INVESTIMENTO FINANCEIRO;2025-11-30;Títulos de Crédito Privado;CCI;N;Para negociação;;;;;1.000000;115410.11;;;PJ;34.337.707/0001-00;BMP MONEY PLUS SOCIEDADE DE CRÉDITO DIRE;2034-08-19;S;IAP;Índice de Preços ao Consumidor Amplo (IPCA/IBGE);100.000000;15.252700;;S;N;
CLASSES - FIF;52.309.438/0001-50;RIO TIETÊ FUNDO DE INVESTIMENTO FINANCEIRO;2025-11-30;Títulos de Crédito Privado;CCI;N;Para negociação;;;;;1.000000;276094.55;;;PJ;34.337.707/0001-00;BMP MONEY PLUS SOCIEDADE DE CRÉDITO DIRE;2040-04-20;S;IAP;Índice de Preços ao Consumidor Amplo (IPCA/IBGE);100.000000;15.252700;;S;N;
CLASSES - FIF;52.309.438/0001-50;RIO TIETÊ FUNDO DE INVESTIMENTO FINANCEIRO;2025-11-30;Títulos de Crédito Privado;CCI;N;Para negociação;;;;;1.000000;245300.59;;;PJ;34.337.707/0001-00;BMP MONEY PLUS SOCIEDADE DE CRÉDITO DIRE;2030-03-21;S;IAP;Índice de Preços ao Consumidor Amplo (IPCA/IBGE);100.000000;15.252700;;S;N;
CLASSES - FIF;52.309.438/0001-50;RIO TIETÊ FUNDO DE INVESTIMENTO FINANCEIRO;2025-11-30;Títulos de Crédito Privado;CCI;N;Para negociação;;;;;1.000000;0.00;;;PJ;34.337.707/0001-00;BMP MONEY PLUS SOCIEDADE DE CRÉDITO DIRE;2040-04-23;S;IAP;Índice de Preços ao Consumidor Amplo (IPCA/IBGE);100.000000;15.252700;;S;N;
CLASSES - FIF;52.309.438/0001-50;RIO TIETÊ FUNDO DE INVESTIMENTO FINANCEIRO;2025-11-30;Títulos de Crédito Privado;CCI;N;Para negociação;;;;;1.000000;821116.23;;;PJ;34.337.707/0001-00;BMP MONEY PLUS SOCIEDADE DE CRÉDITO DIRE;2045-07-24;S;IAP;Índice de Preços ao Consumidor Amplo (IPCA/IBGE);100.000000;15.252711;;S;N;
CLASSES - FIF;52.309.438/0001-50;RIO TIETÊ FUNDO DE INVESTIMENTO FINANCEIRO;2025-11-30;Títulos de Crédito Privado;CCI;N;Para negociação;;;;;1.000000;174946.14;;;PJ;34.337.707/0001-00;BMP MONEY PLUS SOCIEDADE DE CRÉDITO DIRE;2035-10-06;S;IAP;Índice de Preços ao Consumidor Amplo (IPCA/IBGE);100.000000;15.262700;;S;N;
CLASSES - FIF;52.309.438/0001-50;RIO TIETÊ FUNDO DE INVESTIMENTO FINANCEIRO;2025-11-30;Títulos de Crédito Privado;CCI;N;Para negociação;;;;;1.000000;548392.25;;;PJ;34.337.707/0001-00;BMP MONEY PLUS SOCIEDADE DE CRÉDITO DIRE;2045-11-17;S;IAP;Índice de Preços ao Consumidor Amplo (IPCA/IBGE);100.000000;15.290000;;S;N;
CLASSES - FIF;52.309.438/0001-50;RIO TIETÊ FUNDO DE INVESTIMENTO FINANCEIRO;2025-11-30;Títulos de Crédito Privado;CCI;N;Para negociação;;;;;1.000000;994758.51;;;PJ;34.337.707/0001-00;BMP MONEY PLUS SOCIEDADE DE CRÉDITO DIRE;2045-07-12;S;IAP;Índice de Preços ao Consumidor Amplo (IPCA/IBGE);100.000000;15.623300;;S;N;
CLASSES - FIF;52.309.438/0001-50;RIO TIETÊ FUNDO DE INVESTIMENTO FINANCEIRO;2025-11-30;Títulos de Crédito Privado;CCI;N;Para negociação;;;;;1.000000;204733.30;;;PJ;34.337.707/0001-00;BMP MONEY PLUS SOCIEDADE DE CRÉDITO DIRE;2045-07-15;S;IAP;Índice de Preços ao Consumidor Amplo (IPCA/IBGE);100.000000;15.937956;;S;N;
CLASSES - FIF;52.309.438/0001-50;RIO TIETÊ FUNDO DE INVESTIMENTO FINANCEIRO;2025-11-30;Títulos de Crédito Privado;CCI;N;Para negociação;;;;;1.000000;204923.89;;;PJ;34.337.707/0001-00;BMP MONEY PLUS SOCIEDADE DE CRÉDITO DIRE;2045-09-18;S;IAP;Índice de Preços ao Consumidor Amplo (IPCA/IBGE);100.000000;16.060000;;S;N;
CLASSES - FIF;52.309.438/0001-50;RIO TIETÊ FUNDO DE INVESTIMENTO FINANCEIRO;2025-11-30;Títulos de Crédito Privado;CCI;N;Para negociação;;;;;1.000000;217763.41;;;PJ;34.337.707/0001-00;BMP MONEY PLUS SOCIEDADE DE CRÉDITO DIRE;2030-05-08;S;IAP;Índice de Preços ao Consumidor Amplo (IPCA/IBGE);100.000000;16.075500;;S;N;
CLASSES - FIF;52.309.438/0001-50;RIO TIETÊ FUNDO DE INVESTIMENTO FINANCEIRO;2025-11-30;Títulos de Crédito Privado;CCI;N;Para negociação;;;;;1.000000;550702.36;;;PJ;34.337.707/0001-00;BMP MONEY PLUS SOCIEDADE DE CRÉDITO DIRE;2040-10-20;S;IAP;Índice de Preços ao Consumidor Amplo (IPCA/IBGE);100.000000;16.600000;;S;N;
CLASSES - FIF;52.309.438/0001-50;RIO TIETÊ FUNDO DE INVESTIMENTO FINANCEIRO;2025-11-30;Títulos de Crédito Privado;CCI;N;Para negociação;;;;;1.000000;120668.02;;;PJ;34.337.707/0001-00;BMP MONEY PLUS SOCIEDADE DE CRÉDITO DIRE;2031-05-09;S;IAP;Índice de Preços ao Consumidor Amplo (IPCA/IBGE);100.000000;16.626900;;S;N;
CLASSES - FIF;52.309.438/0001-50;RIO TIETÊ FUNDO DE INVESTIMENTO FINANCEIRO;2025-11-30;Títulos de Crédito Privado;CCI;N;Para negociação;;;;;1.000000;169576.14;;;PJ;34.337.707/0001-00;BMP MONEY PLUS SOCIEDADE DE CRÉDITO DIRE;2039-10-18;S;IAP;Índice de Preços ao Consumidor Amplo (IPCA/IBGE);100.000000;16.626900;;S;N;
CLASSES - FIF;52.309.438/0001-50;RIO TIETÊ FUNDO DE INVESTIMENTO FINANCEIRO;2025-11-30;Títulos de Crédito Privado;CCI;N;Para negociação;;;;;1.000000;281122.85;;;PJ;34.337.707/0001-00;BMP MONEY PLUS SOCIEDADE DE CRÉDITO DIRE;2040-08-25;S;IAP;Índice de Preços ao Consumidor Amplo (IPCA/IBGE);100.000000;16.626930;;S;N;
CLASSES - FIF;52.309.438/0001-50;RIO TIETÊ FUNDO DE INVESTIMENTO FINANCEIRO;2025-11-30;Títulos de Crédito Privado;CCI;N;Para negociação;;;;;1.000000;182848.34;;;PJ;34.337.707/0001-00;BMP MONEY PLUS SOCIEDADE DE CRÉDITO DIRE;2035-09-10;S;IAP;Índice de Preços ao Consumidor Amplo (IPCA/IBGE);100.000000;16.626932;;S;N;
CLASSES - FIF;52.309.438/0001-50;RIO TIETÊ FUNDO DE INVESTIMENTO FINANCEIRO;2025-11-30;Títulos de Crédito Privado;CCI;N;Para negociação;;;;;1.000000;56087.26;;;PJ;34.337.707/0001-00;BMP MONEY PLUS SOCIEDADE DE CRÉDITO DIRE;2039-06-05;S;IAP;Índice de Preços ao Consumidor Amplo (IPCA/IBGE);100.000000;16.630000;;S;N;
CLASSES - FIF;52.309.438/0001-50;RIO TIETÊ FUNDO DE INVESTIMENTO FINANCEIRO;2025-11-30;Títulos de Crédito Privado;CCI;N;Para negociação;;;;;1.000000;87830.53;;;PJ;34.337.707/0001-00;BMP MONEY PLUS SOCIEDADE DE CRÉDITO DIRE;2040-10-29;S;IAP;Índice de Preços ao Consumidor Amplo (IPCA/IBGE);100.000000;16.630000;;S;N;
CLASSES - FIF;52.309.438/0001-50;RIO TIETÊ FUNDO DE INVESTIMENTO FINANCEIRO;2025-11-30;Títulos de Crédito Privado;CCI;N;Para negociação;;;;;1.000000;139150.89;;;PJ;34.337.707/0001-00;BMP MONEY PLUS SOCIEDADE DE CRÉDITO DIRE;2032-04-26;S;IAP;Índice de Preços ao Consumidor Amplo (IPCA/IBGE);100.000000;16.830000;;S;N;
CLASSES - FIF;52.309.438/0001-50;RIO TIETÊ FUNDO DE INVESTIMENTO FINANCEIRO;2025-11-30;Títulos de Crédito Privado;CCI;N;Para negociação;;;;;1.000000;447199.82;;;PJ;34.337.707/0001-00;BMP MONEY PLUS SOCIEDADE DE CRÉDITO DIRE;2040-11-12;S;IAP;Índice de Preços ao Consumidor Amplo (IPCA/IBGE);100.000000;17.120000;;S;N;
CLASSES - FIF;52.309.438/0001-50;RIO TIETÊ FUNDO DE INVESTIMENTO FINANCEIRO;2025-11-30;Títulos de Crédito Privado;CCI;N;Para negociação;;;;;1.000000;126435.34;;;PJ;34.337.707/0001-00;BMP MONEY PLUS SOCIEDADE DE CRÉDITO DIRE;2040-08-20;S;IAP;Índice de Preços ao Consumidor Amplo (IPCA/IBGE);100.000000;17.458660;;S;N;
CLASSES - FIF;52.309.438/0001-50;RIO TIETÊ FUNDO DE INVESTIMENTO FINANCEIRO;2025-11-30;Títulos de Crédito Privado;CCI;N;Para negociação;;;;;1.000000;697333.56;;;PJ;34.337.707/0001-00;BMP MONEY PLUS SOCIEDADE DE CRÉDITO DIRE;2031-10-13;S;IAP;Índice de Preços ao Consumidor Amplo (IPCA/IBGE);100.000000;17.750000;;S;N;
CLASSES - FIF;52.309.438/0001-50;RIO TIETÊ FUNDO DE INVESTIMENTO FINANCEIRO;2025-11-30;Títulos de Crédito Privado;CCI;N;Para negociação;;;;;1.000000;304859.50;;;PJ;34.337.707/0001-00;BMP MONEY PLUS SOCIEDADE DE CRÉDITO DIRE;2040-09-14;S;IAP;Índice de Preços ao Consumidor Amplo (IPCA/IBGE);100.000000;18.016159;;S;N;
CLASSES - FIF;52.309.438/0001-50;RIO TIETÊ FUNDO DE INVESTIMENTO FINANCEIRO;2025-11-30;Títulos de Crédito Privado;CCI;N;Para negociação;;;;;1.000000;170456.36;;;PJ;34.337.707/0001-00;BMP MONEY PLUS SOCIEDADE DE CRÉDITO DIRE;2040-07-17;S;IAP;Índice de Preços ao Consumidor Amplo (IPCA/IBGE);100.000000;18.016159;;S;N;
CLASSES - FIF;52.309.438/0001-50;RIO TIETÊ FUNDO DE INVESTIMENTO FINANCEIRO;2025-11-30;Títulos de Crédito Privado;CCI;N;Para negociação;;;;;1.000000;205615.98;;;PJ;34.337.707/0001-00;BMP MONEY PLUS SOCIEDADE DE CRÉDITO DIRE;2045-07-28;S;IAP;Índice de Preços ao Consumidor Amplo (IPCA/IBGE);100.000000;18.016159;;S;N;
CLASSES - FIF;52.309.438/0001-50;RIO TIETÊ FUNDO DE INVESTIMENTO FINANCEIRO;2025-11-30;Títulos de Crédito Privado;CCI;N;Para negociação;;;;;1.000000;497811.03;;;PJ;34.337.707/0001-00;BMP MONEY PLUS SOCIEDADE DE CRÉDITO DIRE;2031-08-29;S;IAP;Índice de Preços ao Consumidor Amplo (IPCA/IBGE);100.000000;18.016159;;S;N;
CLASSES - FIF;52.309.438/0001-50;RIO TIETÊ FUNDO DE INVESTIMENTO FINANCEIRO;2025-11-30;Títulos de Crédito Privado;CCI;N;Para negociação;;;;;1.000000;61428.47;;;PJ;34.337.707/0001-00;BMP MONEY PLUS SOCIEDADE DE CRÉDITO DIRE;2029-09-09;S;IAP;Índice de Preços ao Consumidor Amplo (IPCA/IBGE);100.000000;18.016160;;S;N;
CLASSES - FIF;52.309.438/0001-50;RIO TIETÊ FUNDO DE INVESTIMENTO FINANCEIRO;2025-11-30;Títulos de Crédito Privado;CCI;N;Para negociação;;;;;1.000000;170056.51;;;PJ;34.337.707/0001-00;BMP MONEY PLUS SOCIEDADE DE CRÉDITO DIRE;2040-05-02;S;IAP;Índice de Preços ao Consumidor Amplo (IPCA/IBGE);100.000000;18.016200;;S;N;
CLASSES - FIF;52.309.438/0001-50;RIO TIETÊ FUNDO DE INVESTIMENTO FINANCEIRO;2025-11-30;Títulos de Crédito Privado;CCI;N;Para negociação;;;;;1.000000;142111.11;;;PJ;34.337.707/0001-00;BMP MONEY PLUS SOCIEDADE DE CRÉDITO DIRE;2040-05-08;S;IAP;Índice de Preços ao Consumidor Amplo (IPCA/IBGE);100.000000;18.016200;;S;N;
CLASSES - FIF;52.309.438/0001-50;RIO TIETÊ FUNDO DE INVESTIMENTO FINANCEIRO;2025-11-30;Títulos de Crédito Privado;CCI;N;Para negociação;;;;;1.000000;176801.87;;;PJ;34.337.707/0001-00;BMP MONEY PLUS SOCIEDADE DE CRÉDITO DIRE;2040-07-09;S;IAP;Índice de Preços ao Consumidor Amplo (IPCA/IBGE);100.000000;18.016200;;S;N;
CLASSES - FIF;52.309.438/0001-50;RIO TIETÊ FUNDO DE INVESTIMENTO FINANCEIRO;2025-11-30;Títulos de Crédito Privado;CCI;N;Para negociação;;;;;1.000000;117207.13;;;PJ;34.337.707/0001-00;BMP MONEY PLUS SOCIEDADE DE CRÉDITO DIRE;2040-07-12;S;IAP;Índice de Preços ao Consumidor Amplo (IPCA/IBGE);100.000000;18.016200;;S;N;
CLASSES - FIF;52.309.438/0001-50;RIO TIETÊ FUNDO DE INVESTIMENTO FINANCEIRO;2025-11-30;Títulos de Crédito Privado;CCI;N;Para negociação;;;;;1.000000;230728.35;;;PJ;34.337.707/0001-00;BMP MONEY PLUS SOCIEDADE DE CRÉDITO DIRE;2040-04-15;S;IAP;Índice de Preços ao Consumidor Amplo (IPCA/IBGE);100.000000;18.016200;;S;N;
CLASSES - FIF;52.309.438/0001-50;RIO TIETÊ FUNDO DE INVESTIMENTO FINANCEIRO;2025-11-30;Títulos de Crédito Privado;CCI;N;Para negociação;;;;;1.000000;140936.40;;;PJ;34.337.707/0001-00;BMP MONEY PLUS SOCIEDADE DE CRÉDITO DIRE;2040-05-16;S;IAP;Índice de Preços ao Consumidor Amplo (IPCA/IBGE);100.000000;18.016200;;S;N;
CLASSES - FIF;52.309.438/0001-50;RIO TIETÊ FUNDO DE INVESTIMENTO FINANCEIRO;2025-11-30;Títulos de Crédito Privado;CCI;N;Para negociação;;;;;1.000000;109242.96;;;PJ;34.337.707/0001-00;BMP MONEY PLUS SOCIEDADE DE CRÉDITO DIRE;2040-07-25;S;IAP;Índice de Preços ao Consumidor Amplo (IPCA/IBGE);100.000000;18.020000;;S;N;
CLASSES - FIF;52.309.438/0001-50;RIO TIETÊ FUNDO DE INVESTIMENTO FINANCEIRO;2025-11-30;Títulos de Crédito Privado;CCI;N;Para negociação;;;;;1.000000;488216.68;;;PJ;34.337.707/0001-00;BMP MONEY PLUS SOCIEDADE DE CRÉDITO DIRE;2040-01-07;S;IAP;Índice de Preços ao Consumidor Amplo (IPCA/IBGE);100.000000;18.580000;;S;N;
CLASSES - FIF;52.309.438/0001-50;RIO TIETÊ FUNDO DE INVESTIMENTO FINANCEIRO;2025-11-30;Títulos de Crédito Privado;CCI;N;Para negociação;;;;;1.000000;254835.75;;;PJ;34.337.707/0001-00;BMP MONEY PLUS SOCIEDADE DE CRÉDITO DIRE;2040-11-03;S;IAP;Índice de Preços ao Consumidor Amplo (IPCA/IBGE);100.000000;18.830000;;S;N;
CLASSES - FIF;52.309.438/0001-50;RIO TIETÊ FUNDO DE INVESTIMENTO FINANCEIRO;2025-11-30;Títulos de Crédito Privado;CCI;N;Para negociação;;;;;1.000000;282386.26;;;PJ;34.337.707/0001-00;BMP MONEY PLUS SOCIEDADE DE CRÉDITO DIRE;2045-11-25;S;IAP;Índice de Preços ao Consumidor Amplo (IPCA/IBGE);100.000000;19.160000;;S;N;
CLASSES - FIF;52.309.438/0001-50;RIO TIETÊ FUNDO DE INVESTIMENTO FINANCEIRO;2025-11-30;Títulos de Crédito Privado;CCI;N;Para negociação;;;;;1.000000;1114984.02;;;PJ;34.337.707/0001-00;BMP MONEY PLUS SOCIEDADE DE CRÉDITO DIRE;2040-06-24;S;IAP;Índice de Preços ao Consumidor Amplo (IPCA/IBGE);100.000000;19.420000;;S;N;
CLASSES - FIF;52.309.438/0001-50;RIO TIETÊ FUNDO DE INVESTIMENTO FINANCEIRO;2025-11-30;Títulos de Crédito Privado;CCI;N;Para negociação;;;;;1.000000;137786.45;;;PJ;34.337.707/0001-00;BMP MONEY PLUS SOCIEDADE DE CRÉDITO DIRE;2039-08-06;S;IAP;Índice de Preços ao Consumidor Amplo (IPCA/IBGE);100.000000;19.420500;;S;N;
CLASSES - FIF;52.309.438/0001-50;RIO TIETÊ FUNDO DE INVESTIMENTO FINANCEIRO;2025-11-30;Títulos de Crédito Privado;CCI;N;Para negociação;;;;;1.000000;765147.37;;;PJ;34.337.707/0001-00;BMP MONEY PLUS SOCIEDADE DE CRÉDITO DIRE;2045-07-08;S;IAP;Índice de Preços ao Consumidor Amplo (IPCA/IBGE);100.000000;19.420500;;S;N;
CLASSES - FIF;52.309.438/0001-50;RIO TIETÊ FUNDO DE INVESTIMENTO FINANCEIRO;2025-11-30;Títulos de Crédito Privado;CCI;N;Para negociação;;;;;1.000000;277510.13;;;PJ;34.337.707/0001-00;BMP MONEY PLUS SOCIEDADE DE CRÉDITO DIRE;2035-04-24;S;IAP;Índice de Preços ao Consumidor Amplo (IPCA/IBGE);100.000000;19.420500;;S;N;
CLASSES - FIF;52.309.438/0001-50;RIO TIETÊ FUNDO DE INVESTIMENTO FINANCEIRO;2025-11-30;Títulos de Crédito Privado;CCI;N;Para negociação;;;;;1.000000;124557.90;;;PJ;34.337.707/0001-00;BMP MONEY PLUS SOCIEDADE DE CRÉDITO DIRE;2030-11-17;S;IAP;Índice de Preços ao Consumidor Amplo (IPCA/IBGE);100.000000;19.950000;;S;N;
CLASSES - FIF;52.309.438/0001-50;RIO TIETÊ FUNDO DE INVESTIMENTO FINANCEIRO;2025-11-30;Títulos de Crédito Privado;CCI;N;Para negociação;;;;;1.000000;87405.53;;;PJ;34.337.707/0001-00;BMP MONEY PLUS SOCIEDADE DE CRÉDITO DIRE;2040-04-04;S;IAP;Índice de Preços ao Consumidor Amplo (IPCA/IBGE);100.000000;20.840000;;S;N;
CLASSES - FIF;52.309.438/0001-50;RIO TIETÊ FUNDO DE INVESTIMENTO FINANCEIRO;2025-11-30;Títulos de Crédito Privado;CCI;N;Para negociação;;;;;1.000000;116305.76;;;PJ;34.337.707/0001-00;BMP MONEY PLUS SOCIEDADE DE CRÉDITO DIRE;2040-07-30;S;IAP;Índice de Preços ao Consumidor Amplo (IPCA/IBGE);100.000000;20.840000;;S;N;
CLASSES - FIF;52.309.438/0001-50;RIO TIETÊ FUNDO DE INVESTIMENTO FINANCEIRO;2025-11-30;Títulos de Crédito Privado;CCI;N;Para negociação;;;;;1.000000;172048.29;;;PJ;34.337.707/0001-00;BMP MONEY PLUS SOCIEDADE DE CRÉDITO DIRE;2040-07-15;S;IAP;Índice de Preços ao Consumidor Amplo (IPCA/IBGE);100.000000;20.840225;;S;N;
CLASSES - FIF;52.309.438/0001-50;RIO TIETÊ FUNDO DE INVESTIMENTO FINANCEIRO;2025-11-30;Títulos de Crédito Privado;CCI;N;Para negociação;;;;;1.000000;1141775.31;;;PJ;34.337.707/0001-00;BMP MONEY PLUS SOCIEDADE DE CRÉDITO DIRE;2045-07-16;S;IAP;Índice de Preços ao Consumidor Amplo (IPCA/IBGE);100.000000;20.840225;;S;N;
CLASSES - FIF;52.309.438/0001-50;RIO TIETÊ FUNDO DE INVESTIMENTO FINANCEIRO;2025-11-30;Títulos de Crédito Privado;CCI;N;Para negociação;;;;;1.000000;100948.53;;;PJ;34.337.707/0001-00;BMP MONEY PLUS SOCIEDADE DE CRÉDITO DIRE;2030-10-20;S;IAP;Índice de Preços ao Consumidor Amplo (IPCA/IBGE);100.000000;22.610000;;S;N;
CLASSES - FIF;52.309.438/0001-50;RIO TIETÊ FUNDO DE INVESTIMENTO FINANCEIRO;2025-11-30;Títulos de Crédito Privado;CCI;N;Para negociação;;;;;1.000000;93543.26;;;PJ;34.337.707/0001-00;BMP MONEY PLUS SOCIEDADE DE CRÉDITO DIRE;2040-10-06;S;IAP;Índice de Preços ao Consumidor Amplo (IPCA/IBGE);100.000000;24.540000;;S;N;
CLASSES - FIF;52.309.438/0001-50;RIO TIETÊ FUNDO DE INVESTIMENTO FINANCEIRO;2025-11-30;Títulos de Crédito Privado;CCI;N;Para negociação;;;;;1.000000;71748.41;;;PJ;34.337.707/0001-00;BMP MONEY PLUS SOCIEDADE DE CRÉDITO DIRE;2035-09-30;S;IAP;Índice de Preços ao Consumidor Amplo (IPCA/IBGE);100.000000;26.310000;;S;N;
CLASSES - FIF;52.309.438/0001-50;RIO TIETÊ FUNDO DE INVESTIMENTO FINANCEIRO;2025-11-30;Títulos de Crédito Privado;CCI;N;Para negociação;;;;;1.000000;271429.47;;;PF;358.519.918-60;Edson Haruo Uemura;2040-02-17;S;IAP;Índice de Preços ao Consumidor Amplo (IPCA/IBGE);100.000000;15.250000;;S;N;
CLASSES - FIF;52.309.438/0001-50;RIO TIETÊ FUNDO DE INVESTIMENTO FINANCEIRO;2025-11-30;Títulos de Crédito Privado;CCI;N;Para negociação;;;;;1.000000;112894.01;;;PF;005.363.061-09;Fabio Lira da Silva;2033-03-07;S;IAP;Índice de Preços ao Consumidor Amplo (IPCA/IBGE);100.000000;18.016200;;S;N;
CLASSES - FIF;52.309.438/0001-50;RIO TIETÊ FUNDO DE INVESTIMENTO FINANCEIRO;2025-11-30;Títulos de Crédito Privado;CCI;N;Para negociação;;;;;1.000000;430742.50;;;PF;449.310.528-35;Felipe Martins de Miranda;2045-04-21;S;IAP;Índice de Preços ao Consumidor Amplo (IPCA/IBGE);100.000000;15.252710;;S;N;
CLASSES - FIF;52.309.438/0001-50;RIO TIETÊ FUNDO DE INVESTIMENTO FINANCEIRO;2025-11-30;Títulos de Crédito Privado;CCI;N;Para negociação;;;;;1.000000;17845.85;;;PF;118.678.428-82;José Luís Baraúna;2040-03-05;S;IAP;Índice de Preços ao Consumidor Amplo (IPCA/IBGE);100.000000;15.252700;;S;N;
CLASSES - FIF;52.309.438/0001-50;RIO TIETÊ FUNDO DE INVESTIMENTO FINANCEIRO;2025-11-30;Títulos de Crédito Privado;CCI;N;Para negociação;;;;;1.000000;580910.84;;;PF;098.755.979-61;MATEUS GARCIA DE OLIVEIRA;2040-02-13;S;IAP;Índice de Preços ao Consumidor Amplo (IPCA/IBGE);100.000000;13.890000;;S;N;
CLASSES - FIF;52.309.438/0001-50;RIO TIETÊ FUNDO DE INVESTIMENTO FINANCEIRO;2025-11-30;Títulos de Crédito Privado;CCI;N;Para negociação;;;;;1.000000;234244.88;;;PF;026.507.418-56;Suelí Marcia de Araujo dos Reis;2040-02-13;S;IAP;Índice de Preços ao Consumidor Amplo (IPCA/IBGE);100.000000;19.420540;;S;N;
CLASSES - FIF;52.309.438/0001-50;RIO TIETÊ FUNDO DE INVESTIMENTO FINANCEIRO;2025-11-30;Títulos de Crédito Privado;CCI;N;Para negociação;;;;;1.000000;124619.45;;;PF;431.436.868-39;Vanessa Rezende de Mello;2040-02-26;S;IAP;Índice de Preços ao Consumidor Amplo (IPCA/IBGE);100.000000;16.626900;;S;N;
CLASSES - FIF;52.309.438/0001-50;RIO TIETÊ FUNDO DE INVESTIMENTO FINANCEIRO;2025-11-30;Títulos de Crédito Privado;CCI;N;Para negociação;;;;;1.000000;181335.60;;;PF;041.954.659-66;Vani Inês Forlin;2040-03-05;S;IAP;Índice de Preços ao Consumidor Amplo (IPCA/IBGE);100.000000;18.016200;;S;N;
CLASSES - FIF;52.319.866/0001-63;BTG PACTUAL HEDGE II FUNDO DE INVESTIMENTO FINANCEIRO RENDA FIXA;2025-11-30;Debêntures;Debênture simples;N;Para negociação;;;;;41.000000;40786.60;;;PJ;09.288.252/0001-32;ANIMA HOLDING S.A.;2029-10-15;S;DI1;DI de um dia;100.000000;1.930200;;S;N;
CLASSES - FIF;52.319.866/0001-63;BTG PACTUAL HEDGE II FUNDO DE INVESTIMENTO FINANCEIRO RENDA FIXA;2025-11-30;Debêntures;Debênture simples;N;Para negociação;;;;;160.000000;161519.21;;;PJ;55.085.811/0001-24;EXES SECURITIZADORA S.A.;2031-10-20;S;DI1;DI de um dia;100.000000;1.000000;;S;N;
CLASSES - FIF;52.348.569/0001-46;BTG INFRA MASTER III FUNDO INCENTIVADO DE INVESTIMENTO EM INFRAESTRUTURA RENDA FIXA;2025-11-30;Debêntures;Debênture simples;N;Para negociação;;;;;1470.000000;1518367.47;;;PJ;21.480.839/0001-44;BRK AMBIENTAL - SUMARE S.A;2029-09-18;S;DI1;DI de um dia;100.000000;2.500000;;S;N;
CLASSES - FIF;52.469.290/0001-10;FRAM CAPITAL VIDERE FUNDO DE INVESTIMENTO FINANCEIRO;2025-11-30;Títulos de Crédito Privado;CCB;N;Para negociação;0.000000;0.00;0.000000;0.00;840.000000;906882.77;;;PJ;17.213.130/0001-05;ASTRUM LATINA SOLUÇÕES EM TECNOLOGIA LTDA;2025-12-01;N;;;;;27.000000;S;N;
CLASSES - FIF;52.469.290/0001-10;FRAM CAPITAL VIDERE FUNDO DE INVESTIMENTO FINANCEIRO;2025-11-30;Títulos de Crédito Privado;CCB;N;Para negociação;0.000000;0.00;0.000000;0.00;948.000000;1457869.79;;;PJ;17.213.130/0001-05;ASTRUM LATINA SOLUÇÕES EM TECNOLOGIA LTDA;2026-02-06;N;;;;;27.000000;S;N;
CLASSES - FIF;52.469.290/0001-10;FRAM CAPITAL VIDERE FUNDO DE INVESTIMENTO FINANCEIRO;2025-11-30;Títulos de Crédito Privado;CCB;N;Para negociação;0.000000;0.00;0.000000;0.00;3300.000000;3220282.80;;;PJ;26.562.650/0001-14;FRATER;2026-04-27;N;;;;;39.000000;S;N;
CLASSES - FIF;52.469.290/0001-10;FRAM CAPITAL VIDERE FUNDO DE INVESTIMENTO FINANCEIRO;2025-11-30;Títulos de Crédito Privado;CCB;N;Para negociação;0.000000;0.00;0.000000;0.00;4612.000000;5971868.67;;;PJ;11.831.986/0001-68;BR TREVISO - SERVIÇOS E PARTICIPAÇÕES LTDA,;2027-11-17;S;DI1;DI de um dia;100.000000;0.000000;;S;N;
CLASSES - FIF;52.469.290/0001-10;FRAM CAPITAL VIDERE FUNDO DE INVESTIMENTO FINANCEIRO;2025-11-30;Títulos de Crédito Privado;CCB;N;Para negociação;0.000000;0.00;0.000000;0.00;5645.000000;7165060.30;;;PJ;11.831.986/0001-68;BR TREVISO - SERVIÇOS E PARTICIPAÇÕES LTDA,;2028-01-17;S;DI1;DI de um dia;100.000000;0.000000;;S;N;
CLASSES - FIF;52.469.290/0001-10;FRAM CAPITAL VIDERE FUNDO DE INVESTIMENTO FINANCEIRO;2025-11-30;Títulos de Crédito Privado;Nota Promissória/ Commercial Paper/ Export Note;N;Para negociação;0.000000;0.00;0.000000;0.00;700000.000000;763695.48;;;PJ;09.481.085/0001-41;DDS EMPREENDIMENTOS E PARTICIPAÇÕES LTDA;2027-07-18;S;IAP;Índice de Preços ao Consumidor Amplo (IPCA/IBGE);100.000000;0.000000;;S;N;
CLASSES - FIF;52.469.290/0001-10;FRAM CAPITAL VIDERE FUNDO DE INVESTIMENTO FINANCEIRO;2025-11-30;Títulos de Crédito Privado;Nota Promissória/ Commercial Paper/ Export Note;N;Para negociação;0.000000;0.00;0.000000;0.00;400000.000000;436308.60;;;PJ;09.481.085/0001-41;DDS EMPREENDIMENTOS E PARTICIPAÇÕES LTDA;2027-07-22;S;IAP;Índice de Preços ao Consumidor Amplo (IPCA/IBGE);100.000000;0.000000;;S;N;
CLASSES - FIF;52.469.290/0001-10;FRAM CAPITAL VIDERE FUNDO DE INVESTIMENTO FINANCEIRO;2025-11-30;Títulos de Crédito Privado;Nota Promissória/ Commercial Paper/ Export Note;N;Para negociação;0.000000;0.00;0.000000;0.00;1.000000;525000.91;;;PJ;09.481.085/0001-41;DDS EMPREENDIMENTOS E PARTICIPAÇÕES LTDA;2027-09-25;S;IAP;Índice de Preços ao Consumidor Amplo (IPCA/IBGE);100.000000;0.000000;;S;N;
CLASSES - FIF;52.469.290/0001-10;FRAM CAPITAL VIDERE FUNDO DE INVESTIMENTO FINANCEIRO;2025-11-30;Títulos de Crédito Privado;Nota Promissória/ Commercial Paper/ Export Note;N;Para negociação;0.000000;0.00;0.000000;0.00;64830618.000000;83698693.51;;;PJ;37.514.042/0001-50;TS INFRA;2028-10-04;S;IAP;Índice de Preços ao Consumidor Amplo (IPCA/IBGE);100.000000;0.000000;;S;N;
CLASSES - FIF;52.469.290/0001-10;FRAM CAPITAL VIDERE FUNDO DE INVESTIMENTO FINANCEIRO;2025-11-30;Títulos de Crédito Privado;Nota Promissória/ Commercial Paper/ Export Note;N;Para negociação;0.000000;0.00;0.000000;0.00;15000000.000000;22103987.46;;;PJ;37.514.042/0001-50;TS INFRA;2028-10-23;S;IAP;Índice de Preços ao Consumidor Amplo (IPCA/IBGE);100.000000;0.000000;;S;N;
CLASSES - FIF;52.469.290/0001-10;FRAM CAPITAL VIDERE FUNDO DE INVESTIMENTO FINANCEIRO;2025-11-30;Títulos de Crédito Privado;Nota Promissória/ Commercial Paper/ Export Note;N;Para negociação;0.000000;0.00;0.000000;0.00;5000000.000000;7059769.86;;;PJ;37.514.042/0001-50;TS INFRA;2029-01-15;S;IAP;Índice de Preços ao Consumidor Amplo (IPCA/IBGE);100.000000;0.000000;;S;N;
CLASSES - FIF;52.469.290/0001-10;FRAM CAPITAL VIDERE FUNDO DE INVESTIMENTO FINANCEIRO;2025-11-30;Títulos de Crédito Privado;Nota Promissória/ Commercial Paper/ Export Note;N;Para negociação;0.000000;0.00;0.000000;0.00;5000000.000000;7007641.01;;;PJ;37.514.042/0001-50;TS INFRA;2029-02-15;S;IAP;Índice de Preços ao Consumidor Amplo (IPCA/IBGE);100.000000;0.000000;;S;N;
CLASSES - FIF;52.469.290/0001-10;FRAM CAPITAL VIDERE FUNDO DE INVESTIMENTO FINANCEIRO;2025-11-30;Títulos de Crédito Privado;Nota Promissória/ Commercial Paper/ Export Note;N;Para negociação;0.000000;0.00;0.000000;0.00;10000000.000000;13760837.70;;;PJ;37.514.042/0001-50;TS INFRA;2029-03-10;S;IAP;Índice de Preços ao Consumidor Amplo (IPCA/IBGE);100.000000;0.000000;;S;N;
CLASSES - FIF;52.469.290/0001-10;FRAM CAPITAL VIDERE FUNDO DE INVESTIMENTO FINANCEIRO;2025-11-30;Títulos de Crédito Privado;Nota Promissória/ Commercial Paper/ Export Note;N;Para negociação;0.000000;0.00;0.000000;0.00;9999934.000000;13479464.49;;;PJ;37.514.042/0001-50;TS INFRA;2029-04-10;S;IAP;Índice de Preços ao Consumidor Amplo (IPCA/IBGE);100.000000;0.000000;;S;N;
CLASSES - FIF;52.469.290/0001-10;FRAM CAPITAL VIDERE FUNDO DE INVESTIMENTO FINANCEIRO;2025-11-30;Títulos de Crédito Privado;Nota Promissória/ Commercial Paper/ Export Note;N;Para negociação;0.000000;0.00;0.000000;0.00;19997173.000000;26615329.31;;;PJ;37.514.042/0001-50;TS INFRA;2029-05-16;S;IAP;Índice de Preços ao Consumidor Amplo (IPCA/IBGE);100.000000;0.000000;;S;N;
CLASSES - FIF;52.469.290/0001-10;FRAM CAPITAL VIDERE FUNDO DE INVESTIMENTO FINANCEIRO;2025-11-30;Títulos de Crédito Privado;Nota Promissória/ Commercial Paper/ Export Note;N;Para negociação;0.000000;0.00;0.000000;0.00;8367181.000000;10624161.32;;;PJ;37.514.042/0001-50;TS INFRA;2029-08-13;S;IAP;Índice de Preços ao Consumidor Amplo (IPCA/IBGE);100.000000;0.000000;;S;N;
CLASSES - FIF;52.770.900/0001-11;PS MASTER FUNDO INCENTIVADO DE INVESTIMENTO EM INFRAESTRUTURA RENDA FIXA;2025-11-30;Debêntures;Debênture simples;N;Para negociação;;;;;835.000000;827178.30;;;PJ;06.981.180/0001-16;CEMIG DISTRIBUICAO S.A;2037-10-15;S;IAP;Índice de Preços ao Consumidor Amplo (IPCA/IBGE);100.000000;6.941443;;S;N;
CLASSES - FIF;52.770.900/0001-11;PS MASTER FUNDO INCENTIVADO DE INVESTIMENTO EM INFRAESTRUTURA RENDA FIXA;2025-11-30;Debêntures;Debênture simples;N;Para negociação;;;;;2224.000000;2194198.63;;;PJ;07.714.104/0001-07;GIGA MAIS FIBRA TELECOMUNICACOES S.A.;2031-10-15;S;IAP;Índice de Preços ao Consumidor Amplo (IPCA/IBGE);100.000000;10.347900;;S;N;
CLASSES - FIF;52.770.900/0001-11;PS MASTER FUNDO INCENTIVADO DE INVESTIMENTO EM INFRAESTRUTURA RENDA FIXA;2025-11-30;Debêntures;Debênture simples;N;Para negociação;;;;;1769.000000;1785796.81;;;PJ;55.085.811/0001-24;EXES SECURITIZADORA S.A.;2031-10-20;S;DI1;DI de um dia;100.000000;1.000000;;S;N;
CLASSES - FIF;52.771.267/0001-86;BRADESCO FIF - CLASSE DE  INVESTIMENTO MULTIMERCADO CRÉDITO PRIVADO FRIGOR;2025-11-30;Títulos de Crédito Privado;Nota Promissória/ Commercial Paper/ Export Note;N;Mantido até o vencimento;;;;;313.000000;329358.57;;;PJ;33.000.167/0001-01;PETROLEO BRASIL;2030-02-25;S;DI1;DI de um dia;100.000000;1.429781;;S;N;
CLASSES - FIF;52.791.573/0001-84;ITAÚ PVT DEBÊNTURES INCENTIVADAS CDI FIF EM INFRA RF CRED PRIV - RESP LIMITADA;2025-11-30;Debêntures;Debênture simples;N;Para negociação;;;;;63.000000;61933.58;;;PJ;02.476.026/0001-36;ULTRAFERTIL SA;2035-10-15;S;IAP;Índice de Preços ao Consumidor Amplo (IPCA/IBGE);100.000000;6.672900;;S;N;
CLASSES - FIF;52.792.067/0001-00;ITAÚ PVT DEBÊNTURES INCENTIVADAS FIF EM INFRA RF CRED PRIV - RESP LIMITADA;2025-11-30;Debêntures;Debênture simples;N;Para negociação;;;;;784.000000;770200.56;;;PJ;42.276.907/0001-28;VLI MULTIMODAL S.A.;2035-10-15;S;IAP;Índice de Preços ao Consumidor Amplo (IPCA/IBGE);100.000000;6.672900;;S;N;
CLASSES - FIF;52.805.381/0001-80;GCB RENDA FIXA 30 CRÉDITO PRIVADO FUNDO DE INVESTIMENTO FINANCEIRO;2025-11-30;Debêntures;Debênture simples;N;Para negociação;;;;;1891326.000000;1918965.84;;;PJ;48.141.505/0001-00;GCB SECURITIZADORA II S.A;2035-09-09;S;DI1;DI de um dia;100.000000;5.500000;;S;N;
CLASSES - FIF;52.805.381/0001-80;GCB RENDA FIXA 30 CRÉDITO PRIVADO FUNDO DE INVESTIMENTO FINANCEIRO;2025-11-30;Debêntures;Debênture simples;N;Para negociação;;;;;177866.000000;1765012.63;;;PJ;26.900.161/0001-25;RAPPI BRASIL INTERMEDIACAO DE NEGOCIOS LTDA;2026-02-18;S;PRE;Taxa de juro prefixada;100.000000;20.238292;;S;N;
CLASSES - FIF;52.805.381/0001-80;GCB RENDA FIXA 30 CRÉDITO PRIVADO FUNDO DE INVESTIMENTO FINANCEIRO;2025-11-30;Títulos ligados ao agronegócio;CRA;N;Para negociação;;;;;189937.000000;1918787.06;;;PJ;48.141.505/0001-00;GCB SECURITIZADORA II S.A;2029-07-30;S;DI1;DI de um dia;100.000000;6.000000;;S;N;
CLASSES - FIF;52.842.303/0001-55;ITAÚ DEBÊNTURES INCENTIVADAS PRÉ TARGET 2028 FIF INFRA RF CRED PRIV - RESP LIMITADA;2025-11-30;Debêntures;Debênture simples;N;Para negociação;;;;;1174.000000;1159249.15;;;PJ;06.981.180/0001-16;CEMIG DISTRIBUICAO S.A.;2037-10-15;S;IAP;Índice de Preços ao Consumidor Amplo (IPCA/IBGE);100.000000;6.787800;;S;N;
CLASSES - FIF;52.842.303/0001-55;ITAÚ DEBÊNTURES INCENTIVADAS PRÉ TARGET 2028 FIF INFRA RF CRED PRIV - RESP LIMITADA;2025-11-30;Debêntures;Debênture simples;N;Para negociação;;;;;441.000000;433237.82;;;PJ;42.276.907/0001-28;VLI MULTIMODAL S.A.;2035-10-15;S;IAP;Índice de Preços ao Consumidor Amplo (IPCA/IBGE);100.000000;6.672900;;S;N;
CLASSES - FIF;52.842.303/0001-55;ITAÚ DEBÊNTURES INCENTIVADAS PRÉ TARGET 2028 FIF INFRA RF CRED PRIV - RESP LIMITADA;2025-11-30;Debêntures;Debênture simples;N;Para negociação;;;;;139.000000;136647.10;;;PJ;02.476.026/0001-36;ULTRAFERTIL SA;2035-10-15;S;IAP;Índice de Preços ao Consumidor Amplo (IPCA/IBGE);100.000000;6.672900;;S;N;
CLASSES - FIF;52.878.009/0001-01;SANGIOVESE FUNDO INCENTIVADO DE INVESTIMENTO EM RENDA FIXA;2025-11-30;Debêntures;Debênture simples;N;Para negociação;;;;;58.000000;56687.53;;;PJ;07.714.104/0001-07;GIGA MAIS FIBRA TELECOMUNICACOES S.A.;2031-07-15;S;IAP;Índice de Preços ao Consumidor Amplo (IPCA/IBGE);100.000000;10.584400;;S;N;
CLASSES - FIF;52.878.009/0001-01;SANGIOVESE FUNDO INCENTIVADO DE INVESTIMENTO EM RENDA FIXA;2025-11-30;Debêntures;Debênture simples;N;Para negociação;;;;;14.000000;20362.75;;;PJ;33.000.167/0001-01;PETROLEO BRASILEIRO S A PETROBRAS;2026-01-15;S;IAP;Índice de Preços ao Consumidor Amplo (IPCA/IBGE);100.000000;9.108400;;S;N;
CLASSES - FIF;52.878.009/0001-01;SANGIOVESE FUNDO INCENTIVADO DE INVESTIMENTO EM RENDA FIXA;2025-11-30;Títulos ligados ao agronegócio;CRA;N;Para negociação;;;;;113.000000;116952.32;;;PJ;02.773.542/0001-22;OPEA SECURITIZADORA S.A.;2033-11-16;S;DI1;DI de um dia;100.000000;0.800000;;S;N;
CLASSES - FIF;52.878.009/0001-01;SANGIOVESE FUNDO INCENTIVADO DE INVESTIMENTO EM RENDA FIXA;2025-11-30;Títulos ligados ao agronegócio;CRA;N;Para negociação;;;;;3600.000000;3757322.80;;;PJ;02.773.542/0001-22;OPEA SECURITIZADORA S.A.;2033-12-15;S;IAP;Índice de Preços ao Consumidor Amplo (IPCA/IBGE);100.000000;6.007400;;S;N;
CLASSES - FIF;52.909.821/0001-49;ITAÚ DEB INCENTIVADAS PRÉ TARGET 2028 II FUNDO INC DE INV FIN EM INFRA RF CRÉD PRIV - RESP LIMITADA;2025-11-30;Debêntures;Debênture simples;N;Para negociação;;;;;1621.000000;1600632.77;;;PJ;06.981.180/0001-16;CEMIG DISTRIBUICAO S.A.;2037-10-15;S;IAP;Índice de Preços ao Consumidor Amplo (IPCA/IBGE);100.000000;6.787800;;S;N;
CLASSES - FIF;52.909.821/0001-49;ITAÚ DEB INCENTIVADAS PRÉ TARGET 2028 II FUNDO INC DE INV FIN EM INFRA RF CRÉD PRIV - RESP LIMITADA;2025-11-30;Debêntures;Debênture simples;N;Para negociação;;;;;405.000000;397871.46;;;PJ;42.276.907/0001-28;VLI MULTIMODAL S.A.;2035-10-15;S;IAP;Índice de Preços ao Consumidor Amplo (IPCA/IBGE);100.000000;6.672900;;S;N;
CLASSES - FIF;52.909.821/0001-49;ITAÚ DEB INCENTIVADAS PRÉ TARGET 2028 II FUNDO INC DE INV FIN EM INFRA RF CRÉD PRIV - RESP LIMITADA;2025-11-30;Debêntures;Debênture simples;N;Para negociação;;;;;35.000000;34407.54;;;PJ;02.476.026/0001-36;ULTRAFERTIL SA;2035-10-15;S;IAP;Índice de Preços ao Consumidor Amplo (IPCA/IBGE);100.000000;6.672900;;S;N;
CLASSES - FIF;52.950.174/0001-19;POMERÂNIA FIF - FUNDO INCENTIVADO EM INVESTIMENTO EM DEB DE INFRA RF CRED PRIV - RESP LIMITADA;2025-11-30;Títulos ligados ao agronegócio;CRA;N;Para negociação;;;;;29.000000;31846.10;;;PJ;25.005.683/0001-09;VERT COMPANHIA SECURITIZADORA;2034-05-15;S;IAP;Índice de Preços ao Consumidor Amplo (IPCA/IBGE);100.000000;6.769400;;S;N;
CLASSES - FIF;52.999.105/0001-08;AMB ISENTO FUNDO INCENTIVADO DE INVEST EM INFRA RENDA FIXA CRÉDITO PRIVADO RESPONSABILIDADE LIMITADA;2025-11-30;Debêntures;Debênture simples;N;Para negociação;;;;;281.000000;278367.79;;;PJ;06.981.180/0001-16;CEMIG DISTRIBUICAO S.A;2037-10-15;S;IAP;Índice de Preços ao Consumidor Amplo (IPCA/IBGE);100.000000;6.941443;;S;N;
CLASSES - FIF;52.999.105/0001-08;AMB ISENTO FUNDO INCENTIVADO DE INVEST EM INFRA RENDA FIXA CRÉDITO PRIVADO RESPONSABILIDADE LIMITADA;2025-11-30;Debêntures;Debênture simples;N;Para negociação;;;;;7.000000;6841.60;;;PJ;07.714.104/0001-07;GIGA MAIS FIBRA TELECOMUNICACOES S.A.;2031-07-15;S;IAP;Índice de Preços ao Consumidor Amplo (IPCA/IBGE);100.000000;10.584400;;S;N;
CLASSES - FIF;52.999.105/0001-08;AMB ISENTO FUNDO INCENTIVADO DE INVEST EM INFRA RENDA FIXA CRÉDITO PRIVADO RESPONSABILIDADE LIMITADA;2025-11-30;Debêntures;Debênture simples;N;Para negociação;;;;;170.000000;167722.02;;;PJ;07.714.104/0001-07;GIGA MAIS FIBRA TELECOMUNICACOES S.A.;2031-10-15;S;IAP;Índice de Preços ao Consumidor Amplo (IPCA/IBGE);100.000000;10.347900;;S;N;
CLASSES - FIF;52.999.105/0001-08;AMB ISENTO FUNDO INCENTIVADO DE INVEST EM INFRA RENDA FIXA CRÉDITO PRIVADO RESPONSABILIDADE LIMITADA;2025-11-30;Debêntures;Debênture simples;N;Para negociação;;;;;438.000000;442158.85;;;PJ;55.085.811/0001-24;EXES SECURITIZADORA S.A.;2031-10-20;S;DI1;DI de um dia;100.000000;1.000000;;S;N;
CLASSES - FIF;53.088.893/0001-35;BTG LEGATO CW2 FUNDO DE INVESTIMENTO MULTIMERCADO;2025-11-30;Debêntures;Debênture simples;N;Para negociação;;;;;1500.000000;1501919.58;;;PJ;13.783.221/0004-78;MADERO INDUSTRIA E COMERCIO S.A.;2030-11-25;S;DI1;DI de um dia;100.000000;2.250000;;S;N;
CLASSES - FIF;53.088.893/0001-35;BTG LEGATO CW2 FUNDO DE INVESTIMENTO MULTIMERCADO;2025-11-30;Títulos ligados ao agronegócio;CRA;N;Para negociação;;;;;1849.000000;1859017.53;;;PJ;02.773.542/0001-22;OPEA SECURITIZADORA S.A.;2028-10-17;S;DI1;DI de um dia;100.000000;5.500000;;S;N;
CLASSES - FIF;53.088.893/0001-35;BTG LEGATO CW2 FUNDO DE INVESTIMENTO MULTIMERCADO;2025-11-30;Títulos ligados ao agronegócio;CRA;N;Para negociação;;;;;2682.000000;1454867.72;;;PJ;10.753.164/0001-43;ECO SECURITIZADORA DE DIREITOS CREDITORIOS DO AGRO;2027-06-30;S;DI1;DI de um dia;100.000000;4.800000;;S;N;
CLASSES - FIF;53.088.893/0001-35;BTG LEGATO CW2 FUNDO DE INVESTIMENTO MULTIMERCADO;2025-11-30;Títulos ligados ao agronegócio;CRA;N;Para negociação;;;;;2000.000000;2056493.81;;;PJ;10.753.164/0001-43;ECO SECURITIZADORA DE DIREITOS CREDITORIOS DO AGRO;2029-12-17;S;DI1;DI de um dia;100.000000;4.000000;;S;N;
CLASSES - FIF;53.088.893/0001-35;BTG LEGATO CW2 FUNDO DE INVESTIMENTO MULTIMERCADO;2025-11-30;Títulos ligados ao agronegócio;CRA;N;Para negociação;;;;;472.000000;2572431.37;;;PJ;10.753.164/0001-43;ECO SECURITIZADORA DE DIREITOS CREDITORIOS DO AGRO;2030-11-25;S;DI1;DI de um dia;100.000000;4.100000;;S;N;
CLASSES - FIF;53.180.560/0001-31;BB AFAM INFRA RF FUNDO INCENTIVADO DE INVESTIMENTO FINANCEIRO EM INFRAESTRUTURA RESP LIMITADA;2025-11-30;Debêntures;Debênture simples;N;Para negociação;;;;;3000.000000;2934541.63;;;PJ;42.276.907/0001-28;VLI MULTIMODAL S.A;2035-10-15;S;IAP;Índice de Preços ao Consumidor Amplo (IPCA/IBGE);100.000000;6.672900;;S;N;
CLASSES - FIF;53.180.845/0001-72;BB TROPICAL INFRA RENDA FIXA FUNDO INCENTIVADO DE INVESTIMENTO FINANCEIRO EM INFRAESTRUTURA RESP LIM;2025-11-30;Debêntures;Debênture simples;N;Para negociação;;;;;514.000000;502784.80;;;PJ;42.276.907/0001-28;VLI MULTIMODAL S.A;2035-10-15;S;IAP;Índice de Preços ao Consumidor Amplo (IPCA/IBGE);100.000000;6.672900;;S;N;
CLASSES - FIF;53.212.784/0001-88;BRADESCO FIF RF CRED PRIV BAQUARA ESG IS - RESPONSABILIDADE LIMITADA;2025-11-30;Títulos de Crédito Privado;Nota Promissória/ Commercial Paper/ Export Note;N;Para negociação;;;;;264.000000;280553.02;;;PJ;15.483.161/0001-50;ALSOL ENERGIAS;2027-06-23;S;DI1;DI de um dia;100.000000;0.597238;;S;N;
CLASSES - FIF;53.212.784/0001-88;BRADESCO FIF RF CRED PRIV BAQUARA ESG IS - RESPONSABILIDADE LIMITADA;2025-11-30;Títulos de Crédito Privado;Nota Promissória/ Commercial Paper/ Export Note;N;Para negociação;;;;;82.000000;87432.74;;;PJ;29.198.324/0001-68;ABC BRASIL COME;2026-12-20;S;DI1;DI de um dia;100.000000;0.749999;;S;N;
CLASSES - FIF;53.274.889/0001-61;TOULOUSE FUNDO DE INVESTIMENTO  MULTIMERCADO CRÉDITO PRIVADO;2025-11-30;Títulos de Crédito Privado;Nota Promissória/ Commercial Paper/ Export Note;N;Para negociação;0.000000;0.00;0.000000;0.00;1000.000000;16826428.83;;;PJ;12.135.061/0001-45;ENTRE PAYMENTS SERVIÇOS DE PAGAMENTOS S/A.;2029-11-29;S;DI1;DI de um dia;100.000000;0.000000;;S;N;
CLASSES - FIF;53.307.234/0001-42;UPGRADE FUNDO DE INVESTIMENTO FINANCEIRO EM AÇÕES;2025-11-30;Debêntures;Debênture simples;N;Para negociação;0.000000;0.00;0.000000;0.00;281552.000000;11505055.72;;;PJ;33.592.510/0001-54;VALE;2040-01-01;S;IGM;Índice Geral de Preços-Mercado (IGP-M);100.000000;0.000000;;S;N;
CLASSES - FIF;53.635.550/0001-43;MAKTOUB FIF - CLASSE DE INVESTIMENTO RF CDI INCENTIVADO DE INVESTIMENTO EM INFRAESTRUTURA;2025-11-30;Títulos ligados ao agronegócio;CRA;N;Para negociação;;;;;843.000000;893601.17;;;PJ;08.769.451/0001-08;VIRGO COMPANHIA;2029-11-21;S;IAP;Índice de Preços ao Consumidor Amplo (IPCA/IBGE);100.000000;9.110799;;S;N;
CLASSES - FIF;53.827.910/0001-09;BB MONTANHA MÁGICA INFRA RENDA FIXA FUNDO INCENTIVADO DE INVESTIMENTO FINANCEIRO EM INFRA RESP LIMIT;2025-11-30;Títulos ligados ao agronegócio;CRA;N;Para negociação;;;;;269.000000;226658.79;;;PJ;10.753.164/0001-43;ECO SECURITIZADORA DIREITOS CREDITORIOS AGRONEGOCIO SA;2028-12-15;S;IAP;Índice de Preços ao Consumidor Amplo (IPCA/IBGE);100.000000;5.538600;;S;N;
CLASSES - FIF;53.828.015/0001-09;BB TOP RF DEBÊNTURES INCENTIVADAS CDI FIF INFRAESTRUTURA CRÉDITO PRIVADO RESPONSABILIDADE LIMITADA;2025-11-30;Debêntures;Debênture simples;N;Para negociação;;;;;5000.000000;5501905.06;;;PJ;50.365.355/0001-52;BIOMETANO VERDE PAULINIA SA;2025-12-31;S;DI1;DI de um dia;100.000000;1.200000;;S;N;
CLASSES - FIF;53.828.015/0001-09;BB TOP RF DEBÊNTURES INCENTIVADAS CDI FIF INFRAESTRUTURA CRÉDITO PRIVADO RESPONSABILIDADE LIMITADA;2025-11-30;Debêntures;Debênture simples;N;Para negociação;;;;;31000.000000;30849077.18;;;PJ;92.791.243/0001-03;IRANI PAPEL E EMBALAGEM SA;2040-10-15;S;IAP;Índice de Preços ao Consumidor Amplo (IPCA/IBGE);100.000000;6.652200;;S;N;
CLASSES - FIF;53.858.396/0001-79;BRADESCO FUNDO DE INVESTIMENTO FINANCEIRO - Ci RENDA FIXA INCENTIVADO DE INVESTIMENTO EM INFRA BELLA;2025-11-30;Títulos ligados ao agronegócio;CRA;N;Para negociação;;;;;159.000000;168543.99;;;PJ;08.769.451/0001-08;VIRGO COMPANHIA;2029-11-21;S;IAP;Índice de Preços ao Consumidor Amplo (IPCA/IBGE);100.000000;9.110799;;S;N;
CLASSES - FIF;53.906.581/0001-91;PSO 1 FUNDO INCENTIVADO DE INVESTIMENTO EM INFRAESTRUTURA RENDA FIXA;2025-11-30;Debêntures;Debênture simples;N;Para negociação;;;;;148.000000;144755.19;;;PJ;07.714.104/0001-07;GIGA MAIS FIBRA TELECOMUNICACOES S.A.;2031-07-15;S;IAP;Índice de Preços ao Consumidor Amplo (IPCA/IBGE);100.000000;10.584400;;S;N;
CLASSES - FIF;53.906.581/0001-91;PSO 1 FUNDO INCENTIVADO DE INVESTIMENTO EM INFRAESTRUTURA RENDA FIXA;2025-11-30;Debêntures;Debênture simples;N;Para negociação;;;;;97.000000;141101.50;;;PJ;33.000.167/0001-01;PETROLEO BRASILEIRO S A PETROBRAS;2026-01-15;S;IAP;Índice de Preços ao Consumidor Amplo (IPCA/IBGE);100.000000;9.108400;;S;N;
CLASSES - FIF;53.906.581/0001-91;PSO 1 FUNDO INCENTIVADO DE INVESTIMENTO EM INFRAESTRUTURA RENDA FIXA;2025-11-30;Títulos ligados ao agronegócio;CPR;N;Para negociação;;;;;109.000000;116020.94;;;PJ;60.701.190/0001-04;ITAU UNIBANCO S.A.;2037-09-15;S;IAP;Índice de Preços ao Consumidor Amplo (IPCA/IBGE);100.000000;7.096800;;S;N;
CLASSES - FIF;53.906.581/0001-91;PSO 1 FUNDO INCENTIVADO DE INVESTIMENTO EM INFRAESTRUTURA RENDA FIXA;2025-11-30;Títulos ligados ao agronegócio;CRA;N;Para negociação;;;;;4.000000;5673.39;;;PJ;02.773.542/0001-22;OPEA SECURITIZADORA S.A.;2026-03-16;S;IAP;Índice de Preços ao Consumidor Amplo (IPCA/IBGE);100.000000;4.040000;;S;N;
CLASSES - FIF;53.906.581/0001-91;PSO 1 FUNDO INCENTIVADO DE INVESTIMENTO EM INFRAESTRUTURA RENDA FIXA;2025-11-30;Títulos ligados ao agronegócio;CRA;N;Para negociação;;;;;394.000000;410841.66;;;PJ;02.773.542/0001-22;OPEA SECURITIZADORA S.A.;2027-03-15;S;DI1;DI de um dia;102.000000;102.000000;;S;N;
CLASSES - FIF;53.906.581/0001-91;PSO 1 FUNDO INCENTIVADO DE INVESTIMENTO EM INFRAESTRUTURA RENDA FIXA;2025-11-30;Títulos ligados ao agronegócio;CRA;N;Para negociação;;;;;23.000000;28831.57;;;PJ;02.773.542/0001-22;OPEA SECURITIZADORA S.A.;2027-06-15;S;IAP;Índice de Preços ao Consumidor Amplo (IPCA/IBGE);100.000000;5.400000;;S;N;
CLASSES - FIF;53.906.581/0001-91;PSO 1 FUNDO INCENTIVADO DE INVESTIMENTO EM INFRAESTRUTURA RENDA FIXA;2025-11-30;Títulos ligados ao agronegócio;CRA;N;Para negociação;;;;;8.000000;8608.31;;;PJ;02.773.542/0001-22;OPEA SECURITIZADORA S.A.;2028-07-05;S;DI1;DI de um dia;101.000000;101.000000;;S;N;
CLASSES - FIF;53.906.581/0001-91;PSO 1 FUNDO INCENTIVADO DE INVESTIMENTO EM INFRAESTRUTURA RENDA FIXA;2025-11-30;Títulos ligados ao agronegócio;CRA;N;Para negociação;;;;;24.000000;28234.70;;;PJ;02.773.542/0001-22;OPEA SECURITIZADORA S.A.;2028-07-15;S;IAP;Índice de Preços ao Consumidor Amplo (IPCA/IBGE);100.000000;4.500000;;S;N;
CLASSES - FIF;53.906.581/0001-91;PSO 1 FUNDO INCENTIVADO DE INVESTIMENTO EM INFRAESTRUTURA RENDA FIXA;2025-11-30;Títulos ligados ao agronegócio;CRA;N;Para negociação;;;;;50.000000;51426.41;;;PJ;02.773.542/0001-22;OPEA SECURITIZADORA S.A.;2028-12-15;N;;;;;14.200130;S;N;
CLASSES - FIF;53.906.581/0001-91;PSO 1 FUNDO INCENTIVADO DE INVESTIMENTO EM INFRAESTRUTURA RENDA FIXA;2025-11-30;Títulos ligados ao agronegócio;CRA;N;Para negociação;;;;;406.000000;466442.74;;;PJ;02.773.542/0001-22;OPEA SECURITIZADORA S.A.;2029-07-16;S;IAP;Índice de Preços ao Consumidor Amplo (IPCA/IBGE);100.000000;3.602000;;S;N;
CLASSES - FIF;53.906.581/0001-91;PSO 1 FUNDO INCENTIVADO DE INVESTIMENTO EM INFRAESTRUTURA RENDA FIXA;2025-11-30;Títulos ligados ao agronegócio;CRA;N;Para negociação;;;;;189.000000;215861.43;;;PJ;02.773.542/0001-22;OPEA SECURITIZADORA S.A.;2030-06-17;S;IAP;Índice de Preços ao Consumidor Amplo (IPCA/IBGE);100.000000;5.800000;;S;N;
CLASSES - FIF;53.906.581/0001-91;PSO 1 FUNDO INCENTIVADO DE INVESTIMENTO EM INFRAESTRUTURA RENDA FIXA;2025-11-30;Títulos ligados ao agronegócio;CRA;N;Para negociação;;;;;68.000000;56692.22;;;PJ;02.773.542/0001-22;OPEA SECURITIZADORA S.A.;2030-10-15;S;IAP;Índice de Preços ao Consumidor Amplo (IPCA/IBGE);100.000000;6.008100;;S;N;
CLASSES - FIF;53.906.581/0001-91;PSO 1 FUNDO INCENTIVADO DE INVESTIMENTO EM INFRAESTRUTURA RENDA FIXA;2025-11-30;Títulos ligados ao agronegócio;CRA;N;Para negociação;;;;;514.000000;459558.43;;;PJ;02.773.542/0001-22;OPEA SECURITIZADORA S.A.;2032-08-16;S;IAP;Índice de Preços ao Consumidor Amplo (IPCA/IBGE);100.000000;6.588500;;S;N;
CLASSES - FIF;53.906.581/0001-91;PSO 1 FUNDO INCENTIVADO DE INVESTIMENTO EM INFRAESTRUTURA RENDA FIXA;2025-11-30;Títulos ligados ao agronegócio;CRA;N;Para negociação;;;;;31.000000;31240.93;;;PJ;02.773.542/0001-22;OPEA SECURITIZADORA S.A.;2033-07-15;N;;;;;13.048381;S;N;
CLASSES - FIF;53.906.581/0001-91;PSO 1 FUNDO INCENTIVADO DE INVESTIMENTO EM INFRAESTRUTURA RENDA FIXA;2025-11-30;Títulos ligados ao agronegócio;CRA;N;Para negociação;;;;;31.000000;31240.93;;;PJ;02.773.542/0001-22;OPEA SECURITIZADORA S.A.;2033-07-15;N;;;;;13.751325;S;N;
CLASSES - FIF;53.906.581/0001-91;PSO 1 FUNDO INCENTIVADO DE INVESTIMENTO EM INFRAESTRUTURA RENDA FIXA;2025-11-30;Títulos ligados ao agronegócio;CRA;N;Para negociação;;;;;38.000000;43036.13;;;PJ;02.773.542/0001-22;OPEA SECURITIZADORA S.A.;2033-07-15;S;DI1;DI de um dia;109.000000;109.000000;;S;N;
CLASSES - FIF;53.906.581/0001-91;PSO 1 FUNDO INCENTIVADO DE INVESTIMENTO EM INFRAESTRUTURA RENDA FIXA;2025-11-30;Títulos ligados ao agronegócio;CRA;N;Para negociação;;;;;520.000000;567966.79;;;PJ;02.773.542/0001-22;OPEA SECURITIZADORA S.A.;2033-07-15;S;IAP;Índice de Preços ao Consumidor Amplo (IPCA/IBGE);100.000000;6.433800;;S;N;
CLASSES - FIF;53.906.581/0001-91;PSO 1 FUNDO INCENTIVADO DE INVESTIMENTO EM INFRAESTRUTURA RENDA FIXA;2025-11-30;Títulos ligados ao agronegócio;CRA;N;Para negociação;;;;;163.000000;171044.62;;;PJ;02.773.542/0001-22;OPEA SECURITIZADORA S.A.;2033-09-15;S;IAP;Índice de Preços ao Consumidor Amplo (IPCA/IBGE);100.000000;6.317900;;S;N;
CLASSES - FIF;53.906.581/0001-91;PSO 1 FUNDO INCENTIVADO DE INVESTIMENTO EM INFRAESTRUTURA RENDA FIXA;2025-11-30;Títulos ligados ao agronegócio;CRA;N;Para negociação;;;;;345.000000;351170.33;;;PJ;02.773.542/0001-22;OPEA SECURITIZADORA S.A.;2033-09-22;S;DI1;DI de um dia;100.000000;0.400000;;S;N;
CLASSES - FIF;53.906.581/0001-91;PSO 1 FUNDO INCENTIVADO DE INVESTIMENTO EM INFRAESTRUTURA RENDA FIXA;2025-11-30;Títulos ligados ao agronegócio;CRA;N;Para negociação;;;;;125.000000;97284.74;;;PJ;02.773.542/0001-22;OPEA SECURITIZADORA S.A.;2033-10-17;S;IAP;Índice de Preços ao Consumidor Amplo (IPCA/IBGE);100.000000;6.251300;;S;N;
CLASSES - FIF;53.906.581/0001-91;PSO 1 FUNDO INCENTIVADO DE INVESTIMENTO EM INFRAESTRUTURA RENDA FIXA;2025-11-30;Títulos ligados ao agronegócio;CRA;N;Para negociação;;;;;39.000000;41306.44;;;PJ;02.773.542/0001-22;OPEA SECURITIZADORA S.A.;2033-11-16;S;DI1;DI de um dia;107.000000;107.000000;;S;N;
CLASSES - FIF;53.906.581/0001-91;PSO 1 FUNDO INCENTIVADO DE INVESTIMENTO EM INFRAESTRUTURA RENDA FIXA;2025-11-30;Títulos ligados ao agronegócio;CRA;N;Para negociação;;;;;300.000000;317999.43;;;PJ;02.773.542/0001-22;OPEA SECURITIZADORA S.A.;2033-11-16;S;IAP;Índice de Preços ao Consumidor Amplo (IPCA/IBGE);100.000000;6.756600;;S;N;
CLASSES - FIF;53.906.581/0001-91;PSO 1 FUNDO INCENTIVADO DE INVESTIMENTO EM INFRAESTRUTURA RENDA FIXA;2025-11-30;Títulos ligados ao agronegócio;CRA;N;Para negociação;;;;;79.000000;77906.14;;;PJ;02.773.542/0001-22;OPEA SECURITIZADORA S.A.;2033-12-15;N;;;;;13.428577;S;N;
CLASSES - FIF;53.906.581/0001-91;PSO 1 FUNDO INCENTIVADO DE INVESTIMENTO EM INFRAESTRUTURA RENDA FIXA;2025-11-30;Títulos ligados ao agronegócio;CRA;N;Para negociação;;;;;13.000000;14460.88;;;PJ;02.773.542/0001-22;OPEA SECURITIZADORA S.A.;2033-12-15;S;DI1;DI de um dia;105.000000;105.000000;;S;N;
CLASSES - FIF;53.906.581/0001-91;PSO 1 FUNDO INCENTIVADO DE INVESTIMENTO EM INFRAESTRUTURA RENDA FIXA;2025-11-30;Títulos ligados ao agronegócio;CRA;N;Para negociação;;;;;128.000000;133711.90;;;PJ;02.773.542/0001-22;OPEA SECURITIZADORA S.A.;2033-12-15;S;IAP;Índice de Preços ao Consumidor Amplo (IPCA/IBGE);100.000000;6.007400;;S;N;
CLASSES - FIF;53.906.581/0001-91;PSO 1 FUNDO INCENTIVADO DE INVESTIMENTO EM INFRAESTRUTURA RENDA FIXA;2025-11-30;Títulos ligados ao agronegócio;CRA;N;Para negociação;;;;;38.000000;31121.64;;;PJ;02.773.542/0001-22;OPEA SECURITIZADORA S.A.;2037-08-17;S;IAP;Índice de Preços ao Consumidor Amplo (IPCA/IBGE);100.000000;6.738200;;S;N;
CLASSES - FIF;53.906.581/0001-91;PSO 1 FUNDO INCENTIVADO DE INVESTIMENTO EM INFRAESTRUTURA RENDA FIXA;2025-11-30;Títulos ligados ao agronegócio;CRA;N;Para negociação;;;;;27.000000;22251.20;;;PJ;08.769.451/0001-08;VIRGO COMPANHIA DE SECURITIZACAO;2027-07-15;S;IAP;Índice de Preços ao Consumidor Amplo (IPCA/IBGE);100.000000;5.865800;;S;N;
CLASSES - FIF;53.906.581/0001-91;PSO 1 FUNDO INCENTIVADO DE INVESTIMENTO EM INFRAESTRUTURA RENDA FIXA;2025-11-30;Títulos ligados ao agronegócio;CRA;N;Para negociação;;;;;164.000000;198580.63;;;PJ;08.769.451/0001-08;VIRGO COMPANHIA DE SECURITIZACAO;2028-04-17;S;IAP;Índice de Preços ao Consumidor Amplo (IPCA/IBGE);100.000000;5.503400;;S;N;
CLASSES - FIF;53.906.581/0001-91;PSO 1 FUNDO INCENTIVADO DE INVESTIMENTO EM INFRAESTRUTURA RENDA FIXA;2025-11-30;Títulos ligados ao agronegócio;CRA;N;Para negociação;;;;;518.000000;530757.45;;;PJ;08.769.451/0001-08;VIRGO COMPANHIA DE SECURITIZACAO;2029-04-12;S;DI1;DI de um dia;100.000000;100.000000;;S;N;
CLASSES - FIF;53.906.581/0001-91;PSO 1 FUNDO INCENTIVADO DE INVESTIMENTO EM INFRAESTRUTURA RENDA FIXA;2025-11-30;Títulos ligados ao agronegócio;CRA;N;Para negociação;;;;;376.000000;419864.06;;;PJ;08.769.451/0001-08;VIRGO COMPANHIA DE SECURITIZACAO;2029-07-16;S;IAP;Índice de Preços ao Consumidor Amplo (IPCA/IBGE);100.000000;7.206300;;S;N;
CLASSES - FIF;53.906.581/0001-91;PSO 1 FUNDO INCENTIVADO DE INVESTIMENTO EM INFRAESTRUTURA RENDA FIXA;2025-11-30;Títulos ligados ao agronegócio;CRA;N;Para negociação;;;;;235.000000;237827.84;;;PJ;08.769.451/0001-08;VIRGO COMPANHIA DE SECURITIZACAO;2029-11-16;N;;;;;13.754720;S;N;
CLASSES - FIF;53.906.581/0001-91;PSO 1 FUNDO INCENTIVADO DE INVESTIMENTO EM INFRAESTRUTURA RENDA FIXA;2025-11-30;Títulos ligados ao agronegócio;CRA;N;Para negociação;;;;;235.000000;237827.84;;;PJ;08.769.451/0001-08;VIRGO COMPANHIA DE SECURITIZACAO;2029-11-16;N;;;;;14.119282;S;N;
CLASSES - FIF;53.906.581/0001-91;PSO 1 FUNDO INCENTIVADO DE INVESTIMENTO EM INFRAESTRUTURA RENDA FIXA;2025-11-30;Títulos ligados ao agronegócio;CRA;N;Para negociação;;;;;105.000000;108741.98;;;PJ;08.769.451/0001-08;VIRGO COMPANHIA DE SECURITIZACAO;2030-09-16;S;IAP;Índice de Preços ao Consumidor Amplo (IPCA/IBGE);100.000000;6.644100;;S;N;
CLASSES - FIF;53.906.581/0001-91;PSO 1 FUNDO INCENTIVADO DE INVESTIMENTO EM INFRAESTRUTURA RENDA FIXA;2025-11-30;Títulos ligados ao agronegócio;CRA;N;Para negociação;;;;;9.000000;10291.42;;;PJ;08.769.451/0001-08;VIRGO COMPANHIA DE SECURITIZACAO;2031-09-15;S;IAP;Índice de Preços ao Consumidor Amplo (IPCA/IBGE);100.000000;5.399500;;S;N;
CLASSES - FIF;53.906.581/0001-91;PSO 1 FUNDO INCENTIVADO DE INVESTIMENTO EM INFRAESTRUTURA RENDA FIXA;2025-11-30;Títulos ligados ao agronegócio;CRA;N;Para negociação;;;;;331.000000;332361.67;;;PJ;08.769.451/0001-08;VIRGO COMPANHIA DE SECURITIZACAO;2032-04-15;S;DI1;DI de um dia;100.000000;0.500000;;S;N;
CLASSES - FIF;53.906.581/0001-91;PSO 1 FUNDO INCENTIVADO DE INVESTIMENTO EM INFRAESTRUTURA RENDA FIXA;2025-11-30;Títulos ligados ao agronegócio;CRA;N;Para negociação;;;;;63.000000;67534.70;;;PJ;08.769.451/0001-08;VIRGO COMPANHIA DE SECURITIZACAO;2032-04-15;S;IAP;Índice de Preços ao Consumidor Amplo (IPCA/IBGE);100.000000;5.962600;;S;N;
CLASSES - FIF;53.906.581/0001-91;PSO 1 FUNDO INCENTIVADO DE INVESTIMENTO EM INFRAESTRUTURA RENDA FIXA;2025-11-30;Títulos ligados ao agronegócio;CRA;N;Para negociação;;;;;5.000000;5109.78;;;PJ;08.769.451/0001-08;VIRGO COMPANHIA DE SECURITIZACAO;2033-09-15;S;IAP;Índice de Preços ao Consumidor Amplo (IPCA/IBGE);100.000000;6.663400;;S;N;
CLASSES - FIF;53.906.581/0001-91;PSO 1 FUNDO INCENTIVADO DE INVESTIMENTO EM INFRAESTRUTURA RENDA FIXA;2025-11-30;Títulos ligados ao agronegócio;CRA;N;Para negociação;;;;;922.000000;894766.92;;;PJ;08.769.451/0001-08;VIRGO COMPANHIA DE SECURITIZACAO;2034-09-15;S;IAP;Índice de Preços ao Consumidor Amplo (IPCA/IBGE);100.000000;6.793100;;S;N;
CLASSES - FIF;53.906.581/0001-91;PSO 1 FUNDO INCENTIVADO DE INVESTIMENTO EM INFRAESTRUTURA RENDA FIXA;2025-11-30;Títulos ligados ao agronegócio;CRA;N;Para negociação;;;;;2.000000;2040.21;;;PJ;08.769.451/0001-08;VIRGO COMPANHIA DE SECURITIZACAO;2037-04-15;S;IAP;Índice de Preços ao Consumidor Amplo (IPCA/IBGE);100.000000;6.095300;;S;N;
CLASSES - FIF;53.906.581/0001-91;PSO 1 FUNDO INCENTIVADO DE INVESTIMENTO EM INFRAESTRUTURA RENDA FIXA;2025-11-30;Títulos ligados ao agronegócio;CRA;N;Para negociação;;;;;49.000000;50985.45;;;PJ;08.769.451/0001-08;VIRGO COMPANHIA DE SECURITIZACAO;2037-09-15;S;IAP;Índice de Preços ao Consumidor Amplo (IPCA/IBGE);100.000000;6.661400;;S;N;
CLASSES - FIF;53.906.581/0001-91;PSO 1 FUNDO INCENTIVADO DE INVESTIMENTO EM INFRAESTRUTURA RENDA FIXA;2025-11-30;Títulos ligados ao agronegócio;CRA;N;Para negociação;;;;;162.000000;167587.91;;;PJ;08.769.451/0001-08;VIRGO COMPANHIA DE SECURITIZACAO;2050-05-17;S;IAP;Índice de Preços ao Consumidor Amplo (IPCA/IBGE);100.000000;7.800000;;S;N;
CLASSES - FIF;53.906.581/0001-91;PSO 1 FUNDO INCENTIVADO DE INVESTIMENTO EM INFRAESTRUTURA RENDA FIXA;2025-11-30;Títulos ligados ao agronegócio;CRA;N;Para negociação;;;;;28.000000;33590.55;;;PJ;10.753.164/0001-43;ECO SECURITIZADORA DE DIREITOS CREDITORIOS DO AGRO;2027-01-15;S;IAP;Índice de Preços ao Consumidor Amplo (IPCA/IBGE);100.000000;6.282500;;S;N;
CLASSES - FIF;53.906.581/0001-91;PSO 1 FUNDO INCENTIVADO DE INVESTIMENTO EM INFRAESTRUTURA RENDA FIXA;2025-11-30;Títulos ligados ao agronegócio;CRA;N;Para negociação;;;;;3364.000000;944649.39;;;PJ;10.753.164/0001-43;ECO SECURITIZADORA DE DIREITOS CREDITORIOS DO AGRO;2027-04-15;S;DI1;DI de um dia;100.000000;2.000000;;S;N;
CLASSES - FIF;53.906.581/0001-91;PSO 1 FUNDO INCENTIVADO DE INVESTIMENTO EM INFRAESTRUTURA RENDA FIXA;2025-11-30;Títulos ligados ao agronegócio;CRA;N;Para negociação;;;;;13807.000000;4371508.53;;;PJ;10.753.164/0001-43;ECO SECURITIZADORA DE DIREITOS CREDITORIOS DO AGRO;2027-04-15;S;IAP;Índice de Preços ao Consumidor Amplo (IPCA/IBGE);100.000000;7.528400;;S;N;
CLASSES - FIF;53.906.581/0001-91;PSO 1 FUNDO INCENTIVADO DE INVESTIMENTO EM INFRAESTRUTURA RENDA FIXA;2025-11-30;Títulos ligados ao agronegócio;CRA;N;Para negociação;;;;;156.000000;139127.58;;;PJ;10.753.164/0001-43;ECO SECURITIZADORA DE DIREITOS CREDITORIOS DO AGRO;2027-06-15;S;IAP;Índice de Preços ao Consumidor Amplo (IPCA/IBGE);100.000000;5.700000;;S;N;
CLASSES - FIF;53.906.581/0001-91;PSO 1 FUNDO INCENTIVADO DE INVESTIMENTO EM INFRAESTRUTURA RENDA FIXA;2025-11-30;Títulos ligados ao agronegócio;CRA;N;Para negociação;;;;;37.000000;36814.54;;;PJ;10.753.164/0001-43;ECO SECURITIZADORA DE DIREITOS CREDITORIOS DO AGRO;2027-08-16;N;;;;;13.740324;S;N;
CLASSES - FIF;53.906.581/0001-91;PSO 1 FUNDO INCENTIVADO DE INVESTIMENTO EM INFRAESTRUTURA RENDA FIXA;2025-11-30;Títulos ligados ao agronegócio;CRA;N;Para negociação;;;;;37.000000;36814.54;;;PJ;10.753.164/0001-43;ECO SECURITIZADORA DE DIREITOS CREDITORIOS DO AGRO;2027-08-16;N;;;;;13.948337;S;N;
CLASSES - FIF;53.906.581/0001-91;PSO 1 FUNDO INCENTIVADO DE INVESTIMENTO EM INFRAESTRUTURA RENDA FIXA;2025-11-30;Títulos ligados ao agronegócio;CRA;N;Para negociação;;;;;37.000000;36814.54;;;PJ;10.753.164/0001-43;ECO SECURITIZADORA DE DIREITOS CREDITORIOS DO AGRO;2027-08-16;N;;;;;13.977265;S;N;
CLASSES - FIF;53.906.581/0001-91;PSO 1 FUNDO INCENTIVADO DE INVESTIMENTO EM INFRAESTRUTURA RENDA FIXA;2025-11-30;Títulos ligados ao agronegócio;CRA;N;Para negociação;;;;;37.000000;36814.54;;;PJ;10.753.164/0001-43;ECO SECURITIZADORA DE DIREITOS CREDITORIOS DO AGRO;2027-08-16;N;;;;;14.158726;S;N;
CLASSES - FIF;53.906.581/0001-91;PSO 1 FUNDO INCENTIVADO DE INVESTIMENTO EM INFRAESTRUTURA RENDA FIXA;2025-11-30;Títulos ligados ao agronegócio;CRA;N;Para negociação;;;;;106.000000;110389.89;;;PJ;10.753.164/0001-43;ECO SECURITIZADORA DE DIREITOS CREDITORIOS DO AGRO;2028-09-15;S;DI1;DI de um dia;100.000000;1.000000;;S;N;
CLASSES - FIF;53.906.581/0001-91;PSO 1 FUNDO INCENTIVADO DE INVESTIMENTO EM INFRAESTRUTURA RENDA FIXA;2025-11-30;Títulos ligados ao agronegócio;CRA;N;Para negociação;;;;;33.000000;36604.03;;;PJ;10.753.164/0001-43;ECO SECURITIZADORA DE DIREITOS CREDITORIOS DO AGRO;2029-10-15;S;IAP;Índice de Preços ao Consumidor Amplo (IPCA/IBGE);100.000000;7.038300;;S;N;
CLASSES - FIF;53.906.581/0001-91;PSO 1 FUNDO INCENTIVADO DE INVESTIMENTO EM INFRAESTRUTURA RENDA FIXA;2025-11-30;Títulos ligados ao agronegócio;CRA;N;Para negociação;;;;;16.000000;17044.70;;;PJ;10.753.164/0001-43;ECO SECURITIZADORA DE DIREITOS CREDITORIOS DO AGRO;2030-08-15;S;IAP;Índice de Preços ao Consumidor Amplo (IPCA/IBGE);100.000000;6.600000;;S;N;
CLASSES - FIF;53.906.581/0001-91;PSO 1 FUNDO INCENTIVADO DE INVESTIMENTO EM INFRAESTRUTURA RENDA FIXA;2025-11-30;Títulos ligados ao agronegócio;CRA;N;Para negociação;;;;;320.000000;372785.52;;;PJ;10.753.164/0001-43;ECO SECURITIZADORA DE DIREITOS CREDITORIOS DO AGRO;2030-11-18;S;IAP;Índice de Preços ao Consumidor Amplo (IPCA/IBGE);100.000000;5.731500;;S;N;
CLASSES - FIF;53.906.581/0001-91;PSO 1 FUNDO INCENTIVADO DE INVESTIMENTO EM INFRAESTRUTURA RENDA FIXA;2025-11-30;Títulos ligados ao agronegócio;CRA;N;Para negociação;;;;;17.000000;16788.41;;;PJ;10.753.164/0001-43;ECO SECURITIZADORA DE DIREITOS CREDITORIOS DO AGRO;2030-11-18;S;IAP;Índice de Preços ao Consumidor Amplo (IPCA/IBGE);100.000000;6.549400;;S;N;
CLASSES - FIF;53.906.581/0001-91;PSO 1 FUNDO INCENTIVADO DE INVESTIMENTO EM INFRAESTRUTURA RENDA FIXA;2025-11-30;Títulos ligados ao agronegócio;CRA;N;Para negociação;;;;;63.000000;61693.35;;;PJ;10.753.164/0001-43;ECO SECURITIZADORA DE DIREITOS CREDITORIOS DO AGRO;2031-02-15;S;IAP;Índice de Preços ao Consumidor Amplo (IPCA/IBGE);100.000000;6.452700;;S;N;
CLASSES - FIF;53.906.581/0001-91;PSO 1 FUNDO INCENTIVADO DE INVESTIMENTO EM INFRAESTRUTURA RENDA FIXA;2025-11-30;Títulos ligados ao agronegócio;CRA;N;Para negociação;;;;;605.000000;673123.35;;;PJ;10.753.164/0001-43;ECO SECURITIZADORA DE DIREITOS CREDITORIOS DO AGRO;2031-05-16;S;IAP;Índice de Preços ao Consumidor Amplo (IPCA/IBGE);100.000000;5.167200;;S;N;
CLASSES - FIF;53.906.581/0001-91;PSO 1 FUNDO INCENTIVADO DE INVESTIMENTO EM INFRAESTRUTURA RENDA FIXA;2025-11-30;Títulos ligados ao agronegócio;CRA;N;Para negociação;;;;;479.000000;467336.51;;;PJ;10.753.164/0001-43;ECO SECURITIZADORA DE DIREITOS CREDITORIOS DO AGRO;2032-05-17;S;IAP;Índice de Preços ao Consumidor Amplo (IPCA/IBGE);100.000000;6.547300;;S;N;
CLASSES - FIF;53.906.581/0001-91;PSO 1 FUNDO INCENTIVADO DE INVESTIMENTO EM INFRAESTRUTURA RENDA FIXA;2025-11-30;Títulos ligados ao agronegócio;CRA;N;Para negociação;;;;;197.000000;205861.76;;;PJ;10.753.164/0001-43;ECO SECURITIZADORA DE DIREITOS CREDITORIOS DO AGRO;2032-09-15;N;;;;;14.140056;S;N;
CLASSES - FIF;53.906.581/0001-91;PSO 1 FUNDO INCENTIVADO DE INVESTIMENTO EM INFRAESTRUTURA RENDA FIXA;2025-11-30;Títulos ligados ao agronegócio;CRA;N;Para negociação;;;;;197.000000;205861.76;;;PJ;10.753.164/0001-43;ECO SECURITIZADORA DE DIREITOS CREDITORIOS DO AGRO;2032-09-15;N;;;;;14.155124;S;N;
CLASSES - FIF;53.906.581/0001-91;PSO 1 FUNDO INCENTIVADO DE INVESTIMENTO EM INFRAESTRUTURA RENDA FIXA;2025-11-30;Títulos ligados ao agronegócio;CRA;N;Para negociação;;;;;197.000000;205861.76;;;PJ;10.753.164/0001-43;ECO SECURITIZADORA DE DIREITOS CREDITORIOS DO AGRO;2032-09-15;N;;;;;14.291978;S;N;
CLASSES - FIF;53.906.581/0001-91;PSO 1 FUNDO INCENTIVADO DE INVESTIMENTO EM INFRAESTRUTURA RENDA FIXA;2025-11-30;Títulos ligados ao agronegócio;CRA;N;Para negociação;;;;;197.000000;205861.76;;;PJ;10.753.164/0001-43;ECO SECURITIZADORA DE DIREITOS CREDITORIOS DO AGRO;2032-09-15;N;;;;;14.350268;S;N;
CLASSES - FIF;53.906.581/0001-91;PSO 1 FUNDO INCENTIVADO DE INVESTIMENTO EM INFRAESTRUTURA RENDA FIXA;2025-11-30;Títulos ligados ao agronegócio;CRA;N;Para negociação;;;;;197.000000;205861.76;;;PJ;10.753.164/0001-43;ECO SECURITIZADORA DE DIREITOS CREDITORIOS DO AGRO;2032-09-15;N;;;;;14.359292;S;N;
CLASSES - FIF;53.906.581/0001-91;PSO 1 FUNDO INCENTIVADO DE INVESTIMENTO EM INFRAESTRUTURA RENDA FIXA;2025-11-30;Títulos ligados ao agronegócio;CRA;N;Para negociação;;;;;197.000000;205861.76;;;PJ;10.753.164/0001-43;ECO SECURITIZADORA DE DIREITOS CREDITORIOS DO AGRO;2032-09-15;N;;;;;14.363374;S;N;
CLASSES - FIF;53.906.581/0001-91;PSO 1 FUNDO INCENTIVADO DE INVESTIMENTO EM INFRAESTRUTURA RENDA FIXA;2025-11-30;Títulos ligados ao agronegócio;CRA;N;Para negociação;;;;;197.000000;205861.76;;;PJ;10.753.164/0001-43;ECO SECURITIZADORA DE DIREITOS CREDITORIOS DO AGRO;2032-09-15;N;;;;;14.383591;S;N;
CLASSES - FIF;53.906.581/0001-91;PSO 1 FUNDO INCENTIVADO DE INVESTIMENTO EM INFRAESTRUTURA RENDA FIXA;2025-11-30;Títulos ligados ao agronegócio;CRA;N;Para negociação;;;;;197.000000;205861.76;;;PJ;10.753.164/0001-43;ECO SECURITIZADORA DE DIREITOS CREDITORIOS DO AGRO;2032-09-15;N;;;;;14.409890;S;N;
CLASSES - FIF;53.906.581/0001-91;PSO 1 FUNDO INCENTIVADO DE INVESTIMENTO EM INFRAESTRUTURA RENDA FIXA;2025-11-30;Títulos ligados ao agronegócio;CRA;N;Para negociação;;;;;197.000000;205861.76;;;PJ;10.753.164/0001-43;ECO SECURITIZADORA DE DIREITOS CREDITORIOS DO AGRO;2032-09-15;N;;;;;14.414293;S;N;
CLASSES - FIF;53.906.581/0001-91;PSO 1 FUNDO INCENTIVADO DE INVESTIMENTO EM INFRAESTRUTURA RENDA FIXA;2025-11-30;Títulos ligados ao agronegócio;CRA;N;Para negociação;;;;;197.000000;205861.76;;;PJ;10.753.164/0001-43;ECO SECURITIZADORA DE DIREITOS CREDITORIOS DO AGRO;2032-09-15;N;;;;;14.484346;S;N;
CLASSES - FIF;53.906.581/0001-91;PSO 1 FUNDO INCENTIVADO DE INVESTIMENTO EM INFRAESTRUTURA RENDA FIXA;2025-11-30;Títulos ligados ao agronegócio;CRA;N;Para negociação;;;;;197.000000;205861.76;;;PJ;10.753.164/0001-43;ECO SECURITIZADORA DE DIREITOS CREDITORIOS DO AGRO;2032-09-15;N;;;;;14.619328;S;N;
CLASSES - FIF;53.906.581/0001-91;PSO 1 FUNDO INCENTIVADO DE INVESTIMENTO EM INFRAESTRUTURA RENDA FIXA;2025-11-30;Títulos ligados ao agronegócio;CRA;N;Para negociação;;;;;12.000000;13396.44;;;PJ;10.753.164/0001-43;ECO SECURITIZADORA DE DIREITOS CREDITORIOS DO AGRO;2032-10-15;S;IAP;Índice de Preços ao Consumidor Amplo (IPCA/IBGE);100.000000;7.335200;;S;N;
CLASSES - FIF;53.906.581/0001-91;PSO 1 FUNDO INCENTIVADO DE INVESTIMENTO EM INFRAESTRUTURA RENDA FIXA;2025-11-30;Títulos ligados ao agronegócio;CRA;N;Para negociação;;;;;10.000000;10177.73;;;PJ;10.753.164/0001-43;ECO SECURITIZADORA DE DIREITOS CREDITORIOS DO AGRO;2034-03-15;S;IAP;Índice de Preços ao Consumidor Amplo (IPCA/IBGE);100.000000;6.799600;;S;N;
CLASSES - FIF;53.906.581/0001-91;PSO 1 FUNDO INCENTIVADO DE INVESTIMENTO EM INFRAESTRUTURA RENDA FIXA;2025-11-30;Títulos ligados ao agronegócio;CRA;N;Para negociação;;;;;192.000000;196207.40;;;PJ;10.753.164/0001-43;ECO SECURITIZADORA DE DIREITOS CREDITORIOS DO AGRO;2034-06-15;S;IAP;Índice de Preços ao Consumidor Amplo (IPCA/IBGE);100.000000;7.233600;;S;N;
CLASSES - FIF;53.906.581/0001-91;PSO 1 FUNDO INCENTIVADO DE INVESTIMENTO EM INFRAESTRUTURA RENDA FIXA;2025-11-30;Títulos ligados ao agronegócio;CRA;N;Para negociação;;;;;222.000000;222599.05;;;PJ;10.753.164/0001-43;ECO SECURITIZADORA DE DIREITOS CREDITORIOS DO AGRO;2035-04-16;S;DI1;DI de um dia;100.000000;0.400000;;S;N;
CLASSES - FIF;53.906.581/0001-91;PSO 1 FUNDO INCENTIVADO DE INVESTIMENTO EM INFRAESTRUTURA RENDA FIXA;2025-11-30;Títulos ligados ao agronegócio;CRA;N;Para negociação;;;;;27.000000;27021.45;;;PJ;10.753.164/0001-43;ECO SECURITIZADORA DE DIREITOS CREDITORIOS DO AGRO;2035-04-16;S;IAP;Índice de Preços ao Consumidor Amplo (IPCA/IBGE);100.000000;8.040000;;S;N;
CLASSES - FIF;53.906.581/0001-91;PSO 1 FUNDO INCENTIVADO DE INVESTIMENTO EM INFRAESTRUTURA RENDA FIXA;2025-11-30;Títulos ligados ao agronegócio;CRA;N;Para negociação;;;;;811.000000;838026.04;;;PJ;10.753.164/0001-43;ECO SECURITIZADORA DE DIREITOS CREDITORIOS DO AGRO;2035-07-16;S;IAP;Índice de Preços ao Consumidor Amplo (IPCA/IBGE);100.000000;7.906400;;S;N;
CLASSES - FIF;53.906.581/0001-91;PSO 1 FUNDO INCENTIVADO DE INVESTIMENTO EM INFRAESTRUTURA RENDA FIXA;2025-11-30;Títulos ligados ao agronegócio;CRA;N;Para negociação;;;;;203.000000;189937.33;;;PJ;10.753.164/0001-43;ECO SECURITIZADORA DE DIREITOS CREDITORIOS DO AGRO;2037-05-15;S;IAP;Índice de Preços ao Consumidor Amplo (IPCA/IBGE);100.000000;6.973900;;S;N;
CLASSES - FIF;53.906.581/0001-91;PSO 1 FUNDO INCENTIVADO DE INVESTIMENTO EM INFRAESTRUTURA RENDA FIXA;2025-11-30;Títulos ligados ao agronegócio;CRA;N;Para negociação;;;;;91.000000;94176.20;;;PJ;10.753.164/0001-43;ECO SECURITIZADORA DE DIREITOS CREDITORIOS DO AGRO;2039-10-17;S;IAP;Índice de Preços ao Consumidor Amplo (IPCA/IBGE);100.000000;7.539500;;S;N;
CLASSES - FIF;53.906.581/0001-91;PSO 1 FUNDO INCENTIVADO DE INVESTIMENTO EM INFRAESTRUTURA RENDA FIXA;2025-11-30;Títulos ligados ao agronegócio;CRA;N;Para negociação;;;;;518.000000;510979.64;;;PJ;10.753.164/0001-43;ECO SECURITIZADORA DE DIREITOS CREDITORIOS DO AGRO;2040-04-16;S;IAP;Índice de Preços ao Consumidor Amplo (IPCA/IBGE);100.000000;8.234500;;S;N;
CLASSES - FIF;53.906.581/0001-91;PSO 1 FUNDO INCENTIVADO DE INVESTIMENTO EM INFRAESTRUTURA RENDA FIXA;2025-11-30;Títulos ligados ao agronegócio;CRA;N;Para negociação;;;;;403.000000;405197.60;;;PJ;10.753.164/0001-43;ECO SECURITIZADORA DE DIREITOS CREDITORIOS DO AGRO;2050-10-15;S;IAP;Índice de Preços ao Consumidor Amplo (IPCA/IBGE);100.000000;8.031300;;S;N;
CLASSES - FIF;53.906.581/0001-91;PSO 1 FUNDO INCENTIVADO DE INVESTIMENTO EM INFRAESTRUTURA RENDA FIXA;2025-11-30;Títulos ligados ao agronegócio;CRA;N;Para negociação;;;;;510.000000;21128.87;;;PJ;25.005.683/0001-09;VERT COMPANHIA SECURITIZADORA;2026-11-26;S;DI1;DI de um dia;100.000000;2.550000;;S;N;
CLASSES - FIF;53.906.581/0001-91;PSO 1 FUNDO INCENTIVADO DE INVESTIMENTO EM INFRAESTRUTURA RENDA FIXA;2025-11-30;Títulos ligados ao agronegócio;CRA;N;Para negociação;;;;;183.000000;195945.42;;;PJ;25.005.683/0001-09;VERT COMPANHIA SECURITIZADORA;2027-01-15;S;DI1;DI de um dia;103.000000;103.000000;;S;N;
CLASSES - FIF;53.906.581/0001-91;PSO 1 FUNDO INCENTIVADO DE INVESTIMENTO EM INFRAESTRUTURA RENDA FIXA;2025-11-30;Títulos ligados ao agronegócio;CRA;N;Para negociação;;;;;34.000000;33771.37;;;PJ;25.005.683/0001-09;VERT COMPANHIA SECURITIZADORA;2027-06-16;N;;;;;13.850404;S;N;
CLASSES - FIF;53.906.581/0001-91;PSO 1 FUNDO INCENTIVADO DE INVESTIMENTO EM INFRAESTRUTURA RENDA FIXA;2025-11-30;Títulos ligados ao agronegócio;CRA;N;Para negociação;;;;;111.000000;149347.11;;;PJ;25.005.683/0001-09;VERT COMPANHIA SECURITIZADORA;2027-07-15;S;IAP;Índice de Preços ao Consumidor Amplo (IPCA/IBGE);100.000000;5.300000;;S;N;
CLASSES - FIF;53.906.581/0001-91;PSO 1 FUNDO INCENTIVADO DE INVESTIMENTO EM INFRAESTRUTURA RENDA FIXA;2025-11-30;Títulos ligados ao agronegócio;CRA;N;Para negociação;;;;;33.000000;47620.03;;;PJ;25.005.683/0001-09;VERT COMPANHIA SECURITIZADORA;2028-01-17;N;;;;;12.857227;S;N;
CLASSES - FIF;53.906.581/0001-91;PSO 1 FUNDO INCENTIVADO DE INVESTIMENTO EM INFRAESTRUTURA RENDA FIXA;2025-11-30;Títulos ligados ao agronegócio;CRA;N;Para negociação;;;;;33.000000;47620.03;;;PJ;25.005.683/0001-09;VERT COMPANHIA SECURITIZADORA;2028-01-17;N;;;;;12.884081;S;N;
CLASSES - FIF;53.906.581/0001-91;PSO 1 FUNDO INCENTIVADO DE INVESTIMENTO EM INFRAESTRUTURA RENDA FIXA;2025-11-30;Títulos ligados ao agronegócio;CRA;N;Para negociação;;;;;33.000000;47620.03;;;PJ;25.005.683/0001-09;VERT COMPANHIA SECURITIZADORA;2028-01-17;N;;;;;13.110025;S;N;
CLASSES - FIF;53.906.581/0001-91;PSO 1 FUNDO INCENTIVADO DE INVESTIMENTO EM INFRAESTRUTURA RENDA FIXA;2025-11-30;Títulos ligados ao agronegócio;CRA;N;Para negociação;;;;;33.000000;47620.03;;;PJ;25.005.683/0001-09;VERT COMPANHIA SECURITIZADORA;2028-01-17;N;;;;;13.117362;S;N;
CLASSES - FIF;53.906.581/0001-91;PSO 1 FUNDO INCENTIVADO DE INVESTIMENTO EM INFRAESTRUTURA RENDA FIXA;2025-11-30;Títulos ligados ao agronegócio;CRA;N;Para negociação;;;;;33.000000;47620.03;;;PJ;25.005.683/0001-09;VERT COMPANHIA SECURITIZADORA;2028-01-17;N;;;;;13.142364;S;N;
CLASSES - FIF;53.906.581/0001-91;PSO 1 FUNDO INCENTIVADO DE INVESTIMENTO EM INFRAESTRUTURA RENDA FIXA;2025-11-30;Títulos ligados ao agronegócio;CRA;N;Para negociação;;;;;33.000000;47620.03;;;PJ;25.005.683/0001-09;VERT COMPANHIA SECURITIZADORA;2028-01-17;N;;;;;13.238192;S;N;
CLASSES - FIF;53.906.581/0001-91;PSO 1 FUNDO INCENTIVADO DE INVESTIMENTO EM INFRAESTRUTURA RENDA FIXA;2025-11-30;Títulos ligados ao agronegócio;CRA;N;Para negociação;;;;;33.000000;47620.03;;;PJ;25.005.683/0001-09;VERT COMPANHIA SECURITIZADORA;2028-01-17;N;;;;;13.319677;S;N;
CLASSES - FIF;53.906.581/0001-91;PSO 1 FUNDO INCENTIVADO DE INVESTIMENTO EM INFRAESTRUTURA RENDA FIXA;2025-11-30;Títulos ligados ao agronegócio;CRA;N;Para negociação;;;;;33.000000;47620.03;;;PJ;25.005.683/0001-09;VERT COMPANHIA SECURITIZADORA;2028-01-17;N;;;;;13.352390;S;N;
CLASSES - FIF;53.906.581/0001-91;PSO 1 FUNDO INCENTIVADO DE INVESTIMENTO EM INFRAESTRUTURA RENDA FIXA;2025-11-30;Títulos ligados ao agronegócio;CRA;N;Para negociação;;;;;33.000000;47620.03;;;PJ;25.005.683/0001-09;VERT COMPANHIA SECURITIZADORA;2028-01-17;N;;;;;13.365873;S;N;
CLASSES - FIF;53.906.581/0001-91;PSO 1 FUNDO INCENTIVADO DE INVESTIMENTO EM INFRAESTRUTURA RENDA FIXA;2025-11-30;Títulos ligados ao agronegócio;CRA;N;Para negociação;;;;;179.000000;210862.56;;;PJ;25.005.683/0001-09;VERT COMPANHIA SECURITIZADORA;2028-09-15;S;IAP;Índice de Preços ao Consumidor Amplo (IPCA/IBGE);100.000000;4.828700;;S;N;
CLASSES - FIF;53.906.581/0001-91;PSO 1 FUNDO INCENTIVADO DE INVESTIMENTO EM INFRAESTRUTURA RENDA FIXA;2025-11-30;Títulos ligados ao agronegócio;CRA;N;Para negociação;;;;;21.000000;28921.26;;;PJ;25.005.683/0001-09;VERT COMPANHIA SECURITIZADORA;2029-03-15;S;IAP;Índice de Preços ao Consumidor Amplo (IPCA/IBGE);100.000000;4.508100;;S;N;
CLASSES - FIF;53.906.581/0001-91;PSO 1 FUNDO INCENTIVADO DE INVESTIMENTO EM INFRAESTRUTURA RENDA FIXA;2025-11-30;Títulos ligados ao agronegócio;CRA;N;Para negociação;;;;;57.000000;74506.58;;;PJ;25.005.683/0001-09;VERT COMPANHIA SECURITIZADORA;2029-06-15;S;IAP;Índice de Preços ao Consumidor Amplo (IPCA/IBGE);100.000000;3.500000;;S;N;
CLASSES - FIF;53.906.581/0001-91;PSO 1 FUNDO INCENTIVADO DE INVESTIMENTO EM INFRAESTRUTURA RENDA FIXA;2025-11-30;Títulos ligados ao agronegócio;CRA;N;Para negociação;;;;;26.000000;33667.56;;;PJ;25.005.683/0001-09;VERT COMPANHIA SECURITIZADORA;2030-07-15;S;IAP;Índice de Preços ao Consumidor Amplo (IPCA/IBGE);100.000000;5.600000;;S;N;
CLASSES - FIF;53.906.581/0001-91;PSO 1 FUNDO INCENTIVADO DE INVESTIMENTO EM INFRAESTRUTURA RENDA FIXA;2025-11-30;Títulos ligados ao agronegócio;CRA;N;Para negociação;;;;;47.000000;51639.89;;;PJ;25.005.683/0001-09;VERT COMPANHIA SECURITIZADORA;2031-05-15;S;IAP;Índice de Preços ao Consumidor Amplo (IPCA/IBGE);100.000000;4.784300;;S;N;
CLASSES - FIF;53.906.581/0001-91;PSO 1 FUNDO INCENTIVADO DE INVESTIMENTO EM INFRAESTRUTURA RENDA FIXA;2025-11-30;Títulos ligados ao agronegócio;CRA;N;Para negociação;;;;;22.000000;23206.43;;;PJ;25.005.683/0001-09;VERT COMPANHIA SECURITIZADORA;2032-06-15;S;DI1;DI de um dia;97.000000;97.000000;;S;N;
CLASSES - FIF;53.906.581/0001-91;PSO 1 FUNDO INCENTIVADO DE INVESTIMENTO EM INFRAESTRUTURA RENDA FIXA;2025-11-30;Títulos ligados ao agronegócio;CRA;N;Para negociação;;;;;208.000000;228974.57;;;PJ;25.005.683/0001-09;VERT COMPANHIA SECURITIZADORA;2032-06-15;S;IAP;Índice de Preços ao Consumidor Amplo (IPCA/IBGE);100.000000;6.005300;;S;N;
CLASSES - FIF;53.906.581/0001-91;PSO 1 FUNDO INCENTIVADO DE INVESTIMENTO EM INFRAESTRUTURA RENDA FIXA;2025-11-30;Títulos ligados ao agronegócio;CRA;N;Para negociação;;;;;122.000000;135007.84;;;PJ;25.005.683/0001-09;VERT COMPANHIA SECURITIZADORA;2032-07-15;S;IAP;Índice de Preços ao Consumidor Amplo (IPCA/IBGE);100.000000;6.834400;;S;N;
CLASSES - FIF;53.906.748/0001-14;PSO 2 FUNDO INCENTIVADO DE INVESTIMENTO EM INFRAESTRUTURA RENDA FIXA;2025-11-30;Debêntures;Debênture simples;N;Para negociação;;;;;93.000000;90961.03;;;PJ;07.714.104/0001-07;GIGA MAIS FIBRA TELECOMUNICACOES S.A.;2031-07-15;S;IAP;Índice de Preços ao Consumidor Amplo (IPCA/IBGE);100.000000;10.584400;;S;N;
CLASSES - FIF;53.906.748/0001-14;PSO 2 FUNDO INCENTIVADO DE INVESTIMENTO EM INFRAESTRUTURA RENDA FIXA;2025-11-30;Debêntures;Debênture simples;N;Para negociação;;;;;958.000000;943440.53;;;PJ;07.714.104/0001-07;GIGA MAIS FIBRA TELECOMUNICACOES S.A.;2031-10-15;S;IAP;Índice de Preços ao Consumidor Amplo (IPCA/IBGE);100.000000;10.347900;;S;N;
CLASSES - FIF;53.906.981/0001-05;PSO 3 FUNDO INCENTIVADO DE INVESTIMENTO EM INFRAESTRUTURA RENDA FIXA;2025-11-30;Títulos ligados ao agronegócio;CRA;N;Para negociação;;;;;35.000000;40210.58;;;PJ;02.773.542/0001-22;OPEA SECURITIZADORA S.A.;2029-07-16;S;IAP;Índice de Preços ao Consumidor Amplo (IPCA/IBGE);100.000000;3.602000;;S;N;
CLASSES - FIF;53.906.981/0001-05;PSO 3 FUNDO INCENTIVADO DE INVESTIMENTO EM INFRAESTRUTURA RENDA FIXA;2025-11-30;Títulos ligados ao agronegócio;CRA;N;Para negociação;;;;;40.000000;35763.30;;;PJ;02.773.542/0001-22;OPEA SECURITIZADORA S.A.;2032-08-16;S;IAP;Índice de Preços ao Consumidor Amplo (IPCA/IBGE);100.000000;6.588500;;S;N;
CLASSES - FIF;54.008.247/0001-83;RIVIERA GB FIF - FUNDO INCENTIVADO EM INVESTIMENTO EM DEB DE INFRA RF CRED PRIV - RESP LIMITADA;2025-11-30;Títulos ligados ao agronegócio;CRA;N;Para negociação;;;;;22.000000;24159.11;;;PJ;25.005.683/0001-09;VERT COMPANHIA SECURITIZADORA;2034-05-15;S;IAP;Índice de Preços ao Consumidor Amplo (IPCA/IBGE);100.000000;6.769400;;S;N;
CLASSES - FIF;54.022.134/0001-32;LEGATO FUNDO DE INVESTIMENTO FINANCEIRO RENDA FIXA;2025-11-30;Debêntures;Debênture simples;N;Para negociação;;;;;200.000000;201858.43;;;PJ;50.746.577/0001-15;COSAN S.A.;2028-05-05;S;DI1;DI de um dia;100.000000;1.524900;;S;N;
CLASSES - FIF;54.026.114/0001-30;TRÍADE MASTER FUNDO DE INVESTIMENTO FINANCEIRO MULTIMERCADO;2025-11-30;Debêntures;Debênture simples;N;Para negociação;;;;;150.000000;151370.70;;;PJ;50.746.577/0001-15;COSAN S.A.;2028-05-05;S;DI1;DI de um dia;100.000000;1.524900;;S;N;
CLASSES - FIF;54.026.114/0001-30;TRÍADE MASTER FUNDO DE INVESTIMENTO FINANCEIRO MULTIMERCADO;2025-11-30;Títulos ligados ao agronegócio;CRA;N;Para negociação;;;;;7.000000;8010.74;;;PJ;02.773.542/0001-22;OPEA SECURITIZADORA S.A.;2030-06-17;S;IAP;Índice de Preços ao Consumidor Amplo (IPCA/IBGE);100.000000;5.800000;;S;N;
CLASSES - FIF;54.072.658/0001-38;TRIUNFO FUNDO DE INVESTIMENTO FINANCEIRO RENDA FIXA CRÉDITO PRIVADO - RESPONSABILIDADE LIMITADA;2025-11-30;Títulos ligados ao agronegócio;CRA;N;Para negociação;;;;;4998.000000;205431.19;;;PJ;25.005.683/0001-09;VERT COMPANHIA SECURITIZADORA;2026-11-26;S;DI1;DI de um dia;100.000000;2.300000;;S;N;
CLASSES - FIF;54.200.888/0001-35;EAGLE J3 FUNDO INCENTIVADO DE INVESTIMENTO EM INFRAESTRUTURA RENDA FIXA - CRÉDITO PRIVADO;2025-11-30;Debêntures;Debênture simples;N;Para negociação;;;;;436.000000;431915.85;;;PJ;06.981.180/0001-16;CEMIG DISTRIBUICAO S.A;2037-10-15;S;IAP;Índice de Preços ao Consumidor Amplo (IPCA/IBGE);100.000000;6.941443;;S;N;
CLASSES - FIF;54.200.888/0001-35;EAGLE J3 FUNDO INCENTIVADO DE INVESTIMENTO EM INFRAESTRUTURA RENDA FIXA - CRÉDITO PRIVADO;2025-11-30;Debêntures;Debênture simples;N;Para negociação;;;;;411.000000;414902.48;;;PJ;55.085.811/0001-24;EXES SECURITIZADORA S.A.;2031-10-20;S;DI1;DI de um dia;100.000000;1.000000;;S;N;
CLASSES - FIF;54.227.728/0001-80;ITAÚ SINFONIA ALL FUNDO DE INVESTIMENTO FINANCEIRO MULTIMERCADO CRÉD PRIV - RESP LIMITADA;2025-11-30;Debêntures;Debênture simples;N;Para negociação;;;;;3925.000000;3964862.34;;;PJ;43.776.517/0001-80;CIA SANEAMENTO BASICO EST SAO PAULO;2035-11-14;S;DI1;DI de um dia;100.000000;0.900000;;S;N;
CLASSES - FIF;54.228.000/0001-72;FUNDO DE INVESTIMENTO FINANCEIRO CI RENDA FIXA INCENTIVADO DE INVESTIMENTO EM INFRAESTRUTURA ZAPALLA;2025-11-30;Títulos ligados ao agronegócio;CRA;N;Para negociação;;;;;179.000000;189744.49;;;PJ;08.769.451/0001-08;VIRGO COMPANHIA;2029-11-21;S;IAP;Índice de Preços ao Consumidor Amplo (IPCA/IBGE);100.000000;9.110799;;S;N;
CLASSES - FIF;54.272.086/0001-30;BRADESCO FIF - CI RENDA FIXA INCENTIVADO DE INVESTIMENTO EM INFRAESTRUTURA TEXFOUR;2025-11-30;Títulos ligados ao agronegócio;CRA;N;Para negociação;;;;;443.000000;469591.12;;;PJ;08.769.451/0001-08;VIRGO COMPANHIA;2029-11-21;S;IAP;Índice de Preços ao Consumidor Amplo (IPCA/IBGE);100.000000;9.110799;;S;N;
CLASSES - FIF;54.322.173/0001-55;ITAÚ DEB INCENTIVADAS III FIF INCENTIVADO EM INFRA RF CRÉD PRIV - RESP LIMITADA;2025-11-30;Debêntures;Debênture simples;N;Para negociação;;;;;858.000000;842898.06;;;PJ;42.276.907/0001-28;VLI MULTIMODAL S.A.;2035-10-15;S;IAP;Índice de Preços ao Consumidor Amplo (IPCA/IBGE);100.000000;6.672900;;S;N;
CLASSES - FIF;54.332.024/0001-77;ITAÚ PVT PJ DEBÊNTURES INCENTIVADAS FIF INCENTIVADO EM INFRAESTRUTURA RF CRED PRIV RESP LIMITADA;2025-11-30;Debêntures;Debênture simples;N;Para negociação;;;;;89.000000;87881.75;;;PJ;06.981.180/0001-16;CEMIG DISTRIBUICAO S.A.;2037-10-15;S;IAP;Índice de Preços ao Consumidor Amplo (IPCA/IBGE);100.000000;6.787800;;S;N;
CLASSES - FIF;54.332.024/0001-77;ITAÚ PVT PJ DEBÊNTURES INCENTIVADAS FIF INCENTIVADO EM INFRAESTRUTURA RF CRED PRIV RESP LIMITADA;2025-11-30;Debêntures;Debênture simples;N;Para negociação;;;;;38.000000;37356.76;;;PJ;02.476.026/0001-36;ULTRAFERTIL SA;2035-10-15;S;IAP;Índice de Preços ao Consumidor Amplo (IPCA/IBGE);100.000000;6.672900;;S;N;
CLASSES - FIF;54.332.024/0001-77;ITAÚ PVT PJ DEBÊNTURES INCENTIVADAS FIF INCENTIVADO EM INFRAESTRUTURA RF CRED PRIV RESP LIMITADA;2025-11-30;Debêntures;Debênture simples;N;Para negociação;;;;;69.000000;67785.50;;;PJ;42.276.907/0001-28;VLI MULTIMODAL S.A.;2035-10-15;S;IAP;Índice de Preços ao Consumidor Amplo (IPCA/IBGE);100.000000;6.672900;;S;N;
CLASSES - FIF;54.384.400/0001-77;BRADESCO FIF - CI RENDA FIXA INCENTIVADO DE INVESTIMENTO EM INFRAESTRUTURA APOLO 3;2025-11-30;Títulos ligados ao agronegócio;CRA;N;Para negociação;;;;;215.000000;227905.40;;;PJ;08.769.451/0001-08;VIRGO COMPANHIA;2029-11-21;S;IAP;Índice de Preços ao Consumidor Amplo (IPCA/IBGE);100.000000;9.110799;;S;N;
CLASSES - FIF;54.391.780/0001-77;FUNDO DE INVESTIMENTO FINANCEIRO - CI RENDA FIXA INCENTIVADA INVESTIMENTO EM INFRA G5 CASA DE FERRO;2025-11-30;Debêntures;Debênture simples;N;Para negociação;;;;;160.000000;188316.42;;;PJ;20.223.016/0001-70;BELO MONTE TRAN;2031-12-15;S;IAP;Índice de Preços ao Consumidor Amplo (IPCA/IBGE);100.000000;7.636122;;S;N;
CLASSES - FIF;54.391.780/0001-77;FUNDO DE INVESTIMENTO FINANCEIRO - CI RENDA FIXA INCENTIVADA INVESTIMENTO EM INFRA G5 CASA DE FERRO;2025-11-30;Debêntures;Debênture simples;N;Para negociação;;;;;80.000000;94158.21;;;PJ;20.223.016/0001-70;BELO MONTE TRAN;2031-12-15;S;IAP;Índice de Preços ao Consumidor Amplo (IPCA/IBGE);100.000000;5.847262;;S;N;
CLASSES - FIF;54.391.780/0001-77;FUNDO DE INVESTIMENTO FINANCEIRO - CI RENDA FIXA INCENTIVADA INVESTIMENTO EM INFRA G5 CASA DE FERRO;2025-11-30;Debêntures;Debênture simples;N;Para negociação;;;;;120.000000;41928.73;;;PJ;02.773.542/0001-22;Opea Securitiza;2025-12-03;S;DI1;DI de um dia;100.000000;5.850006;;S;N;
CLASSES - FIF;54.407.534/0001-66;ITAÚ DEBÊNTURES INCENTIVADAS CDI VI FIF INCENTIVADO INFRA RF CRED PRIV - RESP LIMITADA;2025-11-30;Títulos ligados ao agronegócio;CRA;N;Para negociação;;;;;106.000000;116402.97;;;PJ;25.005.683/0001-09;VERT COMPANHIA SECURITIZADORA;2034-05-15;S;IAP;Índice de Preços ao Consumidor Amplo (IPCA/IBGE);100.000000;6.769400;;S;N;
CLASSES - FIF;54.407.534/0001-66;ITAÚ DEBÊNTURES INCENTIVADAS CDI VI FIF INCENTIVADO INFRA RF CRED PRIV - RESP LIMITADA;2025-11-30;Títulos ligados ao agronegócio;CRA;N;Para negociação;;;;;250.000000;266437.96;;;PJ;10.753.164/0001-43;ECO SECURITIZADORA D C AGRONEGOCIO;2033-10-17;S;IAP;Índice de Preços ao Consumidor Amplo (IPCA/IBGE);100.000000;6.440000;;S;N;
CLASSES - FIF;54.436.219/0001-67;BRADESCO FIF - CI RENDA FIXA INCENTIVADO DE INVESTIMENTO EM INFRAESTRUTURA GARDÊNIA;2025-11-30;Títulos ligados ao agronegócio;CRA;N;Para negociação;;;;;391.000000;414469.82;;;PJ;08.769.451/0001-08;VIRGO COMPANHIA;2029-11-21;S;IAP;Índice de Preços ao Consumidor Amplo (IPCA/IBGE);100.000000;9.110799;;S;N;
CLASSES - FIF;54.487.667/0001-90;SANTANDER PB 62 INVESTIMENTO EM INFRAESTRUTURA RENDA FIXA - FIF RESPONSABILIDADE LIMITADA;2025-11-30;Títulos ligados ao agronegócio;CRA;S;Para negociação;;;;;481.000000;565943.18;;;PJ;25.005.683/0001-09;VERT COMPANHIA;2028-09-15;S;IAP;Índice de Preços ao Consumidor Amplo (IPCA/IBGE);100.000000;4.644056;;S;N;
CLASSES - FIF;54.487.736/0001-65;SANTANDER HERA RENDA FIXA FUNDO INCENTIVADO DE INVESTIMENTO EM INFRAESTRUTURA RESP LIMITADA;2025-11-30;Títulos de Crédito Privado;Nota Promissória/ Commercial Paper/ Export Note;N;Mantido até o vencimento;0.000000;0.00;0.000000;0.00;71000.000000;75500340.88;;;PJ;41.934.221/0001-14;CS BRASIL HOLD;2026-07-20;S;DI1;DI de um dia;100.000000;2.479906;;S;N;
CLASSES - FIF;54.487.736/0001-65;SANTANDER HERA RENDA FIXA FUNDO INCENTIVADO DE INVESTIMENTO EM INFRAESTRUTURA RESP LIMITADA;2025-11-30;Títulos de Crédito Privado;Nota Promissória/ Commercial Paper/ Export Note;N;Mantido até o vencimento;0.000000;0.00;0.000000;0.00;250000.000000;257320832.84;;;PJ;07.976.147/0001-60;MOVIDA LOCACAO;2027-09-25;S;DI1;DI de um dia;100.000000;2.299999;;S;N;
CLASSES - FIF;54.501.503/0001-70;BTG INFRA MASTER IV FUNDO INCENTIVADO DE INVESTIMENTO EM INFRAESTRUTURA RENDA FIXA CRÉDITO PRIVADO;2025-11-30;Debêntures;Debênture simples;N;Para negociação;;;;;9273.000000;9578109.91;;;PJ;21.480.839/0001-44;BRK AMBIENTAL - SUMARE S.A;2029-09-18;S;DI1;DI de um dia;100.000000;2.500000;;S;N;
CLASSES - FIF;54.517.219/0001-91;BTG PACTUAL TOTAL FUNDO INCENTIVADO DE INVESTIMENTO EM INFRAESTRUTURA RENDA FIXA;2025-11-30;Debêntures;Debênture simples;N;Para negociação;;;;;21962.000000;21756275.23;;;PJ;06.981.180/0001-16;CEMIG DISTRIBUICAO S.A;2037-10-15;S;IAP;Índice de Preços ao Consumidor Amplo (IPCA/IBGE);100.000000;6.941443;;S;N;
CLASSES - FIF;54.517.219/0001-91;BTG PACTUAL TOTAL FUNDO INCENTIVADO DE INVESTIMENTO EM INFRAESTRUTURA RENDA FIXA;2025-11-30;Debêntures;Debênture simples;N;Para negociação;;;;;8315.000000;8168644.96;;;PJ;42.276.907/0001-28;VLI MULTIMODAL S.A.;2035-10-15;S;IAP;Índice de Preços ao Consumidor Amplo (IPCA/IBGE);100.000000;7.030100;;S;N;
CLASSES - FIF;54.602.844/0001-31;BB NINA INFRA RENDA FIXA FUNDO INCENTIVADO DE INVESTIMENTO FINANCEIRO EM INFRAESTRUTURA RESP LIM;2025-11-30;Debêntures;Debênture simples;N;Para negociação;;;;;386.000000;377577.69;;;PJ;42.276.907/0001-28;VLI MULTIMODAL S.A;2035-10-15;S;IAP;Índice de Preços ao Consumidor Amplo (IPCA/IBGE);100.000000;6.672900;;S;N;
CLASSES - FIF;54.643.280/0001-85;ITAÚ FLEXPREV SINFONIA DISTRIBUIDORES  FIF MULTIMERCADO CRÉDITO PRIVADO - RESPONSABILIDADE LIMITADA;2025-11-30;Debêntures;Debênture simples;N;Para negociação;;;;;322.000000;323680.71;;;PJ;43.776.517/0001-80;CIA SANEAMENTO BASICO EST SAO PAULO;2032-11-14;S;DI1;DI de um dia;100.000000;0.690000;;S;N;
CLASSES - FIF;54.643.280/0001-85;ITAÚ FLEXPREV SINFONIA DISTRIBUIDORES  FIF MULTIMERCADO CRÉDITO PRIVADO - RESPONSABILIDADE LIMITADA;2025-11-30;Debêntures;Debênture simples;N;Para negociação;;;;;2721.000000;2748634.51;;;PJ;43.776.517/0001-80;CIA SANEAMENTO BASICO EST SAO PAULO;2035-11-14;S;DI1;DI de um dia;100.000000;0.900000;;S;N;
CLASSES - FIF;54.643.280/0001-85;ITAÚ FLEXPREV SINFONIA DISTRIBUIDORES  FIF MULTIMERCADO CRÉDITO PRIVADO - RESPONSABILIDADE LIMITADA;2025-11-30;Títulos ligados ao agronegócio;CRA;N;Para negociação;;;;;167.000000;191113.26;;;PJ;12.130.744/0001-00;TRUE SECURITIZADORA S.A.;2030-06-17;S;IAP;Índice de Preços ao Consumidor Amplo (IPCA/IBGE);100.000000;5.800000;;S;N;
CLASSES - FIF;54.643.280/0001-85;ITAÚ FLEXPREV SINFONIA DISTRIBUIDORES  FIF MULTIMERCADO CRÉDITO PRIVADO - RESPONSABILIDADE LIMITADA;2025-11-30;Títulos ligados ao agronegócio;CRA;N;Para negociação;;;;;205.000000;182936.04;;;PJ;12.130.744/0001-00;TRUE SECURITIZADORA S.A.;2032-08-15;S;OUT;OUTROS;100.000000;6.588500;;S;N;
CLASSES - FIF;54.643.280/0001-85;ITAÚ FLEXPREV SINFONIA DISTRIBUIDORES  FIF MULTIMERCADO CRÉDITO PRIVADO - RESPONSABILIDADE LIMITADA;2025-11-30;Títulos ligados ao agronegócio;CRA;N;Para negociação;;;;;203.000000;204469.12;;;PJ;10.753.164/0001-43;ECO SECURITIZADORA D C AGRONEGOCIO;2028-11-16;S;OUT;OUTROS;100.000000;0.650000;;S;N;
CLASSES - FIF;54.643.280/0001-85;ITAÚ FLEXPREV SINFONIA DISTRIBUIDORES  FIF MULTIMERCADO CRÉDITO PRIVADO - RESPONSABILIDADE LIMITADA;2025-11-30;Títulos ligados ao agronegócio;CRA;N;Para negociação;;;;;20.000000;19934.44;;;PJ;12.130.744/0001-00;TRUE SECURITIZADORA S.A.;2029-07-16;S;OUT;OUTROS;100.000000;0.000000;;S;N;
CLASSES - FIF;54.643.280/0001-85;ITAÚ FLEXPREV SINFONIA DISTRIBUIDORES  FIF MULTIMERCADO CRÉDITO PRIVADO - RESPONSABILIDADE LIMITADA;2025-11-30;Títulos ligados ao agronegócio;CRA;N;Para negociação;;;;;25.000000;20152.14;;;PJ;12.130.744/0001-00;TRUE SECURITIZADORA S.A.;2037-08-15;S;OUT;OUTROS;100.000000;6.738200;;S;N;
CLASSES - FIF;54.643.280/0001-85;ITAÚ FLEXPREV SINFONIA DISTRIBUIDORES  FIF MULTIMERCADO CRÉDITO PRIVADO - RESPONSABILIDADE LIMITADA;2025-11-30;Títulos ligados ao agronegócio;CRA;N;Para negociação;;;;;12.000000;9952.06;;;PJ;12.130.744/0001-00;TRUE SECURITIZADORA S.A.;2030-10-15;S;OUT;OUTROS;100.000000;6.008100;;S;N;
CLASSES - FIF;54.643.280/0001-85;ITAÚ FLEXPREV SINFONIA DISTRIBUIDORES  FIF MULTIMERCADO CRÉDITO PRIVADO - RESPONSABILIDADE LIMITADA;2025-11-30;Títulos ligados ao agronegócio;CRA;N;Para negociação;;;;;114.000000;131339.71;;;PJ;12.130.744/0001-00;TRUE SECURITIZADORA S.A.;2029-07-16;S;IAP;Índice de Preços ao Consumidor Amplo (IPCA/IBGE);100.000000;3.602000;;S;N;
CLASSES - FIF;54.643.280/0001-85;ITAÚ FLEXPREV SINFONIA DISTRIBUIDORES  FIF MULTIMERCADO CRÉDITO PRIVADO - RESPONSABILIDADE LIMITADA;2025-11-30;Títulos ligados ao agronegócio;CRA;N;Para negociação;;;;;82.000000;116300.64;;;PJ;02.773.542/0001-22;OPEA SECURITIZADORA S.A.;2026-03-16;S;IAP;Índice de Preços ao Consumidor Amplo (IPCA/IBGE);100.000000;4.040000;;S;N;
CLASSES - FIF;54.643.280/0001-85;ITAÚ FLEXPREV SINFONIA DISTRIBUIDORES  FIF MULTIMERCADO CRÉDITO PRIVADO - RESPONSABILIDADE LIMITADA;2025-11-30;Títulos ligados ao agronegócio;CRA;N;Para negociação;;;;;17.000000;12958.17;;;PJ;12.130.744/0001-00;TRUE SECURITIZADORA S.A.;2033-10-17;S;OUT;OUTROS;100.000000;6.251300;;S;N;
CLASSES - FIF;54.643.280/0001-85;ITAÚ FLEXPREV SINFONIA DISTRIBUIDORES  FIF MULTIMERCADO CRÉDITO PRIVADO - RESPONSABILIDADE LIMITADA;2025-11-30;Títulos ligados ao agronegócio;CRA;N;Para negociação;;;;;33.000000;41066.53;;;PJ;12.130.744/0001-00;TRUE SECURITIZADORA S.A.;2027-06-15;S;IAP;Índice de Preços ao Consumidor Amplo (IPCA/IBGE);100.000000;5.400000;;S;N;
CLASSES - FIF;54.710.401/0001-64;BRADESCO FIF - CI RENDA FIXA INCENTIVADO DE INVESTIMENTO EM INFRAESTRUTURA AQUILA;2025-11-30;Títulos ligados ao agronegócio;CRA;N;Para negociação;;;;;175.000000;185504.39;;;PJ;08.769.451/0001-08;VIRGO COMPANHIA;2029-11-21;S;IAP;Índice de Preços ao Consumidor Amplo (IPCA/IBGE);100.000000;9.110799;;S;N;
CLASSES - FIF;54.713.571/0001-00;PORTO VANTAGE FUNDO DE INVESTIMENTO RENDA FIXA PREVIDENCIARIO;2025-11-30;Debêntures;Debênture simples;N;Para negociação;;;;;100.000000;100896.38;;;PJ;08.402.943/0001-52;GUARARAPES CONFECCOES S/A;2028-10-15;S;DI1;DI de um dia;100.000000;1.003300;;S;N;
CLASSES - FIF;54.793.790/0001-39;FUNDO DE INVESTIMENTO FINANCEIRO - CI RENDA FIXA INCENTIVADA INVESTIMENTO EM INFRA G5 BRICKELL;2025-11-30;Debêntures;Debênture simples;N;Para negociação;;;;;170.000000;200086.20;;;PJ;20.223.016/0001-70;BELO MONTE TRAN;2031-12-15;S;IAP;Índice de Preços ao Consumidor Amplo (IPCA/IBGE);100.000000;6.823686;;S;N;
CLASSES - FIF;54.803.982/0001-89;ÉXES FUNDO DE INVESTIMENTO FINANCEIRO EM INFRAESTRUTURA RENDA FIXA CRÉDITO  PRIVADO LONGO PRAZO - DE;2025-11-30;Títulos ligados ao agronegócio;CRA;N;Para negociação;;;;;10679.000000;11650136.15;;;PJ;12.130.744/0001-00;TRUE SECURITIZADORA S.A.;2037-02-18;S;IAP;Índice de Preços ao Consumidor Amplo (IPCA/IBGE);100.000000;11.700000;;S;N;
CLASSES - FIF;54.856.394/0001-03;ITAÚ DEB INC PRÉ TARGET 2028 III FIIF EM INFRAESTR RF CREDITO PRIVADO - RESPONSABILIDADE LIMITADA;2025-11-30;Debêntures;Debênture simples;N;Para negociação;;;;;1314.000000;1297490.11;;;PJ;06.981.180/0001-16;CEMIG DISTRIBUICAO S.A.;2037-10-15;S;IAP;Índice de Preços ao Consumidor Amplo (IPCA/IBGE);100.000000;6.787800;;S;N;
CLASSES - FIF;54.856.394/0001-03;ITAÚ DEB INC PRÉ TARGET 2028 III FIIF EM INFRAESTR RF CREDITO PRIVADO - RESPONSABILIDADE LIMITADA;2025-11-30;Debêntures;Debênture simples;N;Para negociação;;;;;23.000000;22610.67;;;PJ;02.476.026/0001-36;ULTRAFERTIL SA;2035-10-15;S;IAP;Índice de Preços ao Consumidor Amplo (IPCA/IBGE);100.000000;6.672900;;S;N;
CLASSES - FIF;54.856.394/0001-03;ITAÚ DEB INC PRÉ TARGET 2028 III FIIF EM INFRAESTR RF CREDITO PRIVADO - RESPONSABILIDADE LIMITADA;2025-11-30;Debêntures;Debênture simples;N;Para negociação;;;;;322.000000;316332.38;;;PJ;42.276.907/0001-28;VLI MULTIMODAL S.A.;2035-10-15;S;IAP;Índice de Preços ao Consumidor Amplo (IPCA/IBGE);100.000000;6.672900;;S;N;
CLASSES - FIF;54.883.919/0001-08;CAPITÂNIA CANA FIF FUNDO INCENTIVADO EM INVESTIMENTO EM DEB DE INF RF CRÉD PRIVADO - RESP LIMITADA;2025-11-30;Debêntures;Debênture simples;N;Para negociação;;;;;425.000000;432241.84;;;PJ;23.438.929/0001-00;ALARES INTERNET PARTICIPACOES S A;2032-10-15;S;IAP;Índice de Preços ao Consumidor Amplo (IPCA/IBGE);100.000000;11.865500;;S;N;
CLASSES - FIF;54.888.270/0001-00;PORTO CRÉDITO ITAÚ PREVIDENCIÁRIO MASTER FUNDO DE INVESTIMENTO FIN RF CRÉD PRIVADO - RESP LIMITADA;2025-11-30;Debêntures;Debênture simples;N;Para negociação;;;;;35.000000;35313.73;;;PJ;08.402.943/0001-52;GUARARAPES CONFECCOES S/A;2028-10-15;S;DI1;DI de um dia;100.000000;0.950000;;S;N;
CLASSES - FIF;54.888.270/0001-00;PORTO CRÉDITO ITAÚ PREVIDENCIÁRIO MASTER FUNDO DE INVESTIMENTO FIN RF CRÉD PRIVADO - RESP LIMITADA;2025-11-30;Debêntures;Debênture simples;N;Para negociação;;;;;100.000000;100949.51;;;PJ;55.085.811/0001-24;EXES SECURITIZADORA SA;2031-10-20;S;DI1;DI de um dia;100.000000;1.000000;;S;N;
CLASSES - FIF;54.888.270/0001-00;PORTO CRÉDITO ITAÚ PREVIDENCIÁRIO MASTER FUNDO DE INVESTIMENTO FIN RF CRÉD PRIVADO - RESP LIMITADA;2025-11-30;Títulos de Crédito Privado;Nota Promissória/ Commercial Paper/ Export Note;N;Para negociação;;;;;92.000000;98821.18;;;PJ;50.746.577/0001-15;COSAN SA INDUSTRIA E COMERCIO;2028-12-27;S;DI1;DI de um dia;100.000000;1.750000;;S;N;
CLASSES - FIF;54.888.270/0001-00;PORTO CRÉDITO ITAÚ PREVIDENCIÁRIO MASTER FUNDO DE INVESTIMENTO FIN RF CRÉD PRIVADO - RESP LIMITADA;2025-11-30;Títulos de Crédito Privado;Nota Promissória/ Commercial Paper/ Export Note;N;Para negociação;;;;;51.000000;54940.84;;;PJ;33.000.167/0001-01;PETROLEO BRASILEIRO S.A. PETROBRAS;2032-08-25;S;DI1;DI de um dia;100.000000;1.900000;;S;N;
CLASSES - FIF;54.888.270/0001-00;PORTO CRÉDITO ITAÚ PREVIDENCIÁRIO MASTER FUNDO DE INVESTIMENTO FIN RF CRÉD PRIVADO - RESP LIMITADA;2025-11-30;Títulos de Crédito Privado;Nota Promissória/ Commercial Paper/ Export Note;N;Para negociação;;;;;9.000000;9575.09;;;PJ;33.000.167/0001-01;PETROLEO BRASILEIRO S.A. PETROBRAS;2030-02-25;S;DI1;DI de um dia;100.000000;1.650000;;S;N;
CLASSES - FIF;54.952.299/0001-03;BTG PACTUAL TOTAL RENDA FIXA ATIVA FUNDO DE INVESTIMENTO RENDA FIXA LONGO PRAZO;2025-11-30;Debêntures;Debênture simples;N;Para negociação;;;;;214.000000;212886.17;;;PJ;09.288.252/0001-32;ANIMA HOLDING S.A.;2029-10-15;S;DI1;DI de um dia;100.000000;1.930200;;S;N;
CLASSES - FIF;54.952.299/0001-03;BTG PACTUAL TOTAL RENDA FIXA ATIVA FUNDO DE INVESTIMENTO RENDA FIXA LONGO PRAZO;2025-11-30;Debêntures;Debênture simples;N;Para negociação;;;;;857.000000;865137.29;;;PJ;55.085.811/0001-24;EXES SECURITIZADORA S.A.;2031-10-20;S;DI1;DI de um dia;100.000000;1.000000;;S;N;
CLASSES - FIF;54.952.575/0001-33;BTG PACTUAL CRÉDITO CORPORATIVO INCENTIVADAS PRÉ FUNDO INCENTIVADO DE INVESTIMENTO EM INFRA RF;2025-11-30;Debêntures;Debênture simples;N;Para negociação;;;;;116.000000;114913.39;;;PJ;06.981.180/0001-16;CEMIG DISTRIBUICAO S.A;2037-10-15;S;IAP;Índice de Preços ao Consumidor Amplo (IPCA/IBGE);100.000000;6.941443;;S;N;
CLASSES - FIF;54.952.575/0001-33;BTG PACTUAL CRÉDITO CORPORATIVO INCENTIVADAS PRÉ FUNDO INCENTIVADO DE INVESTIMENTO EM INFRA RF;2025-11-30;Debêntures;Debênture simples;N;Para negociação;;;;;26.000000;25542.37;;;PJ;42.276.907/0001-28;VLI MULTIMODAL S.A.;2035-10-15;S;IAP;Índice de Preços ao Consumidor Amplo (IPCA/IBGE);100.000000;7.030100;;S;N;
CLASSES - FIF;54.954.879/0001-30;ITAÚ DEBÊNTURES INCENTIVADAS PRÉ TARGET 2030 II FIF INCENTIVADO EM INFRA RF CRED PRIV RESP LIMITADA;2025-11-30;Debêntures;Debênture simples;N;Para negociação;;;;;302.000000;296887.95;;;PJ;02.476.026/0001-36;ULTRAFERTIL SA;2035-10-15;S;IAP;Índice de Preços ao Consumidor Amplo (IPCA/IBGE);100.000000;6.672900;;S;N;
CLASSES - FIF;54.954.879/0001-30;ITAÚ DEBÊNTURES INCENTIVADAS PRÉ TARGET 2030 II FIF INCENTIVADO EM INFRA RF CRED PRIV RESP LIMITADA;2025-11-30;Debêntures;Debênture simples;N;Para negociação;;;;;550.000000;540319.26;;;PJ;42.276.907/0001-28;VLI MULTIMODAL S.A.;2035-10-15;S;IAP;Índice de Preços ao Consumidor Amplo (IPCA/IBGE);100.000000;6.672900;;S;N;
CLASSES - FIF;54.954.879/0001-30;ITAÚ DEBÊNTURES INCENTIVADAS PRÉ TARGET 2030 II FIF INCENTIVADO EM INFRA RF CRED PRIV RESP LIMITADA;2025-11-30;Debêntures;Debênture simples;N;Para negociação;;;;;1459.000000;1440668.24;;;PJ;06.981.180/0001-16;CEMIG DISTRIBUICAO S.A.;2037-10-15;S;IAP;Índice de Preços ao Consumidor Amplo (IPCA/IBGE);100.000000;6.787800;;S;N;
CLASSES - FIF;54.977.043/0001-50;FUNDO DE INVESTIMENTO FINANCEIRO - CI RENDA FIXA INCENTIVADA INVESTIMENTO EM INFRA G5 MARINA BAY;2025-11-30;Debêntures;Debênture simples;N;Para negociação;;;;;490.000000;576719.05;;;PJ;20.223.016/0001-70;BELO MONTE TRAN;2031-12-15;S;IAP;Índice de Preços ao Consumidor Amplo (IPCA/IBGE);100.000000;6.759599;;S;N;
CLASSES - FIF;54.979.157/0001-30;FUNDO DE INVESTIMENTO FINANCEIRO CI RENDA FIXA INCENTIVADA INVESTIMENTO EM INFRAESTRUTURA G5 MODENA;2025-11-30;Debêntures;Debênture simples;N;Para negociação;;;;;85.000000;100043.10;;;PJ;20.223.016/0001-70;BELO MONTE TRAN;2031-12-15;S;IAP;Índice de Preços ao Consumidor Amplo (IPCA/IBGE);100.000000;7.902909;;S;N;
CLASSES - FIF;54.979.157/0001-30;FUNDO DE INVESTIMENTO FINANCEIRO CI RENDA FIXA INCENTIVADA INVESTIMENTO EM INFRAESTRUTURA G5 MODENA;2025-11-30;Debêntures;Debênture simples;N;Para negociação;;;;;790.000000;929812.35;;;PJ;20.223.016/0001-70;BELO MONTE TRAN;2031-12-15;S;IAP;Índice de Preços ao Consumidor Amplo (IPCA/IBGE);100.000000;6.826304;;S;N;
CLASSES - FIF;54.979.157/0001-30;FUNDO DE INVESTIMENTO FINANCEIRO CI RENDA FIXA INCENTIVADA INVESTIMENTO EM INFRAESTRUTURA G5 MODENA;2025-11-30;Debêntures;Debênture simples;N;Para negociação;;;;;90.000000;105927.99;;;PJ;20.223.016/0001-70;BELO MONTE TRAN;2031-12-15;S;IAP;Índice de Preços ao Consumidor Amplo (IPCA/IBGE);100.000000;7.769254;;S;N;
CLASSES - FIF;54.980.234/0001-71;FUNDO DE INVESTIMENTO FINANCEIRO - CI RENDA FIXA INCENTIVADA INVESTIMENTO EM INFRA G5 ICELAND;2025-11-30;Debêntures;Debênture simples;N;Para negociação;;;;;200.000000;235395.53;;;PJ;20.223.016/0001-70;BELO MONTE TRAN;2031-12-15;S;IAP;Índice de Preços ao Consumidor Amplo (IPCA/IBGE);100.000000;6.745573;;S;N;
CLASSES - FIF;55.030.873/0001-39;BRADESCO FIF - CI RENDA FIXA INCENTIVADO DE INVESTIMENTO EM INFRAESTRUTURA DALI;2025-11-30;Títulos ligados ao agronegócio;CRA;N;Para negociação;;;;;587.000000;622234.74;;;PJ;08.769.451/0001-08;VIRGO COMPANHIA;2029-11-21;S;IAP;Índice de Preços ao Consumidor Amplo (IPCA/IBGE);100.000000;9.110799;;S;N;
CLASSES - FIF;55.035.529/0001-32;FRG FIF - CLASSE DE INVESTIMENTO MULTIMERCADO CRÉDITO PRIVADO - RESPONSABILIDADE LIMITADA;2025-11-30;Títulos de Crédito Privado;Nota Promissória/ Commercial Paper/ Export Note;N;Para negociação;;;;;800.000000;846042.94;;;PJ;33.000.167/0001-01;PETROLEO BRASIL;2030-02-25;S;DI1;DI de um dia;100.000000;1.334542;;S;N;
CLASSES - FIF;55.035.529/0001-32;FRG FIF - CLASSE DE INVESTIMENTO MULTIMERCADO CRÉDITO PRIVADO - RESPONSABILIDADE LIMITADA;2025-11-30;Títulos de Crédito Privado;Nota Promissória/ Commercial Paper/ Export Note;N;Para negociação;;;;;100.000000;105755.37;;;PJ;33.000.167/0001-01;PETROLEO BRASIL;2030-02-25;S;DI1;DI de um dia;100.000000;1.092414;;S;N;
CLASSES - FIF;55.035.529/0001-32;FRG FIF - CLASSE DE INVESTIMENTO MULTIMERCADO CRÉDITO PRIVADO - RESPONSABILIDADE LIMITADA;2025-11-30;Títulos de Crédito Privado;Nota Promissória/ Commercial Paper/ Export Note;N;Para negociação;;;;;400.000000;428182.92;;;PJ;33.000.167/0001-01;PETROLEO BRASIL;2032-08-25;S;DI1;DI de um dia;100.000000;1.370407;;S;N;
CLASSES - FIF;55.052.221/0001-03;FUNDO DE INVESTIMENTO FINANCEIRO - CI RENDA FIXA INCENTIVADO DE INVESTIMENTO EM INFRA BOA VISTA;2025-11-30;Títulos ligados ao agronegócio;CRA;N;Para negociação;;;;;177.000000;187624.44;;;PJ;08.769.451/0001-08;VIRGO COMPANHIA;2029-11-21;S;IAP;Índice de Preços ao Consumidor Amplo (IPCA/IBGE);100.000000;9.110799;;S;N;
CLASSES - FIF;55.112.590/0001-36;BOREAL FUNDO DE  INVESTIMENTO FINANCEIRO RENDA FIXA CRÉDITO PRIVADO  LONGO PRAZO RESP LIMITADA;2025-11-30;Títulos ligados ao agronegócio;CRA;N;Para negociação;0.000000;0.00;0.000000;0.00;33300.000000;38932717.51;;;PJ;31.907.982/0001-23;CRA025000S7;2029-01-30;S;DI1;DI de um dia;100.000000;0.000000;;S;N;
CLASSES - FIF;55.142.314/0001-10;CAPITANIA CARTEIRA CRA FI FINANCEIRO RENDA FIXA CREDITO PRIVADO RESPONSABILIDADE LIMITADA;2025-11-30;Títulos ligados ao agronegócio;CRA;N;Para negociação;;;;;5.000000;1264.01;;;PJ;25.005.683/0001-09;VERT COMPANHIA SECURITIZADORA;2049-09-15;S;DI1;DI de um dia;1.000000;0.095131;;S;N;
CLASSES - FIF;55.142.314/0001-10;CAPITANIA CARTEIRA CRA FI FINANCEIRO RENDA FIXA CREDITO PRIVADO RESPONSABILIDADE LIMITADA;2025-11-30;Títulos ligados ao agronegócio;CRA;N;Para negociação;;;;;13064.000000;3302639.05;;;PJ;25.005.683/0001-09;VERT COMPANHIA SECURITIZADORA;2049-09-15;S;DI1;DI de um dia;1.000000;0.107902;;S;N;
CLASSES - FIF;55.161.795/0001-01;COMMANDER PREVIDÊNCIA ICATU CLASSE DE INVESTIMENTO RENDA FIXA CRÉDITO PRIVADO - RESPONSABILIDADE LIM;2025-11-30;Debêntures;Debênture simples;N;Para negociação;;;;;700.000000;696356.62;;;PJ;09.288.252/0001-32;ANIMA HOLDING;2029-10-15;S;DI1;DI de um dia;100.000000;1.832813;;S;N;
CLASSES - FIF;55.193.005/0001-70;SANTANDER CRESCIMENTO INSTITUCIONAL MASTER RENDA FIXA CRÉDITO PRIVADO FIF RESP LIMITADA;2025-11-30;Títulos de Crédito Privado;Nota Promissória/ Commercial Paper/ Export Note;N;Para negociação;;;;;110.000000;116771.71;;;PJ;21.314.559/0001-66;MOVIDA PARTI;2027-02-04;S;DI1;DI de um dia;100.000000;3.832467;;S;N;
CLASSES - FIF;55.193.005/0001-70;SANTANDER CRESCIMENTO INSTITUCIONAL MASTER RENDA FIXA CRÉDITO PRIVADO FIF RESP LIMITADA;2025-11-30;Títulos de Crédito Privado;Nota Promissória/ Commercial Paper/ Export Note;N;Para negociação;;;;;81.000000;87305.04;;;PJ;50.746.577/0001-15;COSAN SA INDUST;2028-12-27;S;DI1;DI de um dia;100.000000;1.630871;;S;N;
CLASSES - FIF;55.193.005/0001-70;SANTANDER CRESCIMENTO INSTITUCIONAL MASTER RENDA FIXA CRÉDITO PRIVADO FIF RESP LIMITADA;2025-11-30;Títulos de Crédito Privado;Nota Promissória/ Commercial Paper/ Export Note;N;Para negociação;;;;;96.000000;101909.86;;;PJ;21.314.559/0001-66;MOVIDA PARTI;2027-02-04;S;DI1;DI de um dia;100.000000;3.433995;;S;N;
CLASSES - FIF;55.196.480/0001-08;FIF - CLASSE DE INVESTIMENTO  RENDA FIXA INCENTIVADO DE INVESTIMENTO EM INFRAESTRUTURA VARNA 2;2025-11-30;Títulos ligados ao agronegócio;CRA;N;Para negociação;;;;;151.000000;160063.79;;;PJ;08.769.451/0001-08;VIRGO COMPANHIA;2029-11-21;S;IAP;Índice de Preços ao Consumidor Amplo (IPCA/IBGE);100.000000;9.110799;;S;N;
CLASSES - FIF;55.312.485/0001-40;LOLO FUNDO DE INVESTIMENTO FINANCEIRO;2025-11-30;Títulos de Crédito Privado;CCB;N;Para negociação;;;;;1.000000;424121.59;;;PJ;32.454.652/0001-92;ÁPICE INCORPORADORA E URBANIZADORA LTDA;2027-11-01;S;PRE;Taxa de juro prefixada;100.000000;1.600000;;S;N;
CLASSES - FIF;55.312.485/0001-40;LOLO FUNDO DE INVESTIMENTO FINANCEIRO;2025-11-30;Títulos de Crédito Privado;CCB;N;Para negociação;;;;;1.000000;1273882.54;;;PJ;43.849.469/0002-93;CRESCER INCORPORADORA E CONSTRUTORA S.A.;2027-11-01;S;PRE;Taxa de juro prefixada;100.000000;1.640000;;S;N;
CLASSES - FIF;55.312.485/0001-40;LOLO FUNDO DE INVESTIMENTO FINANCEIRO;2025-11-30;Títulos de Crédito Privado;CCB;N;Para negociação;;;;;1.000000;398885.83;;;PJ;06.047.607/0001-03;DARÓS INCORPORAÇÕES LTDA;2027-05-03;S;PRE;Taxa de juro prefixada;100.000000;1.670000;;S;N;
CLASSES - FIF;55.312.485/0001-40;LOLO FUNDO DE INVESTIMENTO FINANCEIRO;2025-11-30;Títulos de Crédito Privado;CCB;N;Para negociação;;;;;1.000000;847225.68;;;PJ;52.330.062/0001-65;LONGITUDE INCORPORAÇÃO & URBANISMO LTDA;2027-11-01;S;PRE;Taxa de juro prefixada;100.000000;0.000000;;S;N;
CLASSES - FIF;55.312.485/0001-40;LOLO FUNDO DE INVESTIMENTO FINANCEIRO;2025-11-30;Títulos de Crédito Privado;CCB;N;Para negociação;;;;;1.000000;423101.25;;;PJ;52.330.062/0001-65;LONGITUDE INCORPORAÇÃO & URBANISMO LTDA;2027-11-01;S;PRE;Taxa de juro prefixada;100.000000;1.530000;;S;N;
CLASSES - FIF;55.312.485/0001-40;LOLO FUNDO DE INVESTIMENTO FINANCEIRO;2025-11-30;Títulos de Crédito Privado;CCB;N;Para negociação;;;;;1.000000;443383.19;;;PJ;03.881.423/0001-56;SOCINAL S.A. - CREDITO, FINANCIAMENTO E;2028-03-01;N;;;;;0.987000;S;N;
CLASSES - FIF;55.312.485/0001-40;LOLO FUNDO DE INVESTIMENTO FINANCEIRO;2025-11-30;Títulos de Crédito Privado;CCB;N;Para negociação;;;;;1.000000;428946.76;;;PJ;03.881.423/0001-56;SOCINAL S.A. - CREDITO, FINANCIAMENTO E;2027-08-27;N;;;;;1.159000;S;N;
CLASSES - FIF;55.368.221/0001-09;BTG PACTUAL HEDGE INSTITUCIONAL RENDA FIXA ATIVA FUNDO DE INVESTIMENTO RENDA FIXA;2025-11-30;Debêntures;Debênture simples;N;Para negociação;;;;;38.000000;37802.22;;;PJ;09.288.252/0001-32;ANIMA HOLDING S.A.;2029-10-15;S;DI1;DI de um dia;100.000000;1.930200;;S;N;
CLASSES - FIF;55.402.464/0001-16;XP SINFONIA FUNDO DE INVESTIMENTO FINANCEIRO MULT CRÉDITO PRIVADO RESP LIMITADA;2025-11-30;Debêntures;Debênture simples;N;Para negociação;;;;;3089.000000;3120371.92;;;PJ;43.776.517/0001-80;CIA SANEAMENTO BASICO EST SAO PAULO;2035-11-14;S;DI1;DI de um dia;100.000000;0.900000;;S;N;
CLASSES - FIF;55.402.464/0001-16;XP SINFONIA FUNDO DE INVESTIMENTO FINANCEIRO MULT CRÉDITO PRIVADO RESP LIMITADA;2025-11-30;Debêntures;Debênture simples;N;Para negociação;;;;;271.000000;272414.51;;;PJ;43.776.517/0001-80;CIA SANEAMENTO BASICO EST SAO PAULO;2032-11-14;S;DI1;DI de um dia;100.000000;0.690000;;S;N;
CLASSES - FIF;55.402.464/0001-16;XP SINFONIA FUNDO DE INVESTIMENTO FINANCEIRO MULT CRÉDITO PRIVADO RESP LIMITADA;2025-11-30;Títulos ligados ao agronegócio;CRA;N;Para negociação;;;;;20.000000;15244.90;;;PJ;12.130.744/0001-00;TRUE SECURITIZADORA S.A.;2033-10-17;S;OUT;OUTROS;100.000000;6.251300;;S;N;
CLASSES - FIF;55.402.464/0001-16;XP SINFONIA FUNDO DE INVESTIMENTO FINANCEIRO MULT CRÉDITO PRIVADO RESP LIMITADA;2025-11-30;Títulos ligados ao agronegócio;CRA;N;Para negociação;;;;;131.000000;150925.45;;;PJ;12.130.744/0001-00;TRUE SECURITIZADORA S.A.;2029-07-16;S;IAP;Índice de Preços ao Consumidor Amplo (IPCA/IBGE);100.000000;3.602000;;S;N;
CLASSES - FIF;55.402.464/0001-16;XP SINFONIA FUNDO DE INVESTIMENTO FINANCEIRO MULT CRÉDITO PRIVADO RESP LIMITADA;2025-11-30;Títulos ligados ao agronegócio;CRA;N;Para negociação;;;;;28.000000;22570.41;;;PJ;12.130.744/0001-00;TRUE SECURITIZADORA S.A.;2037-08-15;S;OUT;OUTROS;100.000000;6.738200;;S;N;
CLASSES - FIF;55.402.464/0001-16;XP SINFONIA FUNDO DE INVESTIMENTO FINANCEIRO MULT CRÉDITO PRIVADO RESP LIMITADA;2025-11-30;Títulos ligados ao agronegócio;CRA;N;Para negociação;;;;;23.000000;22924.61;;;PJ;12.130.744/0001-00;TRUE SECURITIZADORA S.A.;2029-07-16;S;OUT;OUTROS;100.000000;0.000000;;S;N;
CLASSES - FIF;55.402.464/0001-16;XP SINFONIA FUNDO DE INVESTIMENTO FINANCEIRO MULT CRÉDITO PRIVADO RESP LIMITADA;2025-11-30;Títulos ligados ao agronegócio;CRA;N;Para negociação;;;;;14.000000;11610.73;;;PJ;12.130.744/0001-00;TRUE SECURITIZADORA S.A.;2030-10-15;S;OUT;OUTROS;100.000000;6.008100;;S;N;
CLASSES - FIF;55.402.464/0001-16;XP SINFONIA FUNDO DE INVESTIMENTO FINANCEIRO MULT CRÉDITO PRIVADO RESP LIMITADA;2025-11-30;Títulos ligados ao agronegócio;CRA;N;Para negociação;;;;;94.000000;133320.26;;;PJ;02.773.542/0001-22;OPEA SECURITIZADORA S.A.;2026-03-16;S;IAP;Índice de Preços ao Consumidor Amplo (IPCA/IBGE);100.000000;4.040000;;S;N;
CLASSES - FIF;55.402.464/0001-16;XP SINFONIA FUNDO DE INVESTIMENTO FINANCEIRO MULT CRÉDITO PRIVADO RESP LIMITADA;2025-11-30;Títulos ligados ao agronegócio;CRA;N;Para negociação;;;;;38.000000;47288.73;;;PJ;12.130.744/0001-00;TRUE SECURITIZADORA S.A.;2027-06-15;S;IAP;Índice de Preços ao Consumidor Amplo (IPCA/IBGE);100.000000;5.400000;;S;N;
CLASSES - FIF;55.402.464/0001-16;XP SINFONIA FUNDO DE INVESTIMENTO FINANCEIRO MULT CRÉDITO PRIVADO RESP LIMITADA;2025-11-30;Títulos ligados ao agronegócio;CRA;N;Para negociação;;;;;192.000000;219723.02;;;PJ;12.130.744/0001-00;TRUE SECURITIZADORA S.A.;2030-06-17;S;IAP;Índice de Preços ao Consumidor Amplo (IPCA/IBGE);100.000000;5.800000;;S;N;
CLASSES - FIF;55.402.464/0001-16;XP SINFONIA FUNDO DE INVESTIMENTO FINANCEIRO MULT CRÉDITO PRIVADO RESP LIMITADA;2025-11-30;Títulos ligados ao agronegócio;CRA;N;Para negociação;;;;;237.000000;211491.91;;;PJ;12.130.744/0001-00;TRUE SECURITIZADORA S.A.;2032-08-15;S;OUT;OUTROS;100.000000;6.588500;;S;N;
CLASSES - FIF;55.402.464/0001-16;XP SINFONIA FUNDO DE INVESTIMENTO FINANCEIRO MULT CRÉDITO PRIVADO RESP LIMITADA;2025-11-30;Títulos ligados ao agronegócio;CRA;N;Para negociação;;;;;225.000000;226628.33;;;PJ;10.753.164/0001-43;ECO SECURITIZADORA D C AGRONEGOCIO;2028-11-16;S;OUT;OUTROS;100.000000;0.650000;;S;N;
CLASSES - FIF;55.402.645/0001-42;JIVEMAUÁ BOSSANOVA FUNDO DE INVESTIMENTO INCENTIVADO INFRA RF CRED PRIV  RESP LIMIT;2025-11-30;Debêntures;Debênture simples;N;Para negociação;;;;;24801118.000000;22138455.59;;;PJ;04.518.259/0001-80;ELECTRA COMERCIALIZADORA DE ENERGIA S.A.;2030-08-29;S;DI1;DI de um dia;100.000000;5.000000;;S;N;
CLASSES - FIF;55.437.642/0001-44;G5 MILANO FUNDO INCENTIVADO DE INVESTIMENTO EM INFRAESTRUTURA RENDA FIXA;2025-11-30;Debêntures;Debênture simples;N;Para negociação;;;;;134.000000;132204.41;;;PJ;07.714.104/0001-07;GIGA MAIS FIBRA TELECOMUNICACOES S.A.;2031-10-15;S;IAP;Índice de Preços ao Consumidor Amplo (IPCA/IBGE);100.000000;10.347900;;S;N;
CLASSES - FIF;55.506.450/0001-42;VENTURA FIF - FUNDO INCENTIVADO EM INVESTIMENTO EM DEB DE INFRA RF CRÉD PRIV RESP LIMITADA;2025-11-30;Títulos ligados ao agronegócio;CRA;N;Para negociação;;;;;476.000000;522715.22;;;PJ;25.005.683/0001-09;VERT COMPANHIA SECURITIZADORA;2034-05-15;S;IAP;Índice de Preços ao Consumidor Amplo (IPCA/IBGE);100.000000;6.769400;;S;N;
CLASSES - FIF;55.533.539/0001-06;BRAM DEBÊNTURES INCENTIVADAS CDI 2405 FIF RENDA FIXA INCENTIVADO DE INV EM INFRA LP RESP LIMITADA;2025-11-30;Títulos de Crédito Privado;Nota Promissória/ Commercial Paper/ Export Note;N;Para negociação;;;;;11286.000000;11993641.79;;;PJ;15.483.161/0001-50;ALSOL ENERGIAS;2027-06-23;S;DI1;DI de um dia;100.000000;0.597238;;S;N;
CLASSES - FIF;55.533.539/0001-06;BRAM DEBÊNTURES INCENTIVADAS CDI 2405 FIF RENDA FIXA INCENTIVADO DE INV EM INFRA LP RESP LIMITADA;2025-11-30;Títulos ligados ao agronegócio;CRA;N;Para negociação;;;;;8000.000000;4386311.52;;;PJ;10.753.164/0001-43;ECO SECURITIZAD;2027-12-15;S;DI1;DI de um dia;100.000000;1.783356;;S;N;
CLASSES - FIF;55.533.539/0001-06;BRAM DEBÊNTURES INCENTIVADAS CDI 2405 FIF RENDA FIXA INCENTIVADO DE INV EM INFRA LP RESP LIMITADA;2025-11-30;Títulos ligados ao agronegócio;CRA;N;Para negociação;;;;;5252.000000;5567251.88;;;PJ;08.769.451/0001-08;VIRGO COMPANHIA;2029-11-21;S;IAP;Índice de Preços ao Consumidor Amplo (IPCA/IBGE);100.000000;9.110799;;S;N;
CLASSES - FIF;55.533.539/0001-06;BRAM DEBÊNTURES INCENTIVADAS CDI 2405 FIF RENDA FIXA INCENTIVADO DE INV EM INFRA LP RESP LIMITADA;2025-11-30;Títulos ligados ao agronegócio;CRA;N;Para negociação;;;;;9308.000000;10056970.84;;;PJ;10.753.164/0001-43;ECO SECURITIZAD;2032-07-15;N;;;;;15.139999;S;N;
CLASSES - FIF;55.538.070/0001-90;FUNDO DE INVESTIMENTO FINANCEIRO - CI RENDA FIXA INCENTIVADA INVESTIMENTO EM INFRAESTRUTURA ANGORÁ;2025-11-30;Debêntures;Debênture simples;N;Para negociação;;;;;650.000000;227113.97;;;PJ;02.773.542/0001-22;Opea Securitiza;2025-12-03;S;DI1;DI de um dia;100.000000;5.849974;;S;N;
CLASSES - FIF;55.539.196/0001-89;FUNDO DE INVESTIMENTO FINANCEIRO CI RENDA FIXA INCENTIVADO INVESTIMENTO EM INFRAESTRUTURA G5 CAMBUCÁ;2025-11-30;Debêntures;Debênture simples;N;Para negociação;;;;;650.000000;765035.48;;;PJ;20.223.016/0001-70;BELO MONTE TRAN;2031-12-15;S;IAP;Índice de Preços ao Consumidor Amplo (IPCA/IBGE);100.000000;7.720208;;S;N;
CLASSES - FIF;55.539.367/0001-70;FUNDO DE INVESTIMENTO FINANCEIRO - CI RENDA FIXA INCENTIVADO INVESTIMENTO EM INFRAESTRUTURA G5 EXEC;2025-11-30;Títulos ligados ao agronegócio;CRA;N;Para negociação;;;;;149.000000;18780.02;;;PJ;10.753.164/0001-43;ECO SECURITIZAD;2025-12-15;S;DI1;DI de um dia;100.000000;6.825066;;S;N;
CLASSES - FIF;55.563.583/0001-50;G5 ROLAND GARROS FIF RENDA FIXA INCENTIVADO DE INVESTIMENTO EM INFRAESTRUTURA;2025-11-30;Debêntures;Debênture simples;N;Para negociação;;;;;1735.000000;606219.60;;;PJ;02.773.542/0001-22;Opea Securitiza;2025-12-03;S;DI1;DI de um dia;100.000000;5.849985;;S;N;
CLASSES - FIF;55.574.617/0001-02;FUNDO DE INVESTIMENTO FINANCEIRO CI RENDA FIXA INCENTIVADO INVESTIMENTO INFRAESTRUTURA G5 GRIMALDI;2025-11-30;Debêntures;Debênture simples;N;Para negociação;;;;;700.000000;244584.28;;;PJ;02.773.542/0001-22;Opea Securitiza;2025-12-03;S;DI1;DI de um dia;100.000000;5.849975;;S;N;
CLASSES - FIF;55.575.472/0001-64;FUNDO DE INVESTIMENTO FINANCEIRO CI RENDA FIXA INCENTIVADO INVESTIMENTO EM INFRAESTRUTURA G5 TANGER;2025-11-30;Debêntures;Debênture simples;N;Para negociação;;;;;1375.000000;1618344.27;;;PJ;20.223.016/0001-70;BELO MONTE TRAN;2031-12-15;S;IAP;Índice de Preços ao Consumidor Amplo (IPCA/IBGE);100.000000;8.060880;;S;N;
CLASSES - FIF;55.580.077/0001-70;BINA FIF - FUNDO INCENTIVADO EM INVESTIMENTO EM DEB DE INFRA RF CRÉD PRIV RESP LIMITADA;2025-11-30;Títulos ligados ao agronegócio;CRA;N;Para negociação;;;;;200.000000;219974.80;;;PJ;25.005.683/0001-09;VERT COMPANHIA SECURITIZADORA;2032-06-15;S;IAP;Índice de Preços ao Consumidor Amplo (IPCA/IBGE);100.000000;6.005300;;S;N;
CLASSES - FIF;55.689.417/0001-03;POLÍGONO CHARLIE PREVIDÊNCIA FUNDO DE INVESTIMENTO FINANCEIRO;2025-11-30;Títulos ligados ao agronegócio;CRA;N;Para negociação;;;;;800.000000;430668.03;;;PJ;41.534.746/0001-62;CERES SECURITIZADORA S/A;2028-06-30;S;DI1;DI de um dia;100.000000;5.500000;;S;N;
CLASSES - FIF;55.689.417/0001-03;POLÍGONO CHARLIE PREVIDÊNCIA FUNDO DE INVESTIMENTO FINANCEIRO;2025-11-30;Títulos ligados ao agronegócio;CRA;N;Para negociação;;;;;250.000000;186937.59;;;PJ;41.534.746/0001-62;CERES SECURITIZADORA S/A;2028-10-30;S;DI1;DI de um dia;100.000000;6.000000;;S;N;
CLASSES - FIF;55.701.008/0001-77;BTG PACTUAL DÍVIDA INFRA CDI MASTER FUNDO INCENTIVADO DE INVESTIMENTO EM INFRAESTRUTURA RENDA FIXA;2025-11-30;Debêntures;Debênture simples;N;Para negociação;;;;;2326.000000;2402532.48;;;PJ;21.480.839/0001-44;BRK AMBIENTAL - SUMARE S.A;2029-09-18;S;DI1;DI de um dia;100.000000;2.500000;;S;N;
CLASSES - FIF;55.726.312/0001-79;TIVIO BVP FUNDO DE INVESTIMENTO FINANCEIRO RENDA FIXA CRÉDITO PRIVADO FIFE RESPONSABILIDADE LIMITADA;2025-11-30;Debêntures;Debênture simples;N;Para negociação;;;;;7180.000000;7249050.40;;;PJ;55.085.811/0001-24;EXES SECURITIZA;2031-10-20;S;DI1;DI de um dia;100.000000;0.999999;;S;N;
CLASSES - FIF;55.726.312/0001-79;TIVIO BVP FUNDO DE INVESTIMENTO FINANCEIRO RENDA FIXA CRÉDITO PRIVADO FIFE RESPONSABILIDADE LIMITADA;2025-11-30;Títulos de Crédito Privado;Nota Promissória/ Commercial Paper/ Export Note;N;Para negociação;;;;;6365.000000;6731329.12;;;PJ;33.000.167/0001-01;PETROLEO BRASIL;2030-02-25;S;DI1;DI de um dia;100.000000;1.334580;;S;N;
CLASSES - FIF;55.726.312/0001-79;TIVIO BVP FUNDO DE INVESTIMENTO FINANCEIRO RENDA FIXA CRÉDITO PRIVADO FIFE RESPONSABILIDADE LIMITADA;2025-11-30;Títulos ligados ao agronegócio;CRA;N;Para negociação;;;;;1480.000000;1565086.72;;;PJ;02.773.542/0001-22;Opea Securitiza;2028-05-30;S;OUT;OUTROS;100.000000;4.548935;;S;N;
CLASSES - FIF;55.751.489/0001-25;BB TOP RENDA FIXA DEBÊNTURES INCENTIVADAS CDI I FIF EM INFRAESTRUTURA RESPONSABILIDADE LIMITADA;2025-11-30;Debêntures;Debênture simples;N;Para negociação;;;;;3000.000000;3301143.04;;;PJ;50.365.355/0001-52;BIOMETANO VERDE PAULINIA SA;2025-12-31;S;DI1;DI de um dia;100.000000;1.200000;;S;N;
CLASSES - FIF;55.751.489/0001-25;BB TOP RENDA FIXA DEBÊNTURES INCENTIVADAS CDI I FIF EM INFRAESTRUTURA RESPONSABILIDADE LIMITADA;2025-11-30;Debêntures;Debênture simples;N;Para negociação;;;;;8000.000000;7961052.18;;;PJ;92.791.243/0001-03;IRANI PAPEL E EMBALAGEM SA;2040-10-15;S;IAP;Índice de Preços ao Consumidor Amplo (IPCA/IBGE);100.000000;6.652200;;S;N;
CLASSES - FIF;55.893.460/0001-88;CSHG FRG FIF - CLASSE DE INVESTIMENTO MULTIMERCADO CRÉDITO PRIVADO - RESP LIMITADA;2025-11-30;Títulos de Crédito Privado;Nota Promissória/ Commercial Paper/ Export Note;N;Para negociação;;;;;2227.000000;2355172.03;;;PJ;33.000.167/0001-01;PETROLEO BRASIL;2030-02-25;S;DI1;DI de um dia;100.000000;1.195455;;S;N;
CLASSES - FIF;55.894.379/0001-12;RT II CLASSE DE INVESTIMENTO MULTIMERCADO CRÉDITO PRIVADO;2025-11-30;Títulos ligados ao agronegócio;CRA;N;Para negociação;0.000000;0.00;0.000000;0.00;993.000000;125233.88;;;PJ;10.753.164/0001-43;ECOSECURITIZADO;2025-12-15;S;DI1;DI de um dia;100.000000;9.010050;;S;N;
CLASSES - FIF;55.895.324/0001-27;FUNDO DE INVESTIMENTO FINANCEIRO - CI RENDA FIXA INCENTIVADO INVESTIMENTO EM INFRAESTRUTURA G5 HGF;2025-11-30;Debêntures;Debênture simples;N;Para negociação;;;;;50.000000;58848.88;;;PJ;20.223.016/0001-70;BELO MONTE TRAN;2031-12-15;S;IAP;Índice de Preços ao Consumidor Amplo (IPCA/IBGE);100.000000;8.459252;;S;N;
CLASSES - FIF;55.895.324/0001-27;FUNDO DE INVESTIMENTO FINANCEIRO - CI RENDA FIXA INCENTIVADO INVESTIMENTO EM INFRAESTRUTURA G5 HGF;2025-11-30;Debêntures;Debênture simples;N;Para negociação;;;;;75.000000;26205.46;;;PJ;02.773.542/0001-22;Opea Securitiza;2025-12-03;S;DI1;DI de um dia;100.000000;5.849972;;S;N;
CLASSES - FIF;55.898.593/0001-47;FUNDO DE INVESTIMENTO FINANCEIRO - CI RENDA FIXA INCENTIVADO INVESTIMENTO EM INFRAESTRUTURA G5 FR4;2025-11-30;Debêntures;Debênture simples;N;Para negociação;;;;;100.000000;117697.77;;;PJ;20.223.016/0001-70;BELO MONTE TRAN;2031-12-15;S;IAP;Índice de Preços ao Consumidor Amplo (IPCA/IBGE);100.000000;8.141487;;S;N;
CLASSES - FIF;55.912.709/0001-55;FIF - CLASSE DE INVESTIMENTO RENDA FIXA INCENTIVADO DE INVESTIMENTO EM INFRAESTRUTURA MATURI;2025-11-30;Títulos ligados ao agronegócio;CRA;N;Para negociação;;;;;760.000000;805619.08;;;PJ;08.769.451/0001-08;VIRGO COMPANHIA;2029-11-21;S;IAP;Índice de Preços ao Consumidor Amplo (IPCA/IBGE);100.000000;9.110799;;S;N;
CLASSES - FIF;55.914.466/0001-94;CAMBUCA FIF - CI RENDA FIXA INCENTIVADO DE INVESTIMENTO EM INFRAESTRUTURA - RESP LIMITADA;2025-11-30;Títulos de Crédito Privado;CCCB;N;Para negociação;;;;;1.000000;135483.75;;;PJ;15.114.366/0001-69;BANCO BOCOM BBM;2026-12-28;S;DI1;DI de um dia;100.000000;4.719751;;S;N;
CLASSES - FIF;55.914.466/0001-94;CAMBUCA FIF - CI RENDA FIXA INCENTIVADO DE INVESTIMENTO EM INFRAESTRUTURA - RESP LIMITADA;2025-11-30;Títulos de Crédito Privado;Nota Promissória/ Commercial Paper/ Export Note;N;Para negociação;;;;;300.000000;308141.18;;;PJ;27.317.702/0001-50;SPIC BRASIL ENE;2026-03-30;S;DI1;DI de um dia;100.000000;2.210965;;S;N;
CLASSES - FIF;55.951.226/0001-60;RADFORD FUNDO DE INVESTIMENTO MULTIMERCADO CRÉDITO PRIVADO - RESPONSABILIDADE LIMITADA;2025-11-30;Títulos de Crédito Privado;CCB;N;Para negociação;0.000000;0.00;0.000000;0.00;1.000000;53930473.70;;;PJ;57.149.061/0001-32;BERNA HOLDINGS LTDA;2029-10-04;N;;;;;12.000000;S;N;
CLASSES - FIF;55.951.226/0001-60;RADFORD FUNDO DE INVESTIMENTO MULTIMERCADO CRÉDITO PRIVADO - RESPONSABILIDADE LIMITADA;2025-11-30;Títulos de Crédito Privado;CCB;N;Para negociação;0.000000;0.00;0.000000;0.00;2.000000;115406633.96;;;PJ;57.149.032/0001-70;BRANSON HOLDINGS LTDA;2029-12-11;N;;;;;14.000000;S;N;
CLASSES - FIF;55.994.151/0001-02;XP DEBENTURES INCENTIVADAS IMAB5 CRÉD PRIV FIF RF INVESTIMENTO EM INFRAESTRUTURA - RESP LIMITADA;2025-11-30;Debêntures;Debênture simples;N;Para negociação;;;;;185.000000;182854.32;;;PJ;06.981.180/0001-16;CEMIG DISTRIBUIÇÃO S/A;2037-10-15;S;IAP;Índice de Preços ao Consumidor Amplo (IPCA/IBGE);100.000000;7.169628;;S;N;
CLASSES - FIF;56.093.218/0001-92;ITAÚ DEBÊNTURES INCENTIVADAS PRÉ TARGET 2030 FIF INCENTIVADO EM INFRA RF CRED PRIV RESP LIMITADA;2025-11-30;Debêntures;Debênture simples;N;Para negociação;;;;;1911.000000;1886989.04;;;PJ;06.981.180/0001-16;CEMIG DISTRIBUICAO S.A.;2037-10-15;S;IAP;Índice de Preços ao Consumidor Amplo (IPCA/IBGE);100.000000;6.787800;;S;N;
CLASSES - FIF;56.127.042/0001-42;BRP RINGO FIF - CI RENDA FIXA INCENTIVADO DE INVESTIMENTO EM INFRAESTRUTURA - RESP LIMITADA;2025-11-30;Debêntures;Debênture simples;N;Para negociação;;;;;50.000000;58848.88;;;PJ;20.223.016/0001-70;BELO MONTE TRAN;2031-12-15;S;IAP;Índice de Preços ao Consumidor Amplo (IPCA/IBGE);100.000000;7.823649;;S;N;
CLASSES - FIF;56.127.042/0001-42;BRP RINGO FIF - CI RENDA FIXA INCENTIVADO DE INVESTIMENTO EM INFRAESTRUTURA - RESP LIMITADA;2025-11-30;Debêntures;Debênture simples;N;Para negociação;;;;;121.000000;142414.30;;;PJ;20.223.016/0001-70;BELO MONTE TRAN;2031-12-15;S;IAP;Índice de Preços ao Consumidor Amplo (IPCA/IBGE);100.000000;7.978161;;S;N;
CLASSES - FIF;56.154.549/0001-95;FUNDO DE INVESTIMENTO FINANCEIRO - CI RENDA FIXA INCENTIVADO INVESTIMENTO EM INFRAESTRUTURA G5 TOKYO;2025-11-30;Debêntures;Debênture simples;N;Para negociação;;;;;495.000000;172956.02;;;PJ;02.773.542/0001-22;Opea Securitiza;2025-12-03;S;DI1;DI de um dia;100.000000;5.849984;;S;N;
CLASSES - FIF;56.159.435/0001-38;UNIMAR FUNDO INCENTIVADO DE INVESTIMENTO EM INFRAESTRUTURA RENDA FIXA;2025-11-30;Debêntures;Debênture simples;N;Para negociação;542.000000;570733.07;0.000000;0.00;0.000000;0.00;;;PJ;15.139.629/0001-94;COELBA;2028-08-15;S;DI1;DI de um dia;100.000000;0.000000;;S;N;
CLASSES - FIF;56.159.435/0001-38;UNIMAR FUNDO INCENTIVADO DE INVESTIMENTO EM INFRAESTRUTURA RENDA FIXA;2025-11-30;Debêntures;Debênture simples;N;Para negociação;300.000000;309801.80;0.000000;0.00;450.000000;465243.57;;;PJ;07.594.978/0001-78;SMARTFIT ESCOLA DE GINASTICA E DANCA S/A;2029-04-05;S;DI1;DI de um dia;100.000000;0.000000;;S;N;
CLASSES - FIF;56.159.435/0001-38;UNIMAR FUNDO INCENTIVADO DE INVESTIMENTO EM INFRAESTRUTURA RENDA FIXA;2025-11-30;Debêntures;Debênture simples;N;Para negociação;0.000000;0.00;0.000000;0.00;500.000000;541190.72;;;PJ;04.423.567/0001-21;ENEVA;2029-07-15;S;DI1;DI de um dia;100.000000;0.000000;;S;N;
CLASSES - FIF;56.174.734/0001-41;RLLE FIF - FUNDO INCENTIVADO EM INVESTIMENTO EM DEB DE INFRAESTRUTURA RF CRED PRIV RESP LIMITADA;2025-11-30;Títulos ligados ao agronegócio;CRA;N;Para negociação;;;;;98.000000;117326.02;;;PJ;12.130.744/0001-00;TRUE SECURITIZADORA S.A.;2026-10-15;S;IAP;Índice de Preços ao Consumidor Amplo (IPCA/IBGE);100.000000;6.984900;;S;N;
CLASSES - FIF;56.174.734/0001-41;RLLE FIF - FUNDO INCENTIVADO EM INVESTIMENTO EM DEB DE INFRAESTRUTURA RF CRED PRIV RESP LIMITADA;2025-11-30;Títulos ligados ao agronegócio;CRA;N;Para negociação;;;;;100.000000;106575.18;;;PJ;10.753.164/0001-43;ECO SECURITIZADORA D C AGRONEGOCIO;2033-10-17;S;IAP;Índice de Preços ao Consumidor Amplo (IPCA/IBGE);100.000000;6.440000;;S;N;
CLASSES - FIF;56.174.994/0001-17;BOCKER FIF - FUNDO INCENTIVADO EM INVESTIMENTO EM DEB DE INFRAESTRUTURA RF CRED PRIV RESP LIMITADA;2025-11-30;Títulos ligados ao agronegócio;CRA;N;Para negociação;;;;;16.000000;17570.26;;;PJ;25.005.683/0001-09;VERT COMPANHIA SECURITIZADORA;2034-05-15;S;IAP;Índice de Preços ao Consumidor Amplo (IPCA/IBGE);100.000000;6.769400;;S;N;
CLASSES - FIF;56.185.166/0001-84;SANTANDER RENDA FIXA CRÉDITO PRIVADO ESG LONGO PRAZO - FIF RESP LIMITADA IS;2025-11-30;Títulos de Crédito Privado;Nota Promissória/ Commercial Paper/ Export Note;N;Para negociação;;;;;134.000000;142249.18;;;PJ;21.314.559/0001-66;MOVIDA PARTI;2027-02-04;S;DI1;DI de um dia;100.000000;3.433995;;S;N;
CLASSES - FIF;56.185.166/0001-84;SANTANDER RENDA FIXA CRÉDITO PRIVADO ESG LONGO PRAZO - FIF RESP LIMITADA IS;2025-11-30;Títulos de Crédito Privado;Nota Promissória/ Commercial Paper/ Export Note;N;Para negociação;;;;;26.000000;28023.84;;;PJ;50.746.577/0001-15;COSAN SA INDUST;2028-12-27;S;DI1;DI de um dia;100.000000;1.630871;;S;N;
CLASSES - FIF;56.199.556/0001-03;HERON FUNDO DE INVESTIMENTO MULTIMERCADO CRÉDITO PRIVADO;2025-11-30;Títulos de Crédito Privado;Nota Promissória/ Commercial Paper/ Export Note;N;Para negociação;0.000000;0.00;0.000000;0.00;40.000000;2778591.31;;;PJ;02.913.444/0015-49;REDE SOL FUEL DISTRIBUIDORA S/A;2027-12-10;S;OUT;OUTROS;100.000000;0.000000;;S;N;
CLASSES - FIF;56.199.556/0001-03;HERON FUNDO DE INVESTIMENTO MULTIMERCADO CRÉDITO PRIVADO;2025-11-30;Títulos de Crédito Privado;Nota Promissória/ Commercial Paper/ Export Note;N;Para negociação;0.000000;0.00;0.000000;0.00;4800.000000;4700919.73;;;PJ;02.913.444/0015-49;REDE SOL FUEL DISTRIBUIDORA S/A;2028-12-20;S;OUT;OUTROS;100.000000;0.000000;;S;N;
CLASSES - FIF;56.199.556/0001-03;HERON FUNDO DE INVESTIMENTO MULTIMERCADO CRÉDITO PRIVADO;2025-11-30;Títulos de Crédito Privado;Nota Promissória/ Commercial Paper/ Export Note;N;Para negociação;0.000000;0.00;0.000000;0.00;4100.000000;4676778.99;;;PJ;43.347.575/0004-30;ARKA DISTRIBUIDORA DE COMBUSTIVEIS LTDA;2030-01-23;S;OUT;OUTROS;100.000000;0.000000;;S;N;
CLASSES - FIF;56.281.671/0001-22;MSB FIF - FUNDO INCENTIVADO EM INVESTIMENTO EM DEB DE INFRA RF CRED PRIV RESP LIMITADA;2025-11-30;Títulos ligados ao agronegócio;CRA;N;Para negociação;;;;;199.000000;212084.62;;;PJ;10.753.164/0001-43;ECO SECURITIZADORA D C AGRONEGOCIO;2033-10-17;S;IAP;Índice de Preços ao Consumidor Amplo (IPCA/IBGE);100.000000;6.440000;;S;N;
CLASSES - FIF;56.284.312/0001-29;ARX HEDGE II MASTER FIF INVEST EM INFRA RENDA FIXA CRÉDITO PRIVADO RESPONSABILIDADE LIMITADA;2025-11-30;Debêntures;Debênture simples;N;Para negociação;;;;;19891.000000;19660298.67;;;PJ;06.981.180/0001-16;CEMIG DISTRIBUIÇÃO S/A;2037-10-15;S;IAP;Índice de Preços ao Consumidor Amplo (IPCA/IBGE);100.000000;7.169628;;S;N;
CLASSES - FIF;56.377.520/0001-72;BP DSA FUNDO DE INVESTIMENTO MULTIMERCADO;2025-11-30;Debêntures;Debênture simples;N;Para negociação;;;;;6257.000000;6289658.89;;;PJ;43.776.517/0001-80;COMPANHIA DE SANEAMENTO BASICO DO ESTADO DE SAO PA;2032-11-14;S;DI1;DI de um dia;100.000000;0.690000;;S;N;
CLASSES - FIF;56.377.520/0001-72;BP DSA FUNDO DE INVESTIMENTO MULTIMERCADO;2025-11-30;Debêntures;Debênture simples;N;Para negociação;;;;;7996.000000;8071922.71;;;PJ;55.085.811/0001-24;EXES SECURITIZADORA S.A.;2031-10-20;S;DI1;DI de um dia;100.000000;1.000000;;S;N;
CLASSES - FIF;56.504.692/0001-60;FIF - CLASSE DE INVESTIMENTO  RENDA FIXA INCENTIVADO DE INVESTIMENTO EM INFRAESTRUTURA FV;2025-11-30;Títulos ligados ao agronegócio;CRA;N;Para negociação;;;;;394.000000;417649.89;;;PJ;08.769.451/0001-08;VIRGO COMPANHIA;2029-11-21;S;IAP;Índice de Preços ao Consumidor Amplo (IPCA/IBGE);100.000000;9.110799;;S;N;
CLASSES - FIF;56.659.416/0001-70;FUNDO DE INVESTIMENTO FINANCEIRO - CI RENDA FIXA INCENTIVADA INVESTIMENTO EM INFRA G5 CIUDAD VIEJA;2025-11-30;Debêntures;Debênture simples;N;Para negociação;;;;;1320.000000;461216.07;;;PJ;02.773.542/0001-22;Opea Securitiza;2025-12-03;S;DI1;DI de um dia;100.000000;5.849969;;S;N;
CLASSES - FIF;56.707.981/0001-66;PWM LEON FIF - CI RENDA FIXA INCENTIVADO DE INVESTIMENTO EM INFRAESTRUTURA;2025-11-30;Debêntures;Debênture simples;N;Para negociação;;;;;1896.000000;2231549.63;;;PJ;20.223.016/0001-70;BELO MONTE TRAN;2031-12-15;S;IAP;Índice de Preços ao Consumidor Amplo (IPCA/IBGE);100.000000;6.823950;;S;N;
CLASSES - FIF;56.879.657/0001-25;FUNDO DE INVESTIMENTO FINANCEIRO CI RENDA FIXA INCENTIVADO INVESTIMENTO INFRAESTRUTURA G5 BARDAUNI;2025-11-30;Debêntures;Debênture simples;N;Para negociação;;;;;915.000000;319706.59;;;PJ;02.773.542/0001-22;Opea Securitiza;2025-12-03;S;DI1;DI de um dia;100.000000;5.849967;;S;N;
CLASSES - FIF;56.974.598/0001-74;POLO CREDITO CORPORATIVO MASTER FI FINANCEIRO RENDA FIXA CREDITO PRIVADO LONGO PRAZO - RESP LIMITADA;2025-11-30;Debêntures;Debênture simples;N;Para negociação;;;;;5830.000000;5799655.84;;;PJ;09.288.252/0001-32;ANIMA HOLDING S/A;2029-10-15;S;DI1;DI de um dia;100.000000;2.871001;;S;N;
CLASSES - FIF;57.010.267/0001-87;FIF - CLASSE DE INVESTIMENTO  RENDA FIXA INCENTIVADO DE INVESTIMENTO EM INFRAESTRUTURA BORGOTARO;2025-11-30;Títulos ligados ao agronegócio;CRA;N;Para negociação;;;;;151.000000;160063.79;;;PJ;08.769.451/0001-08;VIRGO COMPANHIA;2029-11-21;S;IAP;Índice de Preços ao Consumidor Amplo (IPCA/IBGE);100.000000;9.110799;;S;N;
CLASSES - FIF;57.033.161/0001-07;BB MMH INFRA RENDA FIXA FUNDO INCENTIVADO DE INVESTIMENTO FINANCEIRO EM INFRAESTRUTURA RESP LIMITADA;2025-11-30;Debêntures;Debênture simples;N;Para negociação;;;;;188.000000;189822.85;;;PJ;55.085.811/0001-24;ÉXES SECURITIZADORA;2031-10-20;S;DI1;DI de um dia;100.000000;1.000000;;S;N;
CLASSES - FIF;57.035.810/0001-09;SANTANDER PB CX432 RENDA FIXA REFERENCIADO DI CRÉDITO PRIVADO - FIF RESP LIMITADA;2025-11-30;Títulos de Crédito Privado;Nota Promissória/ Commercial Paper/ Export Note;S;Para negociação;;;;;1055.000000;1116127.33;;;PJ;33.000.167/0001-01;PETROBRAS S/A;2030-02-25;S;DI1;DI de um dia;100.000000;1.017992;;S;N;
CLASSES - FIF;57.106.143/0001-08;WARREN MULTIGESTORES CRÉDITO INCENTIVADO FUNDO DE INVESTIMENTO EM INFRAESTRUTURA;2025-11-30;Debêntures;Debênture simples;N;Para negociação;;;;;500.000000;515768.68;;;PJ;10.324.624/0001-18;CONCESSAO METROVIARIA RIO JANEIRO SA;2042-03-15;S;IAP;Índice de Preços ao Consumidor Amplo (IPCA/IBGE);100.000000;7.886800;;S;N;
CLASSES - FIF;57.106.323/0001-81;CONSTANZA FUNDO DE INVESTIMENTO MULTIMERCADO CRÉDITO PRIVADO;2025-11-30;Títulos de Crédito Privado;Nota Promissória/ Commercial Paper/ Export Note;N;Para negociação;0.000000;0.00;0.000000;0.00;8000.000000;8119627.36;;;PJ;05.759.383/0018-48;TOBRAS DISTRIBUIDORA DE COMBUSTIVEIS LTDA;2030-01-29;S;DI1;DI de um dia;100.000000;0.000000;;S;N;
CLASSES - FIF;57.172.951/0001-65;RIPON FUNDO DE INVESTIMENTO MULTIMERCADO CRÉDITO PRIVADO;2025-11-30;Debêntures;Debênture simples;N;Para negociação;0.000000;0.00;0.000000;0.00;12000.000000;55572.38;;;PJ;37.730.917/0001-51;STRUCTURA PARTICIPAÇÕES LTDA;2029-12-03;S;DI1;DI de um dia;100.000000;0.000000;;S;N;
CLASSES - FIF;57.172.951/0001-65;RIPON FUNDO DE INVESTIMENTO MULTIMERCADO CRÉDITO PRIVADO;2025-11-30;Títulos de Crédito Privado;Nota Promissória/ Commercial Paper/ Export Note;N;Para negociação;0.000000;0.00;0.000000;0.00;18000.000000;18779756.49;;;PJ;50.569.093/0001-48;SCOTIA HOLDINGS E PARTICIPAÇÕES LTDA;2029-12-04;S;DI1;DI de um dia;100.000000;0.000000;;S;N;
CLASSES - FIF;57.172.951/0001-65;RIPON FUNDO DE INVESTIMENTO MULTIMERCADO CRÉDITO PRIVADO;2025-11-30;Títulos de Crédito Privado;Nota Promissória/ Commercial Paper/ Export Note;N;Para negociação;0.000000;0.00;0.000000;0.00;20000.000000;20851653.19;;;PJ;50.569.093/0001-48;SCOTIA HOLDINGS E PARTICIPAÇÕES LTDA;2029-12-05;S;DI1;DI de um dia;100.000000;0.000000;;S;N;
CLASSES - FIF;57.176.726/0001-05;BTG PACTUAL EMPRESAS FUNDO DE INVESTIMENTO RENDA FIXA;2025-11-30;Títulos de Crédito Privado;CCB;N;Para negociação;;;;;5.000000;1700142621.85;;;PJ;30.306.294/0001-45;BANCO BTG PACTUAL S A;2027-07-30;S;DI1;DI de um dia;100.000000;3.500000;;S;N;
CLASSES - FIF;57.280.201/0001-07;EVOLUTION NAUTILUS FIF CLASSE DE INVESTIMENTO RENDA FIXA INCENTIVADO DE DE INVESTIMENTO EM INFRA;2025-11-30;Debêntures;Debênture simples;N;Para negociação;;;;;355.000000;417827.07;;;PJ;20.223.016/0001-70;BELO MONTE TRAN;2031-12-15;S;IAP;Índice de Preços ao Consumidor Amplo (IPCA/IBGE);100.000000;8.227840;;S;N;
CLASSES - FIF;57.375.967/0001-75;XP DISTRIBUIDORES CORPORATE LIGHT PREV FIF RENDA FIXA CRÉDITO PRIVADO - RESPONSABILIDADE LIMITADA;2025-11-30;Debêntures;Debênture simples;N;Para negociação;;;;;750.000000;757152.90;;;PJ;55.085.811/0001-24;ÉXES SECURITIZADORA S.A.;2031-10-20;S;DI1;DI de um dia;100.000000;1.110214;;S;N;
CLASSES - FIF;57.375.967/0001-75;XP DISTRIBUIDORES CORPORATE LIGHT PREV FIF RENDA FIXA CRÉDITO PRIVADO - RESPONSABILIDADE LIMITADA;2025-11-30;Debêntures;Debênture simples;N;Para negociação;;;;;5250.000000;5300070.29;;;PJ;55.085.811/0001-24;ÉXES SECURITIZADORA S.A.;2031-10-20;S;DI1;DI de um dia;100.000000;1.121225;;S;N;
CLASSES - FIF;57.376.385/0001-03;CLASSE I BIG FIVE FUNDO DE INVESTIMENTO MULTIMERCADO CRÉDITO PRIVADO RESPONSABILIDADE LIMITADA;2025-11-30;Títulos ligados ao agronegócio;CRA;N;Para negociação;;;;;251.000000;327763.07;;;PJ;25.005.683/0001-09;VERT COMPANHIA SECURITIZADORA;2029-06-15;S;IAP;Índice de Preços ao Consumidor Amplo (IPCA/IBGE);100.000000;3.500000;;S;N;
CLASSES - FIF;57.376.385/0001-03;CLASSE I BIG FIVE FUNDO DE INVESTIMENTO MULTIMERCADO CRÉDITO PRIVADO RESPONSABILIDADE LIMITADA;2025-11-30;Títulos ligados ao agronegócio;CRA;N;Para negociação;;;;;130.000000;100985.94;;;PJ;10.753.164/0001-43;ECO SECURITIZADORA DIREITOS CREDITORIOS AGRONEGOCIO SA;2027-10-15;S;IAP;Índice de Preços ao Consumidor Amplo (IPCA/IBGE);100.000000;6.994600;;S;N;
CLASSES - FIF;57.376.385/0001-03;CLASSE I BIG FIVE FUNDO DE INVESTIMENTO MULTIMERCADO CRÉDITO PRIVADO RESPONSABILIDADE LIMITADA;2025-11-30;Títulos ligados ao agronegócio;CRA;N;Para negociação;;;;;277.000000;233413.83;;;PJ;10.753.164/0001-43;ECO SECURITIZADORA DIREITOS CREDITORIOS AGRONEGOCIO SA;2028-12-15;S;IAP;Índice de Preços ao Consumidor Amplo (IPCA/IBGE);100.000000;5.538600;;S;N;
CLASSES - FIF;57.376.385/0001-03;CLASSE I BIG FIVE FUNDO DE INVESTIMENTO MULTIMERCADO CRÉDITO PRIVADO RESPONSABILIDADE LIMITADA;2025-11-30;Títulos ligados ao agronegócio;CRA;N;Para negociação;;;;;200.000000;131200.62;;;PJ;10.753.164/0001-43;ECO SECURITIZADORA DIREITOS CREDITORIOS AGRONEGOCIO SA;2026-06-25;S;IAP;Índice de Preços ao Consumidor Amplo (IPCA/IBGE);100.000000;5.260000;;S;N;
CLASSES - FIF;57.400.187/0001-38;CALS FIF - FUNDO INCENTIVADO EM INVESTIMENTO EM DEB DE INFRA RF CRÉD PRIV RESP LIMITADA;2025-11-30;Títulos ligados ao agronegócio;CRA;N;Para negociação;;;;;166.000000;182291.45;;;PJ;25.005.683/0001-09;VERT COMPANHIA SECURITIZADORA;2034-05-15;S;IAP;Índice de Preços ao Consumidor Amplo (IPCA/IBGE);100.000000;6.769400;;S;N;
CLASSES - FIF;57.449.111/0001-05;BRAM FIF - CLASSE DE  INVESTIMENTO RF DE INVESTIMENTO EM INFRA CDI  CRED PRIV RESP LIMITADA;2025-11-30;Títulos ligados ao agronegócio;CRA;N;Para negociação;;;;;4846.000000;5235934.75;;;PJ;10.753.164/0001-43;ECO SECURITIZAD;2032-07-15;N;;;;;15.139999;S;N;
CLASSES - FIF;57.473.697/0001-35;FUNDO DE INVESTIMENTO FINANCEIRO CI RENDA FIXA INCENTIVADO INVESTIMENTO EM INFRAESTRUTURA G5 V UNITY;2025-11-30;Debêntures;Debênture simples;N;Para negociação;;;;;1120.000000;1318214.97;;;PJ;20.223.016/0001-70;BELO MONTE TRAN;2031-12-15;S;IAP;Índice de Preços ao Consumidor Amplo (IPCA/IBGE);100.000000;7.690234;;S;N;
CLASSES - FIF;57.474.275/0001-84;G5 GUARANTÃ FIF RENDA FIXA INCENTIVADO DE INVESTIMENTO EM INFRAESTRUTURA;2025-11-30;Debêntures;Debênture simples;N;Para negociação;;;;;1100.000000;384346.72;;;PJ;02.773.542/0001-22;Opea Securitiza;2025-12-03;S;DI1;DI de um dia;100.000000;5.849979;;S;N;
CLASSES - FIF;57.474.374/0001-66;G5 ARUBA FUNDO DE INVESTIMENTO FINANCEIRO RENDA FIXA INCENTIVADO DE INVESTIMENTO EM INFRAESTRUTURA;2025-11-30;Debêntures;Debênture simples;N;Para negociação;;;;;400.000000;139762.44;;;PJ;02.773.542/0001-22;Opea Securitiza;2025-12-03;S;DI1;DI de um dia;100.000000;5.849980;;S;N;
CLASSES - FIF;57.527.685/0001-46;AQUA CDI FUNDO INCENTIVADO DE INVESTIMENTO EM INFRAESTRUTURA RENDA FIXA;2025-11-30;Debêntures;Debênture simples;N;Para negociação;;;;;152.000000;150576.17;;;PJ;06.981.180/0001-16;CEMIG DISTRIBUICAO S.A;2037-10-15;S;IAP;Índice de Preços ao Consumidor Amplo (IPCA/IBGE);100.000000;6.941443;;S;N;
CLASSES - FIF;57.527.685/0001-46;AQUA CDI FUNDO INCENTIVADO DE INVESTIMENTO EM INFRAESTRUTURA RENDA FIXA;2025-11-30;Debêntures;Debênture simples;N;Para negociação;;;;;387.000000;390674.60;;;PJ;55.085.811/0001-24;EXES SECURITIZADORA S.A.;2031-10-20;S;DI1;DI de um dia;100.000000;1.000000;;S;N;
CLASSES - FIF;57.527.967/0001-43;AQUA FUNDO INCENTIVADO DE INVESTIMENTO EM INFRAESTRUTURA RENDA FIXA;2025-11-30;Debêntures;Debênture simples;N;Para negociação;;;;;316.000000;313039.93;;;PJ;06.981.180/0001-16;CEMIG DISTRIBUICAO S.A;2037-10-15;S;IAP;Índice de Preços ao Consumidor Amplo (IPCA/IBGE);100.000000;6.941443;;S;N;
CLASSES - FIF;57.527.967/0001-43;AQUA FUNDO INCENTIVADO DE INVESTIMENTO EM INFRAESTRUTURA RENDA FIXA;2025-11-30;Debêntures;Debênture simples;N;Para negociação;;;;;133.000000;129990.36;;;PJ;07.714.104/0001-07;GIGA MAIS FIBRA TELECOMUNICACOES S.A.;2031-07-15;S;IAP;Índice de Preços ao Consumidor Amplo (IPCA/IBGE);100.000000;10.584400;;S;N;
CLASSES - FIF;57.527.967/0001-43;AQUA FUNDO INCENTIVADO DE INVESTIMENTO EM INFRAESTRUTURA RENDA FIXA;2025-11-30;Debêntures;Debênture simples;N;Para negociação;;;;;298.000000;300829.54;;;PJ;55.085.811/0001-24;EXES SECURITIZADORA S.A.;2031-10-20;S;DI1;DI de um dia;100.000000;1.000000;;S;N;
CLASSES - FIF;57.591.252/0001-50;PWM MAR FIF - CLASSE DE INVESTIMENTO RENDA FIXA INCENTIVADO DE INVESTIMENTO EM INFRAESTRUTURA;2025-11-30;Debêntures;Debênture simples;N;Para negociação;;;;;50.000000;58848.88;;;PJ;20.223.016/0001-70;BELO MONTE TRAN;2031-12-15;S;IAP;Índice de Preços ao Consumidor Amplo (IPCA/IBGE);100.000000;7.569336;;S;N;
CLASSES - FIF;57.591.252/0001-50;PWM MAR FIF - CLASSE DE INVESTIMENTO RENDA FIXA INCENTIVADO DE INVESTIMENTO EM INFRAESTRUTURA;2025-11-30;Debêntures;Debênture simples;N;Para negociação;;;;;162.000000;190670.38;;;PJ;20.223.016/0001-70;BELO MONTE TRAN;2031-12-15;S;IAP;Índice de Preços ao Consumidor Amplo (IPCA/IBGE);100.000000;7.723785;;S;N;
CLASSES - FIF;57.591.252/0001-50;PWM MAR FIF - CLASSE DE INVESTIMENTO RENDA FIXA INCENTIVADO DE INVESTIMENTO EM INFRAESTRUTURA;2025-11-30;Debêntures;Debênture simples;N;Para negociação;;;;;1810.000000;2130329.55;;;PJ;20.223.016/0001-70;BELO MONTE TRAN;2031-12-15;S;IAP;Índice de Preços ao Consumidor Amplo (IPCA/IBGE);100.000000;6.839873;;S;N;
CLASSES - FIF;57.591.252/0001-50;PWM MAR FIF - CLASSE DE INVESTIMENTO RENDA FIXA INCENTIVADO DE INVESTIMENTO EM INFRAESTRUTURA;2025-11-30;Debêntures;Debênture simples;N;Para negociação;;;;;50.000000;58848.88;;;PJ;20.223.016/0001-70;BELO MONTE TRAN;2031-12-15;S;IAP;Índice de Preços ao Consumidor Amplo (IPCA/IBGE);100.000000;7.674181;;S;N;
CLASSES - FIF;57.591.252/0001-50;PWM MAR FIF - CLASSE DE INVESTIMENTO RENDA FIXA INCENTIVADO DE INVESTIMENTO EM INFRAESTRUTURA;2025-11-30;Debêntures;Debênture simples;N;Para negociação;;;;;152.000000;178900.60;;;PJ;20.223.016/0001-70;BELO MONTE TRAN;2031-12-15;S;IAP;Índice de Preços ao Consumidor Amplo (IPCA/IBGE);100.000000;7.657380;;S;N;
CLASSES - FIF;57.591.671/0001-91;PWM PRIMAVERA FIF - CLASSE DE  INVESTIMENTO RF INCENTIVADO DE INVESTIMENTO EM INFRA - RESP LIMITADA;2025-11-30;Debêntures;Debênture simples;N;Para negociação;;;;;153.000000;180077.58;;;PJ;20.223.016/0001-70;BELO MONTE TRAN;2031-12-15;S;IAP;Índice de Preços ao Consumidor Amplo (IPCA/IBGE);100.000000;7.657380;;S;N;
CLASSES - FIF;57.591.671/0001-91;PWM PRIMAVERA FIF - CLASSE DE  INVESTIMENTO RF INCENTIVADO DE INVESTIMENTO EM INFRA - RESP LIMITADA;2025-11-30;Debêntures;Debênture simples;N;Para negociação;;;;;50.000000;58848.88;;;PJ;20.223.016/0001-70;BELO MONTE TRAN;2031-12-15;S;IAP;Índice de Preços ao Consumidor Amplo (IPCA/IBGE);100.000000;7.569336;;S;N;
CLASSES - FIF;57.591.671/0001-91;PWM PRIMAVERA FIF - CLASSE DE  INVESTIMENTO RF INCENTIVADO DE INVESTIMENTO EM INFRA - RESP LIMITADA;2025-11-30;Debêntures;Debênture simples;N;Para negociação;;;;;1516.000000;1784298.12;;;PJ;20.223.016/0001-70;BELO MONTE TRAN;2031-12-15;S;IAP;Índice de Preços ao Consumidor Amplo (IPCA/IBGE);100.000000;7.051993;;S;N;
CLASSES - FIF;57.591.671/0001-91;PWM PRIMAVERA FIF - CLASSE DE  INVESTIMENTO RF INCENTIVADO DE INVESTIMENTO EM INFRA - RESP LIMITADA;2025-11-30;Debêntures;Debênture simples;N;Para negociação;;;;;1232.000000;1450036.47;;;PJ;20.223.016/0001-70;BELO MONTE TRAN;2031-12-15;S;IAP;Índice de Preços ao Consumidor Amplo (IPCA/IBGE);100.000000;3.428028;;S;N;
CLASSES - FIF;57.591.671/0001-91;PWM PRIMAVERA FIF - CLASSE DE  INVESTIMENTO RF INCENTIVADO DE INVESTIMENTO EM INFRA - RESP LIMITADA;2025-11-30;Debêntures;Debênture simples;N;Para negociação;;;;;50.000000;58848.88;;;PJ;20.223.016/0001-70;BELO MONTE TRAN;2031-12-15;S;IAP;Índice de Preços ao Consumidor Amplo (IPCA/IBGE);100.000000;7.674181;;S;N;
CLASSES - FIF;57.591.671/0001-91;PWM PRIMAVERA FIF - CLASSE DE  INVESTIMENTO RF INCENTIVADO DE INVESTIMENTO EM INFRA - RESP LIMITADA;2025-11-30;Debêntures;Debênture simples;N;Para negociação;;;;;162.000000;190670.38;;;PJ;20.223.016/0001-70;BELO MONTE TRAN;2031-12-15;S;IAP;Índice de Preços ao Consumidor Amplo (IPCA/IBGE);100.000000;7.723785;;S;N;
CLASSES - FIF;57.591.671/0001-91;PWM PRIMAVERA FIF - CLASSE DE  INVESTIMENTO RF INCENTIVADO DE INVESTIMENTO EM INFRA - RESP LIMITADA;2025-11-30;Debêntures;Debênture simples;N;Para negociação;;;;;380.000000;447251.51;;;PJ;20.223.016/0001-70;BELO MONTE TRAN;2031-12-15;S;IAP;Índice de Preços ao Consumidor Amplo (IPCA/IBGE);100.000000;16.003603;;S;N;
CLASSES - FIF;57.591.671/0001-91;PWM PRIMAVERA FIF - CLASSE DE  INVESTIMENTO RF INCENTIVADO DE INVESTIMENTO EM INFRA - RESP LIMITADA;2025-11-30;Debêntures;Debênture simples;N;Para negociação;;;;;1279.000000;1505354.42;;;PJ;20.223.016/0001-70;BELO MONTE TRAN;2031-12-15;S;IAP;Índice de Preços ao Consumidor Amplo (IPCA/IBGE);100.000000;7.386147;;S;N;
CLASSES - FIF;57.681.617/0001-37;GALT SEQUOIA FUNDO DE INVESTIMENTO FINANCEIRO AÇÕES RESPONSABILIDADE LIMITADA;2025-11-30;Títulos ligados ao agronegócio;CRA;N;Para negociação;;;;;55.000000;62941.49;;;PJ;12.130.744/0001-00;TRUE SECURITIZADORA S.A.;2030-06-17;S;IAP;Índice de Preços ao Consumidor Amplo (IPCA/IBGE);100.000000;15.908506;;S;N;
CLASSES - FIF;57.713.013/0001-25;BB M&Ms INFRA RENDA FIXA FUNDO INCENTIVADO DE INVESTIMENTO FINANCEIRO EM INFRAESTRUTURA RESP LIM;2025-11-30;Debêntures;Debênture simples;N;Para negociação;;;;;141.000000;142367.13;;;PJ;55.085.811/0001-24;ÉXES SECURITIZADORA;2031-10-20;S;DI1;DI de um dia;100.000000;1.000000;;S;N;
CLASSES - FIF;57.714.726/0001-03;BB T&B INFRA RENDA FIXA FUNDO INCENTIVADO DE INVESTIMENTO FINANCEIRO EM INFRAESTRUTURA RESP LIMITADA;2025-11-30;Debêntures;Debênture simples;N;Para negociação;;;;;103.000000;103998.69;;;PJ;55.085.811/0001-24;ÉXES SECURITIZADORA;2031-10-20;S;DI1;DI de um dia;100.000000;1.000000;;S;N;
CLASSES - FIF;57.771.660/0001-93;BTG PACTUAL BVP CRÉD CORPORATIVO PREV FIFE FIF RF CRÉD PRIV - RESP LIMITADA;2025-11-30;Debêntures;Debênture simples;N;Para negociação;;;;;560.000000;557085.30;;;PJ;09.288.252/0001-32;ANIMA HOLDING;2029-10-15;S;DI1;DI de um dia;100.000000;1.832813;;S;N;
CLASSES - FIF;57.771.660/0001-93;BTG PACTUAL BVP CRÉD CORPORATIVO PREV FIFE FIF RF CRÉD PRIV - RESP LIMITADA;2025-11-30;Debêntures;Debênture simples;N;Para negociação;;;;;525.000000;526067.88;;;PJ;13.783.221/0004-78;MADERO INDUSTRI;2030-11-25;S;DI1;DI de um dia;100.000000;2.249999;;S;N;
CLASSES - FIF;57.771.660/0001-93;BTG PACTUAL BVP CRÉD CORPORATIVO PREV FIFE FIF RF CRÉD PRIV - RESP LIMITADA;2025-11-30;Debêntures;Debênture simples;N;Para negociação;;;;;3571.000000;3605342.47;;;PJ;55.085.811/0001-24;EXES SECURITIZA;2031-10-20;S;DI1;DI de um dia;100.000000;0.999999;;S;N;
CLASSES - FIF;57.771.660/0001-93;BTG PACTUAL BVP CRÉD CORPORATIVO PREV FIFE FIF RF CRÉD PRIV - RESP LIMITADA;2025-11-30;Debêntures;Debênture simples;N;Para negociação;;;;;970.000000;975062.99;;;PJ;43.776.517/0001-80;SABESP;2032-11-14;S;DI1;DI de um dia;100.000000;0.683149;;S;N;
CLASSES - FIF;57.771.660/0001-93;BTG PACTUAL BVP CRÉD CORPORATIVO PREV FIFE FIF RF CRÉD PRIV - RESP LIMITADA;2025-11-30;Títulos de Crédito Privado;Nota Promissória/ Commercial Paper/ Export Note;N;Para negociação;;;;;718.000000;769648.27;;;PJ;50.746.577/0001-15;COSAN S/A;2028-12-27;S;DI1;DI de um dia;100.000000;1.677127;;S;N;
CLASSES - FIF;57.771.660/0001-93;BTG PACTUAL BVP CRÉD CORPORATIVO PREV FIFE FIF RF CRÉD PRIV - RESP LIMITADA;2025-11-30;Títulos de Crédito Privado;Nota Promissória/ Commercial Paper/ Export Note;N;Para negociação;;;;;639.000000;675481.16;;;PJ;50.746.577/0001-15;COSAN S.A.;2031-01-30;S;DI1;DI de um dia;100.000000;1.754751;;S;N;
CLASSES - FIF;57.815.131/0001-44;A1 HIGH GRADE POS FIXADO FUNDO DE INVESTIMENTO FINANCEIRO RENDA FIXA CRED PRIV RESP LIMITADA;2025-11-30;Títulos de Crédito Privado;Nota Promissória/ Commercial Paper/ Export Note;N;Para negociação;;;;;700.000000;756466.36;;;PJ;10.835.932/0001-08;COMPANHIA ENERGETICA DE PERNAMBUCO;2028-12-20;S;DI1;DI de um dia;100.000000;1.540000;;S;N;
CLASSES - FIF;57.961.397/0001-03;SAFRA SYNTA FUNDO DE INVESTIMENTO FINANCEIRO RENDA FIXA CRÉDITO PRIVADO - RESPONSABILIDADE LIMITADA;2025-11-30;Títulos de Crédito Privado;Nota Promissória/ Commercial Paper/ Export Note;N;Para negociação;;;;;1111.000000;1198565.05;;;PJ;33.000.167/0001-01;PETROLEO BRASILEIRO;2032-08-25;S;DI1;DI de um dia;100.000000;1.932124;;S;N;
CLASSES - FIF;58.052.836/0001-10;PLURAL DEBÊNTURES INCENTIVADAS HEDGE 30 II FIF EM INFRA RENDA FIXA CRÉDITO PRIVADO - RESP LIMITADA;2025-11-30;Debêntures;Debênture simples;N;Para negociação;;;;;330.000000;324191.56;;;PJ;42.276.907/0001-28;VLI MULTIMODAL S.A;2035-10-15;S;IAP;Índice de Preços ao Consumidor Amplo (IPCA/IBGE);100.000000;7.169553;;S;N;
CLASSES - FIF;58.052.836/0001-10;PLURAL DEBÊNTURES INCENTIVADAS HEDGE 30 II FIF EM INFRA RENDA FIXA CRÉDITO PRIVADO - RESP LIMITADA;2025-11-30;Debêntures;Debênture simples;N;Para negociação;;;;;394.000000;389430.28;;;PJ;06.981.180/0001-16;CEMIG DISTRIBUIÇÃO S/A;2037-10-15;S;IAP;Índice de Preços ao Consumidor Amplo (IPCA/IBGE);100.000000;7.169628;;S;N;
CLASSES - FIF;58.140.887/0001-01;G5 MAKTUB II FIF - CI RF INCENTIVADO DE INVESTIMENTO EM INFRA - RESP LIMITADA;2025-11-30;Debêntures;Debênture simples;N;Para negociação;;;;;685.000000;806229.69;;;PJ;20.223.016/0001-70;BELO MONTE TRAN;2031-12-15;S;IAP;Índice de Preços ao Consumidor Amplo (IPCA/IBGE);100.000000;7.541879;;S;N;
CLASSES - FIF;58.174.985/0001-51;PORTO PREV BVP FIF RENDA FIXA CRÉDITO PRIVADO FIFE RESPONSABILIDADE LIMITADA;2025-11-30;Debêntures;Debênture simples;N;Para negociação;;;;;4300.000000;4341353.30;;;PJ;55.085.811/0001-24;EXES SECURITIZA;2031-10-20;S;DI1;DI de um dia;100.000000;0.999999;;S;N;
CLASSES - FIF;58.174.985/0001-51;PORTO PREV BVP FIF RENDA FIXA CRÉDITO PRIVADO FIFE RESPONSABILIDADE LIMITADA;2025-11-30;Debêntures;Debênture simples;N;Para negociação;;;;;1974.000000;1991694.60;;;PJ;08.402.943/0001-52;GUARARAPES CONF;2028-10-15;S;DI1;DI de um dia;100.000000;1.038232;;S;N;
CLASSES - FIF;58.174.985/0001-51;PORTO PREV BVP FIF RENDA FIXA CRÉDITO PRIVADO FIFE RESPONSABILIDADE LIMITADA;2025-11-30;Títulos de Crédito Privado;Nota Promissória/ Commercial Paper/ Export Note;N;Para negociação;;;;;1076.000000;1151812.05;;;PJ;33.000.167/0001-01;PETROLEO BRASIL;2032-08-25;S;DI1;DI de um dia;100.000000;1.445526;;S;N;
CLASSES - FIF;58.174.985/0001-51;PORTO PREV BVP FIF RENDA FIXA CRÉDITO PRIVADO FIFE RESPONSABILIDADE LIMITADA;2025-11-30;Títulos de Crédito Privado;Nota Promissória/ Commercial Paper/ Export Note;N;Para negociação;;;;;188.000000;201523.50;;;PJ;50.746.577/0001-15;COSAN S/A;2028-12-27;S;DI1;DI de um dia;100.000000;1.607997;;S;N;
CLASSES - FIF;58.174.985/0001-51;PORTO PREV BVP FIF RENDA FIXA CRÉDITO PRIVADO FIFE RESPONSABILIDADE LIMITADA;2025-11-30;Títulos de Crédito Privado;Nota Promissória/ Commercial Paper/ Export Note;N;Para negociação;;;;;212.000000;227249.91;;;PJ;50.746.577/0001-15;COSAN S/A;2028-12-27;S;DI1;DI de um dia;100.000000;1.686688;;S;N;
CLASSES - FIF;58.174.985/0001-51;PORTO PREV BVP FIF RENDA FIXA CRÉDITO PRIVADO FIFE RESPONSABILIDADE LIMITADA;2025-11-30;Títulos de Crédito Privado;Nota Promissória/ Commercial Paper/ Export Note;N;Para negociação;;;;;938.000000;1005473.64;;;PJ;50.746.577/0001-15;COSAN S/A;2028-12-27;S;DI1;DI de um dia;100.000000;1.608931;;S;N;
CLASSES - FIF;58.174.985/0001-51;PORTO PREV BVP FIF RENDA FIXA CRÉDITO PRIVADO FIFE RESPONSABILIDADE LIMITADA;2025-11-30;Títulos de Crédito Privado;Nota Promissória/ Commercial Paper/ Export Note;N;Para negociação;;;;;494.000000;529535.16;;;PJ;50.746.577/0001-15;COSAN S/A;2028-12-27;S;DI1;DI de um dia;100.000000;1.662531;;S;N;
CLASSES - FIF;58.174.985/0001-51;PORTO PREV BVP FIF RENDA FIXA CRÉDITO PRIVADO FIFE RESPONSABILIDADE LIMITADA;2025-11-30;Títulos de Crédito Privado;Nota Promissória/ Commercial Paper/ Export Note;N;Para negociação;;;;;994.000000;1065501.92;;;PJ;50.746.577/0001-15;COSAN S/A;2028-12-27;S;DI1;DI de um dia;100.000000;1.630669;;S;N;
CLASSES - FIF;58.174.985/0001-51;PORTO PREV BVP FIF RENDA FIXA CRÉDITO PRIVADO FIFE RESPONSABILIDADE LIMITADA;2025-11-30;Títulos de Crédito Privado;Nota Promissória/ Commercial Paper/ Export Note;N;Para negociação;;;;;255.000000;273343.05;;;PJ;50.746.577/0001-15;COSAN S/A;2028-12-27;S;DI1;DI de um dia;100.000000;1.608337;;S;N;
CLASSES - FIF;58.174.985/0001-51;PORTO PREV BVP FIF RENDA FIXA CRÉDITO PRIVADO FIFE RESPONSABILIDADE LIMITADA;2025-11-30;Títulos de Crédito Privado;Nota Promissória/ Commercial Paper/ Export Note;N;Para negociação;;;;;577.000000;618505.64;;;PJ;50.746.577/0001-15;COSAN S/A;2028-12-27;S;DI1;DI de um dia;100.000000;1.623742;;S;N;
CLASSES - FIF;58.191.395/0001-37;ITAÚ DEBÊNTURES INCENTIVADAS CDI MIX FIF INCENTIVADO EM INFRAESTRUTURA RF CRÉD PRIV RESP LIMITADA;2025-11-30;Debêntures;Debênture simples;N;Para negociação;;;;;356.000000;349973.88;;;PJ;02.476.026/0001-36;ULTRAFERTIL SA;2035-10-15;S;IAP;Índice de Preços ao Consumidor Amplo (IPCA/IBGE);100.000000;6.672900;;S;N;
CLASSES - FIF;58.191.395/0001-37;ITAÚ DEBÊNTURES INCENTIVADAS CDI MIX FIF INCENTIVADO EM INFRAESTRUTURA RF CRÉD PRIV RESP LIMITADA;2025-11-30;Debêntures;Debênture simples;N;Para negociação;;;;;873.000000;857634.04;;;PJ;42.276.907/0001-28;VLI MULTIMODAL S.A.;2035-10-15;S;IAP;Índice de Preços ao Consumidor Amplo (IPCA/IBGE);100.000000;6.672900;;S;N;
CLASSES - FIF;58.191.395/0001-37;ITAÚ DEBÊNTURES INCENTIVADAS CDI MIX FIF INCENTIVADO EM INFRAESTRUTURA RF CRÉD PRIV RESP LIMITADA;2025-11-30;Debêntures;Debênture simples;N;Para negociação;;;;;1903.000000;1879089.55;;;PJ;06.981.180/0001-16;CEMIG DISTRIBUICAO S.A.;2037-10-15;S;IAP;Índice de Preços ao Consumidor Amplo (IPCA/IBGE);100.000000;6.787800;;S;N;
CLASSES - FIF;58.191.678/0001-89;ITAÚ DEBÊNTURES INCENTIVADAS CDI PVT MIX FIF INCENTIVADO EM INFRA RF CRÉD PRIV RESP LIMITADA;2025-11-30;Debêntures;Debênture simples;N;Para negociação;;;;;787.000000;777111.65;;;PJ;06.981.180/0001-16;CEMIG DISTRIBUICAO S.A.;2037-10-15;S;IAP;Índice de Preços ao Consumidor Amplo (IPCA/IBGE);100.000000;6.787800;;S;N;
CLASSES - FIF;58.191.678/0001-89;ITAÚ DEBÊNTURES INCENTIVADAS CDI PVT MIX FIF INCENTIVADO EM INFRA RF CRÉD PRIV RESP LIMITADA;2025-11-30;Debêntures;Debênture simples;N;Para negociação;;;;;244.000000;239705.28;;;PJ;42.276.907/0001-28;VLI MULTIMODAL S.A.;2035-10-15;S;IAP;Índice de Preços ao Consumidor Amplo (IPCA/IBGE);100.000000;6.672900;;S;N;
CLASSES - FIF;58.191.678/0001-89;ITAÚ DEBÊNTURES INCENTIVADAS CDI PVT MIX FIF INCENTIVADO EM INFRA RF CRÉD PRIV RESP LIMITADA;2025-11-30;Debêntures;Debênture simples;N;Para negociação;;;;;52.000000;51119.78;;;PJ;02.476.026/0001-36;ULTRAFERTIL SA;2035-10-15;S;IAP;Índice de Preços ao Consumidor Amplo (IPCA/IBGE);100.000000;6.672900;;S;N;
CLASSES - FIF;58.193.485/0001-67;ITAÚ DEBÊNTURES INCENTIVADAS IMA B 5 PVT MIX FIF INCENTIVADO EM INFRA RF CRÉD PRIV RESP LIMITADA;2025-11-30;Debêntures;Debênture simples;N;Para negociação;;;;;3.000000;2949.22;;;PJ;02.476.026/0001-36;ULTRAFERTIL SA;2035-10-15;S;IAP;Índice de Preços ao Consumidor Amplo (IPCA/IBGE);100.000000;6.672900;;S;N;
CLASSES - FIF;58.193.485/0001-67;ITAÚ DEBÊNTURES INCENTIVADAS IMA B 5 PVT MIX FIF INCENTIVADO EM INFRA RF CRÉD PRIV RESP LIMITADA;2025-11-30;Debêntures;Debênture simples;N;Para negociação;;;;;11.000000;10806.38;;;PJ;42.276.907/0001-28;VLI MULTIMODAL S.A.;2035-10-15;S;IAP;Índice de Preços ao Consumidor Amplo (IPCA/IBGE);100.000000;6.672900;;S;N;
CLASSES - FIF;58.193.485/0001-67;ITAÚ DEBÊNTURES INCENTIVADAS IMA B 5 PVT MIX FIF INCENTIVADO EM INFRA RF CRÉD PRIV RESP LIMITADA;2025-11-30;Debêntures;Debênture simples;N;Para negociação;;;;;34.000000;33572.80;;;PJ;06.981.180/0001-16;CEMIG DISTRIBUICAO S.A.;2037-10-15;S;IAP;Índice de Preços ao Consumidor Amplo (IPCA/IBGE);100.000000;6.787800;;S;N;
CLASSES - FIF;58.242.689/0001-40;SICREDI FIF ESPECIALMENTE CONSTITUÍDO RF PREV FUTURO CRED PRIV CORPORATIVO RESPONSABILIDADE LIMITADA;2025-11-30;Debêntures;Debênture simples;N;Para negociação;;;;;119.000000;121974.28;;;PJ;00.001.180/0001-26;ELETROBRAS;2026-04-15;S;DI1;DI de um dia;100.000000;0.397257;;S;N;
CLASSES - FIF;58.242.689/0001-40;SICREDI FIF ESPECIALMENTE CONSTITUÍDO RF PREV FUTURO CRED PRIV CORPORATIVO RESPONSABILIDADE LIMITADA;2025-11-30;Debêntures;Debênture simples;N;Para negociação;;;;;495.000000;339741.05;;;PJ;05.197.443/0001-38;HAPVIDA PARTICI;2027-10-07;S;DI1;DI de um dia;100.000000;1.025384;;S;N;
CLASSES - FIF;58.242.689/0001-40;SICREDI FIF ESPECIALMENTE CONSTITUÍDO RF PREV FUTURO CRED PRIV CORPORATIVO RESPONSABILIDADE LIMITADA;2025-11-30;Debêntures;Debênture simples;N;Para negociação;;;;;594.000000;601632.01;;;PJ;03.853.896/0001-40;MARFRIG;2027-11-11;S;DI1;DI de um dia;100.000000;1.045182;;S;N;
CLASSES - FIF;58.242.689/0001-40;SICREDI FIF ESPECIALMENTE CONSTITUÍDO RF PREV FUTURO CRED PRIV CORPORATIVO RESPONSABILIDADE LIMITADA;2025-11-30;Debêntures;Debênture simples;N;Para negociação;;;;;590.000000;604554.92;;;PJ;00.001.180/0001-26;ELETROBRAS;2029-04-15;S;DI1;DI de um dia;100.000000;0.665079;;S;N;
CLASSES - FIF;58.242.689/0001-40;SICREDI FIF ESPECIALMENTE CONSTITUÍDO RF PREV FUTURO CRED PRIV CORPORATIVO RESPONSABILIDADE LIMITADA;2025-11-30;Debêntures;Debênture simples;N;Para negociação;;;;;5.000000;5266.02;;;PJ;50.746.577/0001-15;COSAN S.A;2029-06-28;S;DI1;DI de um dia;100.000000;1.189610;;S;N;
CLASSES - FIF;58.242.689/0001-40;SICREDI FIF ESPECIALMENTE CONSTITUÍDO RF PREV FUTURO CRED PRIV CORPORATIVO RESPONSABILIDADE LIMITADA;2025-11-30;Debêntures;Debênture simples;N;Para negociação;;;;;11.000000;11585.25;;;PJ;50.746.577/0001-15;COSAN S.A;2029-06-28;S;DI1;DI de um dia;100.000000;1.205386;;S;N;
CLASSES - FIF;58.242.689/0001-40;SICREDI FIF ESPECIALMENTE CONSTITUÍDO RF PREV FUTURO CRED PRIV CORPORATIVO RESPONSABILIDADE LIMITADA;2025-11-30;Debêntures;Debênture simples;N;Para negociação;;;;;2240.000000;2275689.68;;;PJ;06.057.223/0001-71;SENDAS DISTRIBU;2029-09-25;S;DI1;DI de um dia;100.000000;1.132217;;S;N;
CLASSES - FIF;58.242.689/0001-40;SICREDI FIF ESPECIALMENTE CONSTITUÍDO RF PREV FUTURO CRED PRIV CORPORATIVO RESPONSABILIDADE LIMITADA;2025-11-30;Debêntures;Debênture simples;N;Para negociação;;;;;1350.000000;1371509.41;;;PJ;06.057.223/0001-71;SENDAS DISTRIBU;2029-09-25;S;DI1;DI de um dia;100.000000;1.123050;;S;N;
CLASSES - FIF;58.242.689/0001-40;SICREDI FIF ESPECIALMENTE CONSTITUÍDO RF PREV FUTURO CRED PRIV CORPORATIVO RESPONSABILIDADE LIMITADA;2025-11-30;Debêntures;Debênture simples;N;Para negociação;;;;;622.000000;660469.43;;;PJ;06.057.223/0001-71;SENDAS DISTRIBU;2029-12-09;S;DI1;DI de um dia;100.000000;1.211283;;S;N;
CLASSES - FIF;58.242.689/0001-40;SICREDI FIF ESPECIALMENTE CONSTITUÍDO RF PREV FUTURO CRED PRIV CORPORATIVO RESPONSABILIDADE LIMITADA;2025-11-30;Debêntures;Debênture simples;N;Para negociação;;;;;1560.000000;1615260.53;;;PJ;09.149.503/0001-06;SERENA GERACAO;2030-03-15;S;DI1;DI de um dia;100.000000;0.969103;;S;N;
CLASSES - FIF;58.242.689/0001-40;SICREDI FIF ESPECIALMENTE CONSTITUÍDO RF PREV FUTURO CRED PRIV CORPORATIVO RESPONSABILIDADE LIMITADA;2025-11-30;Debêntures;Debênture simples;N;Para negociação;;;;;58.000000;60166.14;;;PJ;16.670.085/0001-55;LOCALIZA RENT;2030-04-16;S;DI1;DI de um dia;100.000000;1.678168;;S;N;
CLASSES - FIF;58.242.689/0001-40;SICREDI FIF ESPECIALMENTE CONSTITUÍDO RF PREV FUTURO CRED PRIV CORPORATIVO RESPONSABILIDADE LIMITADA;2025-11-30;Debêntures;Debênture simples;N;Para negociação;;;;;165.000000;165254.57;;;PJ;16.670.085/0001-55;LOCALIZA RENT;2030-05-20;S;DI1;DI de um dia;100.000000;1.200000;;S;N;
CLASSES - FIF;58.242.689/0001-40;SICREDI FIF ESPECIALMENTE CONSTITUÍDO RF PREV FUTURO CRED PRIV CORPORATIVO RESPONSABILIDADE LIMITADA;2025-11-30;Debêntures;Debênture simples;N;Para negociação;;;;;750.000000;752000.17;;;PJ;02.286.479/0001-08;LOCALIZA FLEET;2030-05-28;S;DI1;DI de um dia;100.000000;1.180659;;S;N;
CLASSES - FIF;58.242.689/0001-40;SICREDI FIF ESPECIALMENTE CONSTITUÍDO RF PREV FUTURO CRED PRIV CORPORATIVO RESPONSABILIDADE LIMITADA;2025-11-30;Debêntures;Debênture simples;N;Para negociação;;;;;1530.000000;1618610.70;;;PJ;04.895.728/0001-80;EQUATORIAL S.A.;2030-08-05;S;DI1;DI de um dia;100.000000;0.696051;;S;N;
CLASSES - FIF;58.242.689/0001-40;SICREDI FIF ESPECIALMENTE CONSTITUÍDO RF PREV FUTURO CRED PRIV CORPORATIVO RESPONSABILIDADE LIMITADA;2025-11-30;Debêntures;Debênture simples;N;Para negociação;;;;;5.000000;5315.53;;;PJ;50.746.577/0001-15;COSAN S.A;2031-01-21;S;DI1;DI de um dia;100.000000;1.558333;;S;N;
CLASSES - FIF;58.242.689/0001-40;SICREDI FIF ESPECIALMENTE CONSTITUÍDO RF PREV FUTURO CRED PRIV CORPORATIVO RESPONSABILIDADE LIMITADA;2025-11-30;Debêntures;Debênture simples;N;Para negociação;;;;;92.000000;97805.67;;;PJ;50.746.577/0001-15;COSAN S.A;2031-01-21;S;DI1;DI de um dia;100.000000;1.574722;;S;N;
CLASSES - FIF;58.242.689/0001-40;SICREDI FIF ESPECIALMENTE CONSTITUÍDO RF PREV FUTURO CRED PRIV CORPORATIVO RESPONSABILIDADE LIMITADA;2025-11-30;Debêntures;Debênture simples;N;Para negociação;;;;;480.000000;507296.23;;;PJ;02.286.479/0001-08;LOCALIZA FLEET;2031-02-10;S;DI1;DI de um dia;100.000000;1.242038;;S;N;
CLASSES - FIF;58.242.689/0001-40;SICREDI FIF ESPECIALMENTE CONSTITUÍDO RF PREV FUTURO CRED PRIV CORPORATIVO RESPONSABILIDADE LIMITADA;2025-11-30;Debêntures;Debênture simples;N;Para negociação;;;;;58.000000;63197.67;;;PJ;06.047.087/0001-39;REDE DOR SAO LU;2031-07-25;S;DI1;DI de um dia;100.000000;1.608081;;S;N;
CLASSES - FIF;58.242.689/0001-40;SICREDI FIF ESPECIALMENTE CONSTITUÍDO RF PREV FUTURO CRED PRIV CORPORATIVO RESPONSABILIDADE LIMITADA;2025-11-30;Debêntures;Debênture simples;N;Para negociação;;;;;338.000000;357606.39;;;PJ;50.746.577/0001-15;COSAN S.A;2031-08-15;S;DI1;DI de um dia;100.000000;1.664207;;S;N;
CLASSES - FIF;58.242.689/0001-40;SICREDI FIF ESPECIALMENTE CONSTITUÍDO RF PREV FUTURO CRED PRIV CORPORATIVO RESPONSABILIDADE LIMITADA;2025-11-30;Debêntures;Debênture simples;N;Para negociação;;;;;58.000000;62491.42;;;PJ;06.047.087/0001-39;REDE DOR SAO LU;2031-08-20;S;DI1;DI de um dia;100.000000;1.342263;;S;N;
CLASSES - FIF;58.242.689/0001-40;SICREDI FIF ESPECIALMENTE CONSTITUÍDO RF PREV FUTURO CRED PRIV CORPORATIVO RESPONSABILIDADE LIMITADA;2025-11-30;Debêntures;Debênture simples;N;Para negociação;;;;;58.000000;62470.26;;;PJ;06.047.087/0001-39;REDE DOR SAO LU;2031-08-20;S;DI1;DI de um dia;100.000000;1.457789;;S;N;
CLASSES - FIF;58.242.689/0001-40;SICREDI FIF ESPECIALMENTE CONSTITUÍDO RF PREV FUTURO CRED PRIV CORPORATIVO RESPONSABILIDADE LIMITADA;2025-11-30;Debêntures;Debênture simples;N;Para negociação;;;;;419.000000;433797.81;;;PJ;06.047.087/0001-39;REDE DOR SAO LU;2031-09-15;S;DI1;DI de um dia;100.000000;1.093002;;S;N;
CLASSES - FIF;58.242.689/0001-40;SICREDI FIF ESPECIALMENTE CONSTITUÍDO RF PREV FUTURO CRED PRIV CORPORATIVO RESPONSABILIDADE LIMITADA;2025-11-30;Debêntures;Debênture simples;N;Para negociação;;;;;582.000000;602554.47;;;PJ;06.047.087/0001-39;REDE DOR SAO LU;2031-09-15;S;DI1;DI de um dia;100.000000;0.982214;;S;N;
CLASSES - FIF;58.242.689/0001-40;SICREDI FIF ESPECIALMENTE CONSTITUÍDO RF PREV FUTURO CRED PRIV CORPORATIVO RESPONSABILIDADE LIMITADA;2025-11-30;Debêntures;Debênture simples;N;Para negociação;;;;;800.000000;828253.57;;;PJ;06.047.087/0001-39;REDE DOR SAO LU;2031-09-15;S;DI1;DI de um dia;100.000000;0.984392;;S;N;
CLASSES - FIF;58.242.689/0001-40;SICREDI FIF ESPECIALMENTE CONSTITUÍDO RF PREV FUTURO CRED PRIV CORPORATIVO RESPONSABILIDADE LIMITADA;2025-11-30;Debêntures;Debênture simples;N;Para negociação;;;;;1084.000000;1122283.59;;;PJ;06.047.087/0001-39;REDE DOR SAO LU;2031-09-15;S;DI1;DI de um dia;100.000000;0.955447;;S;N;
CLASSES - FIF;58.242.689/0001-40;SICREDI FIF ESPECIALMENTE CONSTITUÍDO RF PREV FUTURO CRED PRIV CORPORATIVO RESPONSABILIDADE LIMITADA;2025-11-30;Debêntures;Debênture simples;N;Para negociação;;;;;1445.000000;1423836.57;;;PJ;05.197.443/0001-38;HAPVIDA PARTICI;2031-10-15;S;DI1;DI de um dia;100.000000;0.973980;;S;N;
CLASSES - FIF;58.242.689/0001-40;SICREDI FIF ESPECIALMENTE CONSTITUÍDO RF PREV FUTURO CRED PRIV CORPORATIVO RESPONSABILIDADE LIMITADA;2025-11-30;Debêntures;Debênture simples;N;Para negociação;;;;;600.000000;632818.78;;;PJ;43.776.517/0001-80;SABESP;2032-01-15;S;DI1;DI de um dia;100.000000;0.565277;;S;N;
CLASSES - FIF;58.242.689/0001-40;SICREDI FIF ESPECIALMENTE CONSTITUÍDO RF PREV FUTURO CRED PRIV CORPORATIVO RESPONSABILIDADE LIMITADA;2025-11-30;Debêntures;Debênture simples;N;Para negociação;;;;;1056.000000;1113761.05;;;PJ;43.776.517/0001-80;SABESP;2032-01-15;S;DI1;DI de um dia;100.000000;0.586276;;S;N;
CLASSES - FIF;58.242.689/0001-40;SICREDI FIF ESPECIALMENTE CONSTITUÍDO RF PREV FUTURO CRED PRIV CORPORATIVO RESPONSABILIDADE LIMITADA;2025-11-30;Debêntures;Debênture simples;N;Para negociação;;;;;300.000000;304581.93;;;PJ;50.746.577/0001-15;COSAN S.A;2032-05-05;S;DI1;DI de um dia;100.000000;1.676501;;S;N;
CLASSES - FIF;58.242.689/0001-40;SICREDI FIF ESPECIALMENTE CONSTITUÍDO RF PREV FUTURO CRED PRIV CORPORATIVO RESPONSABILIDADE LIMITADA;2025-11-30;Debêntures;Debênture simples;N;Para negociação;;;;;1550.000000;1502017.23;;;PJ;05.197.443/0001-38;HAPVIDA PARTICI;2032-05-16;S;DI1;DI de um dia;100.000000;1.056688;;S;N;
CLASSES - FIF;58.242.689/0001-40;SICREDI FIF ESPECIALMENTE CONSTITUÍDO RF PREV FUTURO CRED PRIV CORPORATIVO RESPONSABILIDADE LIMITADA;2025-11-30;Debêntures;Debênture simples;N;Para negociação;;;;;495.000000;499873.49;;;PJ;16.670.085/0001-55;LOCALIZA RENT;2032-05-20;S;DI1;DI de um dia;100.000000;1.399999;;S;N;
CLASSES - FIF;58.242.689/0001-40;SICREDI FIF ESPECIALMENTE CONSTITUÍDO RF PREV FUTURO CRED PRIV CORPORATIVO RESPONSABILIDADE LIMITADA;2025-11-30;Debêntures;Debênture simples;N;Para negociação;;;;;1445.000000;1557459.17;;;PJ;33.611.500/0001-19;GERDAU S.A;2032-06-04;S;DI1;DI de um dia;100.000000;0.656832;;S;N;
CLASSES - FIF;58.242.689/0001-40;SICREDI FIF ESPECIALMENTE CONSTITUÍDO RF PREV FUTURO CRED PRIV CORPORATIVO RESPONSABILIDADE LIMITADA;2025-11-30;Debêntures;Debênture simples;N;Para negociação;;;;;600.000000;613841.58;;;PJ;02.600.854/0001-34;TIM BRASIL;2032-07-23;S;DI1;DI de um dia;100.000000;0.849999;;S;N;
CLASSES - FIF;58.242.689/0001-40;SICREDI FIF ESPECIALMENTE CONSTITUÍDO RF PREV FUTURO CRED PRIV CORPORATIVO RESPONSABILIDADE LIMITADA;2025-11-30;Debêntures;Debênture simples;N;Para negociação;;;;;1200.000000;1227683.16;;;PJ;02.600.854/0001-34;TIM BRASIL;2032-07-23;S;DI1;DI de um dia;100.000000;0.736813;;S;N;
CLASSES - FIF;58.242.689/0001-40;SICREDI FIF ESPECIALMENTE CONSTITUÍDO RF PREV FUTURO CRED PRIV CORPORATIVO RESPONSABILIDADE LIMITADA;2025-11-30;Debêntures;Debênture simples;N;Para negociação;;;;;500.000000;516045.67;;;PJ;06.047.087/0001-39;REDE DOR SAO LU;2032-08-20;S;DI1;DI de um dia;100.000000;0.999999;;S;N;
CLASSES - FIF;58.242.689/0001-40;SICREDI FIF ESPECIALMENTE CONSTITUÍDO RF PREV FUTURO CRED PRIV CORPORATIVO RESPONSABILIDADE LIMITADA;2025-11-30;Debêntures;Debênture simples;N;Para negociação;;;;;2156.000000;2204798.48;;;PJ;04.895.728/0001-80;EQUATORIAL S.A.;2032-09-15;S;DI1;DI de um dia;100.000000;0.680971;;S;N;
CLASSES - FIF;58.242.689/0001-40;SICREDI FIF ESPECIALMENTE CONSTITUÍDO RF PREV FUTURO CRED PRIV CORPORATIVO RESPONSABILIDADE LIMITADA;2025-11-30;Debêntures;Debênture simples;N;Para negociação;;;;;465.000000;467417.39;;;PJ;43.776.517/0001-80;SABESP;2032-11-14;S;DI1;DI de um dia;100.000000;0.689792;;S;N;
CLASSES - FIF;58.264.015/0001-47;IITAÚ BB DEBÊNTURES INCENTIVADAS CDI FIF INCENTIVADO EM INFRA RF CRÉD PRIV RESP LIMITADA;2025-11-30;Debêntures;Debênture simples;N;Para negociação;;;;;590.000000;579615.22;;;PJ;42.276.907/0001-28;VLI MULTIMODAL S.A.;2035-10-15;S;IAP;Índice de Preços ao Consumidor Amplo (IPCA/IBGE);100.000000;6.672900;;S;N;
CLASSES - FIF;58.264.015/0001-47;IITAÚ BB DEBÊNTURES INCENTIVADAS CDI FIF INCENTIVADO EM INFRA RF CRÉD PRIV RESP LIMITADA;2025-11-30;Debêntures;Debênture simples;N;Para negociação;;;;;1294.000000;1277741.40;;;PJ;06.981.180/0001-16;CEMIG DISTRIBUICAO S.A.;2037-10-15;S;IAP;Índice de Preços ao Consumidor Amplo (IPCA/IBGE);100.000000;6.787800;;S;N;
CLASSES - FIF;58.264.015/0001-47;IITAÚ BB DEBÊNTURES INCENTIVADAS CDI FIF INCENTIVADO EM INFRA RF CRÉD PRIV RESP LIMITADA;2025-11-30;Debêntures;Debênture simples;N;Para negociação;;;;;267.000000;262480.41;;;PJ;02.476.026/0001-36;ULTRAFERTIL SA;2035-10-15;S;IAP;Índice de Preços ao Consumidor Amplo (IPCA/IBGE);100.000000;6.672900;;S;N;
CLASSES - FIF;58.277.022/0001-83;ITAÚ DEBÊNTURES INCENTIVADAS IMA B 5 MIX FIF INCENTIVADO EM INFRA RF CRÉD PRIV RESP LIMITADA;2025-11-30;Debêntures;Debênture simples;N;Para negociação;;;;;137.000000;134588.62;;;PJ;42.276.907/0001-28;VLI MULTIMODAL S.A.;2035-10-15;S;IAP;Índice de Preços ao Consumidor Amplo (IPCA/IBGE);100.000000;6.672900;;S;N;
CLASSES - FIF;58.277.022/0001-83;ITAÚ DEBÊNTURES INCENTIVADAS IMA B 5 MIX FIF INCENTIVADO EM INFRA RF CRÉD PRIV RESP LIMITADA;2025-11-30;Debêntures;Debênture simples;N;Para negociação;;;;;404.000000;398923.90;;;PJ;06.981.180/0001-16;CEMIG DISTRIBUICAO S.A.;2037-10-15;S;IAP;Índice de Preços ao Consumidor Amplo (IPCA/IBGE);100.000000;6.787800;;S;N;
CLASSES - FIF;58.277.022/0001-83;ITAÚ DEBÊNTURES INCENTIVADAS IMA B 5 MIX FIF INCENTIVADO EM INFRA RF CRÉD PRIV RESP LIMITADA;2025-11-30;Debêntures;Debênture simples;N;Para negociação;;;;;46.000000;45221.34;;;PJ;02.476.026/0001-36;ULTRAFERTIL SA;2035-10-15;S;IAP;Índice de Preços ao Consumidor Amplo (IPCA/IBGE);100.000000;6.672900;;S;N;
CLASSES - FIF;58.280.010/0001-08;BTG PACTUAL DEB INCENTIVADAS BB FUNDO INCEN DE INVEST FINA EM INFRA RENDA FIXA CP RESP LIMITADA;2025-11-30;Debêntures;Debênture simples;N;Para negociação;;;;;1900.000000;1882202.12;;;PJ;06.981.180/0001-16;CEMIG DISTRIBUICAO S.A;2037-10-15;S;IAP;Índice de Preços ao Consumidor Amplo (IPCA/IBGE);100.000000;6.941443;;S;N;
CLASSES - FIF;58.280.010/0001-08;BTG PACTUAL DEB INCENTIVADAS BB FUNDO INCEN DE INVEST FINA EM INFRA RENDA FIXA CP RESP LIMITADA;2025-11-30;Debêntures;Debênture simples;N;Para negociação;;;;;865.000000;849774.85;;;PJ;42.276.907/0001-28;VLI MULTIMODAL S.A.;2035-10-15;S;IAP;Índice de Preços ao Consumidor Amplo (IPCA/IBGE);100.000000;7.030100;;S;N;
CLASSES - FIF;58.287.952/0001-18;ITAÚ GCA DEBÊNTURES INCENTIVADAS IMAB FIF INCENTIVADO EM INFRA RF CRÉD PRIV LP RESP LIMITADA;2025-11-30;Debêntures;Debênture simples;N;Para negociação;;;;;440.000000;432255.42;;;PJ;42.276.907/0001-28;VLI MULTIMODAL S.A.;2035-10-15;S;IAP;Índice de Preços ao Consumidor Amplo (IPCA/IBGE);100.000000;6.672900;;S;N;
CLASSES - FIF;58.287.952/0001-18;ITAÚ GCA DEBÊNTURES INCENTIVADAS IMAB FIF INCENTIVADO EM INFRA RF CRÉD PRIV LP RESP LIMITADA;2025-11-30;Debêntures;Debênture simples;N;Para negociação;;;;;175.000000;172037.72;;;PJ;02.476.026/0001-36;ULTRAFERTIL SA;2035-10-15;S;IAP;Índice de Preços ao Consumidor Amplo (IPCA/IBGE);100.000000;6.672900;;S;N;
CLASSES - FIF;58.287.952/0001-18;ITAÚ GCA DEBÊNTURES INCENTIVADAS IMAB FIF INCENTIVADO EM INFRA RF CRÉD PRIV LP RESP LIMITADA;2025-11-30;Debêntures;Debênture simples;N;Para negociação;;;;;945.000000;933126.45;;;PJ;06.981.180/0001-16;CEMIG DISTRIBUICAO S.A.;2037-10-15;S;IAP;Índice de Preços ao Consumidor Amplo (IPCA/IBGE);100.000000;6.787800;;S;N;
CLASSES - FIF;58.290.551/0001-17;G5 HERCULES FIF RF INCENTIVADO DE INVESTIMENTO EM INFRA - RESP LIMITADA;2025-11-30;Debêntures;Debênture simples;N;Para negociação;;;;;550.000000;192173.36;;;PJ;02.773.542/0001-22;Opea Securitiza;2025-12-03;S;DI1;DI de um dia;100.000000;5.849984;;S;N;
CLASSES - FIF;58.307.597/0001-00;BRP DIADEMA IV FIF - CLASSE DE INVESTIMENTO RF INCENTIVADO DE INVESTIMENTO EM INFRA - RESP LIMITADA;2025-11-30;Debêntures;Debênture simples;N;Para negociação;;;;;720.000000;847423.91;;;PJ;20.223.016/0001-70;BELO MONTE TRAN;2031-12-15;S;IAP;Índice de Preços ao Consumidor Amplo (IPCA/IBGE);100.000000;7.537728;;S;N;
CLASSES - FIF;58.340.147/0001-00;BB JÚ INFRA RENDA FIXA FUNDO INCENTIVADO DE INVESTIMENTO FINANCEIRO EM INFRAESTRUTURA RESP LIMITADA;2025-11-30;Debêntures;Debênture simples;N;Mantido até o vencimento;;;;;5080.000000;5011403.77;;;PJ;42.276.907/0001-28;VLI MULTIMODAL S.A;2035-10-15;S;IAP;Índice de Preços ao Consumidor Amplo (IPCA/IBGE);100.000000;6.672900;;S;N;
CLASSES - FIF;58.341.091/0001-09;BB TOP RENDA FIXA DEBÊNTURES INCENTIVADAS CDI II FIF EM INFRAESTRUTURA RESPONSABILIDADE LIMITADA;2025-11-30;Debêntures;Debênture simples;N;Para negociação;;;;;13000.000000;12936709.79;;;PJ;92.791.243/0001-03;IRANI PAPEL E EMBALAGEM SA;2040-10-15;S;IAP;Índice de Preços ao Consumidor Amplo (IPCA/IBGE);100.000000;6.652200;;S;N;
CLASSES - FIF;58.377.889/0001-00;G5 ARB FIF - CLASSE DE INVESTIMENTO MULTIMERCADO CRÉDITO PRIVADO RESP LIMITADA;2025-11-30;Títulos de Crédito Privado;Nota Promissória/ Commercial Paper/ Export Note;N;Para negociação;;;;;5914786.000000;5902579.20;;;PJ;20.911.952/0001-74;NIZO PARTICIPAC;2030-10-30;S;IAP;Índice de Preços ao Consumidor Amplo (IPCA/IBGE);100.000000;8.007588;;S;N;
CLASSES - FIF;58.378.060/0001-22;BRAM DEB INCENTIVADAS CDI 2412 FIF - CI RF INCENTIVADO DE INVESTIMENTO EM INFRA LP - RESP LIMITADA;2025-11-30;Títulos de Crédito Privado;Nota Promissória/ Commercial Paper/ Export Note;N;Para negociação;;;;;86.000000;91392.27;;;PJ;15.483.161/0001-50;ALSOL ENERGIAS;2027-06-23;S;DI1;DI de um dia;100.000000;0.569077;;S;N;
CLASSES - FIF;58.378.060/0001-22;BRAM DEB INCENTIVADAS CDI 2412 FIF - CI RF INCENTIVADO DE INVESTIMENTO EM INFRA LP - RESP LIMITADA;2025-11-30;Títulos de Crédito Privado;Nota Promissória/ Commercial Paper/ Export Note;N;Para negociação;;;;;20485.000000;21769426.91;;;PJ;15.483.161/0001-50;ALSOL ENERGIAS;2027-06-23;S;DI1;DI de um dia;100.000000;0.597238;;S;N;
CLASSES - FIF;58.378.060/0001-22;BRAM DEB INCENTIVADAS CDI 2412 FIF - CI RF INCENTIVADO DE INVESTIMENTO EM INFRA LP - RESP LIMITADA;2025-11-30;Títulos ligados ao agronegócio;CRA;N;Para negociação;;;;;15118.000000;16334474.13;;;PJ;10.753.164/0001-43;ECO SECURITIZAD;2032-07-15;N;;;;;15.139999;S;N;
CLASSES - FIF;58.378.060/0001-22;BRAM DEB INCENTIVADAS CDI 2412 FIF - CI RF INCENTIVADO DE INVESTIMENTO EM INFRA LP - RESP LIMITADA;2025-11-30;Títulos ligados ao agronegócio;CRA;N;Para negociação;;;;;7109.000000;7535718.51;;;PJ;08.769.451/0001-08;VIRGO COMPANHIA;2029-11-21;S;IAP;Índice de Preços ao Consumidor Amplo (IPCA/IBGE);100.000000;10.022223;;S;N;
CLASSES - FIF;58.378.060/0001-22;BRAM DEB INCENTIVADAS CDI 2412 FIF - CI RF INCENTIVADO DE INVESTIMENTO EM INFRA LP - RESP LIMITADA;2025-11-30;Títulos ligados ao agronegócio;CRA;N;Para negociação;;;;;3000.000000;1644866.82;;;PJ;10.753.164/0001-43;ECO SECURITIZAD;2027-12-15;S;DI1;DI de um dia;100.000000;1.599116;;S;N;
CLASSES - FIF;58.443.366/0001-15;AUGME BB INFRAESTRUTURA CLASSE DE INVESTIMENTO EM RENDA FIXA - RESP LIMITADA;2025-11-30;Títulos de Crédito Privado;Nota Promissória/ Commercial Paper/ Export Note;N;Para negociação;0.000000;0.00;0.000000;0.00;265.000000;227927.52;;;PJ;23.599.885/0001-92;PLUGIFY TECNOLO;2029-08-15;S;DI1;DI de um dia;100.000000;4.790153;;S;N;
CLASSES - FIF;58.516.289/0001-86;ARX BLANC FI FINANCEIRO RENDA FIXA  INVESTIMENTO EM INFRAESTRUTURA - RESPONSABILIDADE LIMITADA;2025-11-30;Debêntures;Debênture simples;N;Para negociação;;;;;459.000000;453676.39;;;PJ;06.981.180/0001-16;CEMIG DISTRIBUIÇÃO S/A;2037-10-15;S;IAP;Índice de Preços ao Consumidor Amplo (IPCA/IBGE);100.000000;7.169628;;S;N;
CLASSES - FIF;58.528.785/0001-50;REGIUS FUNDO DE INVESTIMENTO EM RENDA FIXA LONGO PRAZO RESPONSABILIDADE LIMITADA;2025-11-30;Debêntures;Debênture simples;N;Para negociação;0.000000;0.00;0.000000;0.00;263.000000;20899.32;;;PJ;17.281.106/0001-03;COPASA;2025-12-16;S;DI1;DI de um dia;100.000000;0.000000;;S;N;
CLASSES - FIF;58.528.785/0001-50;REGIUS FUNDO DE INVESTIMENTO EM RENDA FIXA LONGO PRAZO RESPONSABILIDADE LIMITADA;2025-11-30;Debêntures;Debênture simples;N;Para negociação;0.000000;0.00;0.000000;0.00;104.000000;52397.13;;;PJ;06.981.180/0001-16;CEMIG DISTRIBUI  O S/A;2026-05-15;S;DI1;DI de um dia;100.000000;0.000000;;S;N;
CLASSES - FIF;58.528.785/0001-50;REGIUS FUNDO DE INVESTIMENTO EM RENDA FIXA LONGO PRAZO RESPONSABILIDADE LIMITADA;2025-11-30;Debêntures;Debênture simples;N;Para negociação;0.000000;0.00;0.000000;0.00;24.000000;0.00;;;PJ;43.776.517/0001-80;SABESP;2026-07-15;S;DI1;DI de um dia;100.000000;0.000000;;S;N;
CLASSES - FIF;58.528.785/0001-50;REGIUS FUNDO DE INVESTIMENTO EM RENDA FIXA LONGO PRAZO RESPONSABILIDADE LIMITADA;2025-11-30;Debêntures;Debênture simples;N;Para negociação;0.000000;0.00;0.000000;0.00;90.000000;93005.39;;;PJ;08.807.432/0001-10;YDUQS PART;2027-09-23;S;DI1;DI de um dia;100.000000;0.000000;;S;N;
CLASSES - FIF;58.528.785/0001-50;REGIUS FUNDO DE INVESTIMENTO EM RENDA FIXA LONGO PRAZO RESPONSABILIDADE LIMITADA;2025-11-30;Debêntures;Debênture simples;N;Para negociação;0.000000;0.00;0.000000;0.00;55.000000;59928.04;;;PJ;43.776.517/0001-80;SABESP;2027-12-15;S;DI1;DI de um dia;100.000000;0.000000;;S;N;
CLASSES - FIF;58.528.785/0001-50;REGIUS FUNDO DE INVESTIMENTO EM RENDA FIXA LONGO PRAZO RESPONSABILIDADE LIMITADA;2025-11-30;Debêntures;Debênture simples;N;Para negociação;0.000000;0.00;0.000000;0.00;47.000000;48131.28;;;PJ;76.484.013/0001-45;SANEPAR;2028-04-15;S;DI1;DI de um dia;100.000000;0.000000;;S;N;
CLASSES - FIF;58.528.785/0001-50;REGIUS FUNDO DE INVESTIMENTO EM RENDA FIXA LONGO PRAZO RESPONSABILIDADE LIMITADA;2025-11-30;Debêntures;Debênture simples;N;Para negociação;0.000000;0.00;0.000000;0.00;100.000000;104452.38;;;PJ;00.001.180/0001-26;CENTRAIS ELETRICAS BRASILEIRAS S/A ELETROBRAS;2028-09-15;S;DI1;DI de um dia;100.000000;0.000000;;S;N;
CLASSES - FIF;58.528.785/0001-50;REGIUS FUNDO DE INVESTIMENTO EM RENDA FIXA LONGO PRAZO RESPONSABILIDADE LIMITADA;2025-11-30;Debêntures;Debênture simples;N;Para negociação;0.000000;0.00;0.000000;0.00;31.000000;32007.53;;;PJ;08.827.501/0001-58;AEGEA SANEAMENTO E PARTICIPA  ES S/A;2028-10-04;S;DI1;DI de um dia;100.000000;0.000000;;S;N;
CLASSES - FIF;58.528.785/0001-50;REGIUS FUNDO DE INVESTIMENTO EM RENDA FIXA LONGO PRAZO RESPONSABILIDADE LIMITADA;2025-11-30;Debêntures;Debênture simples;N;Para negociação;0.000000;0.00;0.000000;0.00;54.000000;55552.10;;;PJ;07.816.890/0001-53;MULTIPLAN EMPREENDIMENTOS IMOBILI RIOS S/A;2028-10-15;S;DI1;DI de um dia;100.000000;0.000000;;S;N;
CLASSES - FIF;58.528.785/0001-50;REGIUS FUNDO DE INVESTIMENTO EM RENDA FIXA LONGO PRAZO RESPONSABILIDADE LIMITADA;2025-11-30;Debêntures;Debênture simples;N;Para negociação;0.000000;0.00;0.000000;0.00;13.000000;13213.16;;;PJ;16.670.085/0001-55;LOCALIZA;2028-11-25;S;DI1;DI de um dia;100.000000;0.000000;;S;N;
CLASSES - FIF;58.528.785/0001-50;REGIUS FUNDO DE INVESTIMENTO EM RENDA FIXA LONGO PRAZO RESPONSABILIDADE LIMITADA;2025-11-30;Debêntures;Debênture simples;N;Para negociação;0.000000;0.00;0.000000;0.00;164.000000;172100.94;;;PJ;06.981.180/0001-16;CEMIG DISTRIBUI  O S/A;2029-02-15;S;DI1;DI de um dia;100.000000;0.000000;;S;N;
CLASSES - FIF;58.528.785/0001-50;REGIUS FUNDO DE INVESTIMENTO EM RENDA FIXA LONGO PRAZO RESPONSABILIDADE LIMITADA;2025-11-30;Debêntures;Debênture simples;N;Para negociação;0.000000;0.00;0.000000;0.00;49.000000;53634.43;;;PJ;08.827.501/0001-58;AEGEA SANEAMENTO E PARTICIPA  ES S/A;2029-06-25;S;DI1;DI de um dia;100.000000;0.000000;;S;N;
CLASSES - FIF;58.528.785/0001-50;REGIUS FUNDO DE INVESTIMENTO EM RENDA FIXA LONGO PRAZO RESPONSABILIDADE LIMITADA;2025-11-30;Debêntures;Debênture simples;N;Para negociação;0.000000;0.00;0.000000;0.00;12.000000;12362.39;;;PJ;02.016.440/0001-62;RGE SUL DISTRIBUIDORA DE ENERGIA S/A;2029-09-10;S;DI1;DI de um dia;100.000000;0.000000;;S;N;
CLASSES - FIF;58.528.785/0001-50;REGIUS FUNDO DE INVESTIMENTO EM RENDA FIXA LONGO PRAZO RESPONSABILIDADE LIMITADA;2025-11-30;Debêntures;Debênture simples;N;Para negociação;0.000000;0.00;0.000000;0.00;162.000000;163437.51;;;PJ;82.508.433/0001-17;CASAN;2030-04-15;S;DI1;DI de um dia;100.000000;0.000000;;S;N;
CLASSES - FIF;58.528.785/0001-50;REGIUS FUNDO DE INVESTIMENTO EM RENDA FIXA LONGO PRAZO RESPONSABILIDADE LIMITADA;2025-11-30;Debêntures;Debênture simples;N;Para negociação;0.000000;0.00;0.000000;0.00;217.000000;220967.27;;;PJ;02.558.115/0001-21;TIM PART S/A;2030-07-23;S;DI1;DI de um dia;100.000000;0.000000;;S;N;
CLASSES - FIF;58.528.785/0001-50;REGIUS FUNDO DE INVESTIMENTO EM RENDA FIXA LONGO PRAZO RESPONSABILIDADE LIMITADA;2025-11-30;Debêntures;Debênture simples;N;Para negociação;0.000000;0.00;0.000000;0.00;202.000000;206966.05;;;PJ;16.670.085/0001-55;LOCALIZA;2030-09-18;S;DI1;DI de um dia;100.000000;0.000000;;S;N;
CLASSES - FIF;58.528.785/0001-50;REGIUS FUNDO DE INVESTIMENTO EM RENDA FIXA LONGO PRAZO RESPONSABILIDADE LIMITADA;2025-11-30;Debêntures;Debênture simples;N;Para negociação;0.000000;0.00;156.000000;164626.60;156.000000;165391.17;;;PJ;43.776.517/0001-80;SABESP;2031-02-20;S;DI1;DI de um dia;100.000000;0.000000;;S;N;
CLASSES - FIF;58.528.785/0001-50;REGIUS FUNDO DE INVESTIMENTO EM RENDA FIXA LONGO PRAZO RESPONSABILIDADE LIMITADA;2025-11-30;Debêntures;Debênture simples;N;Para negociação;0.000000;0.00;0.000000;0.00;156.000000;161783.63;;;PJ;08.827.501/0001-58;AEGEA SANEAMENTO E PARTICIPA  ES S/A;2032-08-22;S;DI1;DI de um dia;100.000000;0.000000;;S;N;
CLASSES - FIF;58.528.785/0001-50;REGIUS FUNDO DE INVESTIMENTO EM RENDA FIXA LONGO PRAZO RESPONSABILIDADE LIMITADA;2025-11-30;Debêntures;Debênture simples;N;Para negociação;0.000000;0.00;172.000000;175505.63;172.000000;177458.72;;;PJ;00.864.214/0001-06;ENERGISA;2032-09-15;S;DI1;DI de um dia;100.000000;0.000000;;S;N;
CLASSES - FIF;58.564.711/0001-79;FAMAGAIA SOCIOAMBIENTAL FI FINANCEIRO RENDA FIXA CRÉDITO PRIVADO IS   - RESPONSABILIDADE LIMITADA;2025-11-30;Debêntures;Debênture simples;N;Para negociação;0.000000;0.00;0.000000;0.00;16.000000;169264.59;;;PJ;89.637.490/0001-45;KLABIN S/A;2029-03-19;S;DI1;DI de um dia;114.650000;0.000000;;S;N;
CLASSES - FIF;58.564.711/0001-79;FAMAGAIA SOCIOAMBIENTAL FI FINANCEIRO RENDA FIXA CRÉDITO PRIVADO IS   - RESPONSABILIDADE LIMITADA;2025-11-30;Debêntures;Debênture simples;N;Para negociação;0.000000;0.00;0.000000;0.00;182.000000;189352.66;;;PJ;17.281.106/0001-03;COPASA;2029-12-16;S;DI1;DI de um dia;100.000000;0.000000;;S;N;
CLASSES - FIF;58.564.711/0001-79;FAMAGAIA SOCIOAMBIENTAL FI FINANCEIRO RENDA FIXA CRÉDITO PRIVADO IS   - RESPONSABILIDADE LIMITADA;2025-11-30;Títulos ligados ao agronegócio;CPR;N;Para negociação;0.000000;0.00;0.000000;0.00;1.000000;73418.30;;;PJ;30.549.459/0001-00;UNICAFES;2026-11-23;N;;;;;19.000000;S;N;
CLASSES - FIF;58.564.711/0001-79;FAMAGAIA SOCIOAMBIENTAL FI FINANCEIRO RENDA FIXA CRÉDITO PRIVADO IS   - RESPONSABILIDADE LIMITADA;2025-11-30;Títulos ligados ao agronegócio;CPR;N;Para negociação;0.000000;0.00;0.000000;0.00;1.000000;122996.52;;;PJ;22.162.337/0001-38;INSTITUTO ECOS DE GAIA - EGA;2028-03-27;N;;;;;18.000000;S;N;
CLASSES - FIF;58.569.284/0001-11;GAMA FUNDO DE INVESTIMENTO FINANCEIRO EM INFRAESTRUTURA RENDA FIXA CRÉDITO PRIVADO - RESP. LIMITADA;2025-11-30;Debêntures;Debênture simples;N;Para negociação;;;;;450000.000000;452611854.30;;;PJ;13.537.735/0005-24;DELTA SUCROENERGIA S/A;2034-07-15;N;;;;;15.000000;N;N;
CLASSES - FIF;58.586.883/0001-43;ARX ELBRUS III MASTER FIF RENDA FIXA INVESTIMENTO EM INFRAESTRUTURA RESPONSABILIDADE LIMITADA;2025-11-30;Debêntures;Debênture simples;N;Para negociação;;;;;1053.000000;1040787.01;;;PJ;06.981.180/0001-16;CEMIG DISTRIBUIÇÃO S/A;2037-10-15;S;IAP;Índice de Preços ao Consumidor Amplo (IPCA/IBGE);100.000000;7.169628;;S;N;
CLASSES - FIF;58.651.604/0001-88;SANTANDER PB ZUCCHERO INVESTIMENTO EM INFRAESTRUTURA RENDA FIXA - FIF RESP LIMITADA;2025-11-30;Títulos ligados ao agronegócio;CRA;S;Para negociação;;;;;50.000000;57605.15;;;PJ;02.773.542/0001-22;OPEA SECURIT;2029-07-16;S;IAP;Índice de Preços ao Consumidor Amplo (IPCA/IBGE);100.000000;3.601999;;S;N;
CLASSES - FIF;58.653.978/0001-32;OLPH INFRA FUNDO INCENTIVADO DE INVESTIMENTO FINANCEIRO EM INFRAESTRUTURA RENDA FIXA;2025-11-30;Debêntures;Debênture simples;N;Para negociação;;;;;622.000000;613665.26;;;PJ;07.714.104/0001-07;GIGA MAIS FIBRA TELECOMUNICACOES S.A.;2031-10-15;S;IAP;Índice de Preços ao Consumidor Amplo (IPCA/IBGE);100.000000;10.347900;;S;N;
CLASSES - FIF;58.653.978/0001-32;OLPH INFRA FUNDO INCENTIVADO DE INVESTIMENTO FINANCEIRO EM INFRAESTRUTURA RENDA FIXA;2025-11-30;Debêntures;Debênture simples;N;Para negociação;;;;;430.000000;434082.89;;;PJ;55.085.811/0001-24;EXES SECURITIZADORA S.A.;2031-10-20;S;DI1;DI de um dia;100.000000;1.000000;;S;N;
CLASSES - FIF;58.674.067/0001-91;BTG PACTUAL TOTAL II FUNDO INCENTIVADO DE INVESTIMENTO FINANCEIRO EM  INFRAESTRUTURA RENDA FIXA;2025-11-30;Debêntures;Debênture simples;N;Para negociação;;;;;196.000000;194164.01;;;PJ;06.981.180/0001-16;CEMIG DISTRIBUICAO S.A;2037-10-15;S;IAP;Índice de Preços ao Consumidor Amplo (IPCA/IBGE);100.000000;6.941443;;S;N;
CLASSES - FIF;58.674.067/0001-91;BTG PACTUAL TOTAL II FUNDO INCENTIVADO DE INVESTIMENTO FINANCEIRO EM  INFRAESTRUTURA RENDA FIXA;2025-11-30;Debêntures;Debênture simples;N;Para negociação;;;;;45.000000;44207.94;;;PJ;42.276.907/0001-28;VLI MULTIMODAL S.A.;2035-10-15;S;IAP;Índice de Preços ao Consumidor Amplo (IPCA/IBGE);100.000000;7.030100;;S;N;
CLASSES - FIF;58.703.709/0001-33;ANJO FIF FUNDO INCENTIVADO EM INVESTIMENTO EM DEBÊNTURES DE INFRA RENDA FIXA CRÉD PRIV RESP LIMITADA;2025-11-30;Títulos ligados ao agronegócio;CRA;N;Para negociação;;;;;122.000000;134184.63;;;PJ;25.005.683/0001-09;VERT COMPANHIA SECURITIZADORA;2032-06-15;S;IAP;Índice de Preços ao Consumidor Amplo (IPCA/IBGE);100.000000;6.005300;;S;N;
CLASSES - FIF;58.703.709/0001-33;ANJO FIF FUNDO INCENTIVADO EM INVESTIMENTO EM DEBÊNTURES DE INFRA RENDA FIXA CRÉD PRIV RESP LIMITADA;2025-11-30;Títulos ligados ao agronegócio;CRA;N;Para negociação;;;;;116.000000;129237.50;;;PJ;08.769.451/0001-08;VIRGO COMPANHIA DE SECURITIZAÇÃO;2029-07-16;S;IAP;Índice de Preços ao Consumidor Amplo (IPCA/IBGE);100.000000;7.206300;;S;N;
CLASSES - FIF;58.891.176/0001-60;BRP PRAIA VERMELHA II FIF - CI RF INCENTIVADO DE INVESTIMENTO EM INFRAESTRUTURA - RESP LIMITADA;2025-11-30;Debêntures;Debênture simples;N;Para negociação;;;;;38.000000;44725.15;;;PJ;20.223.016/0001-70;BELO MONTE TRAN;2031-12-15;S;IAP;Índice de Preços ao Consumidor Amplo (IPCA/IBGE);100.000000;8.034313;;S;N;
CLASSES - FIF;59.055.352/0001-97;AUGME VP FUNDO DE INVESTIMENTO FINANCEIRO RENDA FIXA;2025-11-30;Debêntures;Debênture simples;N;Para negociação;;;;;248.000000;240500.73;;;PJ;00.242.184/0001-04;ARMAC LOCACAO LOGISTICA E SERVICOS S.A.;2030-11-05;S;DI1;DI de um dia;100.000000;2.650000;;S;N;
CLASSES - FIF;59.061.584/0001-58;G5 ARTHÉ II FIF MULT CRÉDITO PRIVADO - RESP LIMITADA;2025-11-30;Debêntures;Debênture simples;N;Para negociação;;;;;400.000000;139762.44;;;PJ;02.773.542/0001-22;Opea Securitiza;2025-12-03;S;DI1;DI de um dia;100.000000;6.068022;;S;N;
CLASSES - FIF;59.067.509/0001-02;MAUD CAPITAL DEBÊNTURES FUNDO INCENTIVADO DE INVESTIMENTO FINANCEIRO EM INFRAESTRUTURA RENDA FIXA;2025-11-30;Debêntures;Debênture simples;N;Para negociação;;;;;525.000000;763603.16;;;PJ;33.000.167/0001-01;PETROLEO BRASILEIRO S A PETROBRAS;2026-01-15;S;IAP;Índice de Preços ao Consumidor Amplo (IPCA/IBGE);100.000000;9.108400;;S;N;
CLASSES - FIF;59.081.423/0001-26;ZAFIRA FUNDO DE INVESTIMENTO  FINANCEIRO RENDA FIXA CRÉDITO PRIVADO LONGO PRAZO RESP  LIMITADA;2025-11-30;Títulos de Crédito Privado;Nota Promissória/ Commercial Paper/ Export Note;N;Para negociação;0.000000;0.00;0.000000;0.00;1.000000;9641571.09;;;PJ;45.741.959/0001-16;45741959000116;2025-12-20;S;DI1;DI de um dia;100.000000;0.000000;;S;N;
CLASSES - FIF;59.081.423/0001-26;ZAFIRA FUNDO DE INVESTIMENTO  FINANCEIRO RENDA FIXA CRÉDITO PRIVADO LONGO PRAZO RESP  LIMITADA;2025-11-30;Títulos de Crédito Privado;Nota Promissória/ Commercial Paper/ Export Note;N;Para negociação;0.000000;0.00;0.000000;0.00;1.000000;13796149.33;;;PJ;01.440.906/0001-90;ALFAMA FOODS BRASIL S.A;2026-05-05;S;DI1;DI de um dia;100.000000;0.000000;;S;N;
CLASSES - FIF;59.081.423/0001-26;ZAFIRA FUNDO DE INVESTIMENTO  FINANCEIRO RENDA FIXA CRÉDITO PRIVADO LONGO PRAZO RESP  LIMITADA;2025-11-30;Títulos de Crédito Privado;Nota Promissória/ Commercial Paper/ Export Note;N;Para negociação;0.000000;0.00;0.000000;0.00;1.000000;12503097.72;;;PJ;45.741.959/0001-16;45741959000116;2027-02-15;S;DI1;DI de um dia;100.000000;0.000000;;S;N;
CLASSES - FIF;59.081.423/0001-26;ZAFIRA FUNDO DE INVESTIMENTO  FINANCEIRO RENDA FIXA CRÉDITO PRIVADO LONGO PRAZO RESP  LIMITADA;2025-11-30;Títulos de Crédito Privado;Nota Promissória/ Commercial Paper/ Export Note;N;Para negociação;0.000000;0.00;0.000000;0.00;1.000000;11508207.22;;;PJ;01.440.906/0001-90;ALFAMA FOODS BRASIL S.A;2027-02-25;S;DI1;DI de um dia;100.000000;0.000000;;S;N;
CLASSES - FIF;59.081.423/0001-26;ZAFIRA FUNDO DE INVESTIMENTO  FINANCEIRO RENDA FIXA CRÉDITO PRIVADO LONGO PRAZO RESP  LIMITADA;2025-11-30;Títulos de Crédito Privado;Nota Promissória/ Commercial Paper/ Export Note;N;Para negociação;0.000000;0.00;0.000000;0.00;1.000000;4515597.55;;;PJ;18.011.263/0001-61;18011263000161;2027-02-28;S;DI1;DI de um dia;100.000000;0.000000;;S;N;
CLASSES - FIF;59.081.423/0001-26;ZAFIRA FUNDO DE INVESTIMENTO  FINANCEIRO RENDA FIXA CRÉDITO PRIVADO LONGO PRAZO RESP  LIMITADA;2025-11-30;Títulos de Crédito Privado;Nota Promissória/ Commercial Paper/ Export Note;N;Para negociação;0.000000;0.00;0.000000;0.00;1.000000;12171974.31;;;PJ;14.734.133/0002-87;14734133000287;2027-11-05;S;DI1;DI de um dia;100.000000;0.000000;;S;N;
CLASSES - FIF;59.081.423/0001-26;ZAFIRA FUNDO DE INVESTIMENTO  FINANCEIRO RENDA FIXA CRÉDITO PRIVADO LONGO PRAZO RESP  LIMITADA;2025-11-30;Títulos de Crédito Privado;Nota Promissória/ Commercial Paper/ Export Note;N;Para negociação;0.000000;0.00;0.000000;0.00;1.000000;9864193.04;;;PJ;45.741.959/0001-16;45741959000116;2049-12-31;S;DI1;DI de um dia;100.000000;0.000000;;S;N;
CLASSES - FIF;59.123.735/0001-55;PORTO PAINEIRA CDI FIF FUNDO INCENTIVADO EM INVESTIMENTO EM DEB DE INFRA RF CRÉD PRIV RESP LIMITADA;2025-11-30;Títulos de Crédito Privado;Nota Promissória/ Commercial Paper/ Export Note;N;Para negociação;;;;;280.000000;300760.14;;;PJ;50.746.577/0001-15;COSAN SA INDUSTRIA E COMERCIO;2028-12-27;S;DI1;DI de um dia;100.000000;1.750000;;S;N;
CLASSES - FIF;59.349.920/0001-62;AUGME 90 II CLASSE DE INVESTIMENTO  MULTIMERCADO CRÉDITO PRIVADO - RESP LIMITADA;2025-11-30;Títulos de Crédito Privado;Nota Promissória/ Commercial Paper/ Export Note;N;Para negociação;0.000000;0.00;0.000000;0.00;242793.000000;214731.53;;;PJ;55.512.223/0001-20;SANVICENTEEMPREENDIMENTOSLTDA;2030-12-12;S;IAP;Índice de Preços ao Consumidor Amplo (IPCA/IBGE);100.000000;0.000000;;S;N;
CLASSES - FIF;59.349.920/0001-62;AUGME 90 II CLASSE DE INVESTIMENTO  MULTIMERCADO CRÉDITO PRIVADO - RESP LIMITADA;2025-11-30;Títulos de Crédito Privado;Nota Promissória/ Commercial Paper/ Export Note;N;Para negociação;0.000000;0.00;0.000000;0.00;1546.000000;1309207.90;;;PJ;23.009.600/0001-16;3LLOCACOESESERVICOSS.A;2028-04-29;S;DI1;DI de um dia;100.000000;0.000000;;S;N;
CLASSES - FIF;59.349.920/0001-62;AUGME 90 II CLASSE DE INVESTIMENTO  MULTIMERCADO CRÉDITO PRIVADO - RESP LIMITADA;2025-11-30;Títulos de Crédito Privado;Nota Promissória/ Commercial Paper/ Export Note;N;Para negociação;0.000000;0.00;0.000000;0.00;173.000000;109589.66;;;PJ;35.237.331/0001-24;MOTTULOCACAODEVEICULOSLTDA;2027-02-14;S;DI1;DI de um dia;100.000000;0.000000;;S;N;
CLASSES - FIF;59.412.648/0001-18;SANTANDER PB RICCHEZZA A INVESTIMENTO EM INFRAESTRUTURA RENDA FIXA - FIF RESP LIMITADA;2025-11-30;Títulos de Crédito Privado;Nota Promissória/ Commercial Paper/ Export Note;S;Para negociação;;;;;1767.000000;1869381.04;;;PJ;33.000.167/0001-01;PETROBRAS S/A;2030-02-25;S;DI1;DI de um dia;100.000000;1.231113;;S;N;
CLASSES - FIF;59.445.988/0001-45;JMBE MASTER I FUNDO DE INVESTIMENTO INCENTIVADO DE INVESTIMENTO EM INFRAESTRUTURA RF RESP LIMITADA;2025-11-30;Debêntures;Debênture simples;N;Para negociação;;;;;17198882.000000;15352400.05;;;PJ;04.518.259/0001-80;ELECTRA COMERCIALIZADORA DE ENERGIA S.A.;2030-08-29;S;DI1;DI de um dia;100.000000;5.000000;;S;N;
CLASSES - FIF;59.511.583/0001-68;SANTANDER PB RICCHEZZA C INVESTIMENTO EM INFRAESTRUTURA RENDA FIXA - FIF RESP LIMITADA;2025-11-30;Títulos de Crédito Privado;Nota Promissória/ Commercial Paper/ Export Note;S;Para negociação;;;;;1632.000000;1726559.06;;;PJ;33.000.167/0001-01;PETROBRAS S/A;2030-02-25;S;DI1;DI de um dia;100.000000;1.206780;;S;N;
CLASSES - FIF;59.511.685/0001-83;SANTANDER PB RICCHEZZA S INVESTIMENTO EM INFRAESTRUTURA RENDA FIXA - FIF RESP LIMITADA;2025-11-30;Títulos de Crédito Privado;Nota Promissória/ Commercial Paper/ Export Note;S;Para negociação;;;;;950.000000;1005043.57;;;PJ;33.000.167/0001-01;PETROBRAS S/A;2030-02-25;S;DI1;DI de um dia;100.000000;1.649999;;S;N;
CLASSES - FIF;59.591.104/0001-60;ITAÚ DEBÊNTURES INCENTIVADAS PRÉ TARGET 2029 FIF INCENTIVADO INFRA RENDA FIXA CP RESP LIMITADA;2025-11-30;Debêntures;Debênture simples;N;Para negociação;;;;;62.000000;60908.72;;;PJ;42.276.907/0001-28;VLI MULTIMODAL S.A.;2035-10-15;S;IAP;Índice de Preços ao Consumidor Amplo (IPCA/IBGE);100.000000;6.672900;;S;N;
CLASSES - FIF;59.591.104/0001-60;ITAÚ DEBÊNTURES INCENTIVADAS PRÉ TARGET 2029 FIF INCENTIVADO INFRA RENDA FIXA CP RESP LIMITADA;2025-11-30;Debêntures;Debênture simples;N;Para negociação;;;;;1635.000000;1614456.87;;;PJ;06.981.180/0001-16;CEMIG DISTRIBUICAO S.A.;2037-10-15;S;IAP;Índice de Preços ao Consumidor Amplo (IPCA/IBGE);100.000000;6.787800;;S;N;
CLASSES - FIF;59.743.618/0001-94;SANTANDER PB LUSÍADA INVESTIMENTO EM INFRAESTRUTURA RENDA FIXA - FIF RESP LIMITADA;2025-11-30;Títulos ligados ao agronegócio;CRA;S;Para negociação;;;;;120.000000;40013.80;;;PJ;10.753.164/0001-43;ECO SECURITIZAD;2026-05-29;S;DI1;DI de um dia;100.000000;4.500006;;S;N;
CLASSES - FIF;59.814.123/0001-09;BB LCB INFRA RENDA FIXA FUNDO INCENTIVADO DE INVESTIMENTO FINANCEIRO EM INFRAESTRUTURA RESP LIMITADA;2025-11-30;Debêntures;Debênture simples;N;Para negociação;;;;;600.000000;605817.59;;;PJ;55.085.811/0001-24;ÉXES SECURITIZADORA;2031-10-20;S;DI1;DI de um dia;100.000000;1.000000;;S;N;
CLASSES - FIF;59.816.551/0001-70;BB TOP RENDA FIXA DEBÊNTURES INCENTIVADAS CDI IV FIF EM INFRAESTRUTURA RESPONSABILIDADE LIMITADA;2025-11-30;Debêntures;Debênture simples;N;Para negociação;;;;;10000.000000;10039172.53;;;PJ;61.856.571/0001-17;CIA GAS SAO PAULO COMGAS;2028-05-15;S;DI1;DI de um dia;100.000000;0.450000;;S;N;
CLASSES - FIF;59.816.551/0001-70;BB TOP RENDA FIXA DEBÊNTURES INCENTIVADAS CDI IV FIF EM INFRAESTRUTURA RESPONSABILIDADE LIMITADA;2025-11-30;Debêntures;Debênture simples;N;Para negociação;;;;;53000.000000;49355770.67;;;PJ;06.981.180/0001-16;CEMIG DISTRIBUICAO SA;2037-10-15;S;IAP;Índice de Preços ao Consumidor Amplo (IPCA/IBGE);100.000000;6.787800;;S;N;
CLASSES - FIF;59.816.551/0001-70;BB TOP RENDA FIXA DEBÊNTURES INCENTIVADAS CDI IV FIF EM INFRAESTRUTURA RESPONSABILIDADE LIMITADA;2025-11-30;Debêntures;Debênture simples;N;Para negociação;;;;;18759.000000;18940887.10;;;PJ;55.085.811/0001-24;ÉXES SECURITIZADORA;2031-10-20;S;DI1;DI de um dia;100.000000;1.000000;;S;N;
CLASSES - FIF;59.816.551/0001-70;BB TOP RENDA FIXA DEBÊNTURES INCENTIVADAS CDI IV FIF EM INFRAESTRUTURA RESPONSABILIDADE LIMITADA;2025-11-30;Debêntures;Debênture simples;N;Para negociação;;;;;14000.000000;13931841.31;;;PJ;92.791.243/0001-03;IRANI PAPEL E EMBALAGEM SA;2040-10-15;S;IAP;Índice de Preços ao Consumidor Amplo (IPCA/IBGE);100.000000;6.652200;;S;N;
CLASSES - FIF;59.816.551/0001-70;BB TOP RENDA FIXA DEBÊNTURES INCENTIVADAS CDI IV FIF EM INFRAESTRUTURA RESPONSABILIDADE LIMITADA;2025-11-30;Debêntures;Debênture simples;N;Para negociação;;;;;25000.000000;25253899.72;;;PJ;43.776.517/0001-80;COMPANHIA SANEAMENTO BASICO ESTADO SAO PAULO SABESP;2035-11-14;S;DI1;DI de um dia;100.000000;0.900000;;S;N;
CLASSES - FIF;59.816.551/0001-70;BB TOP RENDA FIXA DEBÊNTURES INCENTIVADAS CDI IV FIF EM INFRAESTRUTURA RESPONSABILIDADE LIMITADA;2025-11-30;Debêntures;Debênture simples;N;Para negociação;;;;;25000.000000;24457702.90;;;PJ;42.276.907/0001-28;VLI MULTIMODAL S.A;2037-10-15;S;IAP;Índice de Preços ao Consumidor Amplo (IPCA/IBGE);100.000000;6.705200;;S;N;
CLASSES - FIF;59.817.226/0001-22;BB ESTRELLA INFRA RENDA FIXA FUNDO INCENTIVADO DE INVESTIMENTO FINANCEIRO EM INFRAESTRUTURA RESP LIM;2025-11-30;Debêntures;Debênture simples;N;Para negociação;;;;;188.000000;189822.85;;;PJ;55.085.811/0001-24;ÉXES SECURITIZADORA;2031-10-20;S;DI1;DI de um dia;100.000000;1.000000;;S;N;
CLASSES - FIF;59.817.381/0001-49;BB MDA INFRA RENDA FIXA FUNDO INCENTIVADO DE INVESTIMENTO FINANCEIRO EM INFRAESTRUTURA RESP LIM;2025-11-30;Debêntures;Debênture simples;N;Para negociação;;;;;141.000000;142367.13;;;PJ;55.085.811/0001-24;ÉXES SECURITIZADORA;2031-10-20;S;DI1;DI de um dia;100.000000;1.000000;;S;N;
CLASSES - FIF;59.817.462/0001-49;BB PEPAME INFRA RENDA FIXA FUNDO INCENTIVADO DE INVESTIMENTO FINANCEIRO EM INFRAESTRUTURA RESP LIM;2025-11-30;Debêntures;Debênture simples;N;Para negociação;;;;;113.000000;114095.65;;;PJ;55.085.811/0001-24;ÉXES SECURITIZADORA;2031-10-20;S;DI1;DI de um dia;100.000000;1.000000;;S;N;
CLASSES - FIF;59.817.562/0001-75;BB AVANTI INFRA FUNDO INCENTIVADO DE INVESTIMENTO FINANCEIRO EM INFRAESTRUTURA RENDA FIXA RESP LIM;2025-11-30;Debêntures;Debênture simples;N;Para negociação;;;;;281.000000;283724.57;;;PJ;55.085.811/0001-24;ÉXES SECURITIZADORA;2031-10-20;S;DI1;DI de um dia;100.000000;1.000000;;S;N;
CLASSES - FIF;59.817.983/0001-04;BB AFAM INFRA II RENDA FIXA FUNDO INCENTIVADO DE INVESTIMENTO FINANCEIRO EM INFRAESTRUTURA RESP LIM;2025-11-30;Debêntures;Debênture simples;N;Para negociação;;;;;2000.000000;1956361.08;;;PJ;42.276.907/0001-28;VLI MULTIMODAL S.A;2035-10-15;S;IAP;Índice de Preços ao Consumidor Amplo (IPCA/IBGE);100.000000;6.672900;;S;N;
CLASSES - FIF;59.818.611/0001-94;BB VIVARE INFRA RENDA FIXA FUNDO INCENTIVADO DE INVESTIMENTO FINANCEIRO EM INFRAESTRUTURA RESP LIIM;2025-11-30;Debêntures;Debênture simples;N;Para negociação;;;;;1098.000000;1108646.20;;;PJ;55.085.811/0001-24;ÉXES SECURITIZADORA;2031-10-20;S;DI1;DI de um dia;100.000000;1.000000;;S;N;
CLASSES - FIF;59.818.611/0001-94;BB VIVARE INFRA RENDA FIXA FUNDO INCENTIVADO DE INVESTIMENTO FINANCEIRO EM INFRAESTRUTURA RESP LIIM;2025-11-30;Debêntures;Debênture simples;N;Para negociação;;;;;1700.000000;1662906.92;;;PJ;42.276.907/0001-28;VLI MULTIMODAL S.A;2035-10-15;S;IAP;Índice de Preços ao Consumidor Amplo (IPCA/IBGE);100.000000;6.672900;;S;N;
CLASSES - FIF;59.818.797/0001-81;BB BULHÕES INFRA RENDA FIXA FUNDO INCENTIVADO DE INVESTIMENTO FINANCEIRO EM INFRAESTRUTURA RESP LIM;2025-11-30;Debêntures;Debênture simples;N;Para negociação;;;;;328.000000;331180.29;;;PJ;55.085.811/0001-24;ÉXES SECURITIZADORA;2031-10-20;S;DI1;DI de um dia;100.000000;1.000000;;S;N;
CLASSES - FIF;59.819.194/0001-02;BB MINDUIM INFRA RENDA FIXA FUNDO INCENTIVADO DE INVESTIMENTO FINANCEIRO EM INFRAESTRUTURA RESP LIM;2025-11-30;Debêntures;Debênture simples;N;Para negociação;;;;;188.000000;189822.85;;;PJ;55.085.811/0001-24;ÉXES SECURITIZADORA;2031-10-20;S;DI1;DI de um dia;100.000000;1.000000;;S;N;
CLASSES - FIF;59.819.194/0001-02;BB MINDUIM INFRA RENDA FIXA FUNDO INCENTIVADO DE INVESTIMENTO FINANCEIRO EM INFRAESTRUTURA RESP LIM;2025-11-30;Debêntures;Debênture simples;N;Para negociação;;;;;320.000000;313017.77;;;PJ;42.276.907/0001-28;VLI MULTIMODAL S.A;2035-10-15;S;IAP;Índice de Preços ao Consumidor Amplo (IPCA/IBGE);100.000000;6.672900;;S;N;
CLASSES - FIF;59.907.848/0001-41;BANRISUL +100 FUNDO DE INVESTIMENTO FINANCEIRO RENDA FIXA LONGO PRAZO RESPONSABILIDADE LIMITADA;2025-11-30;Debêntures;Debênture simples;N;Para negociação;;;;;145.000000;149085.54;;;PJ;00.864.214/0001-06;ENERGISA S.A.;2026-10-15;S;DI1;DI de um dia;100.000000;0.503415;;S;N;
CLASSES - FIF;59.907.848/0001-41;BANRISUL +100 FUNDO DE INVESTIMENTO FINANCEIRO RENDA FIXA LONGO PRAZO RESPONSABILIDADE LIMITADA;2025-11-30;Debêntures;Debênture simples;N;Para negociação;;;;;180.000000;196617.44;;;PJ;75.609.123/0001-23;UNIDAS LOCAÇÕES;2029-06-10;S;DI1;DI de um dia;100.000000;2.402599;;S;N;
CLASSES - FIF;59.907.848/0001-41;BANRISUL +100 FUNDO DE INVESTIMENTO FINANCEIRO RENDA FIXA LONGO PRAZO RESPONSABILIDADE LIMITADA;2025-11-30;Debêntures;Debênture simples;N;Para negociação;;;;;50.000000;53014.22;;;PJ;06.057.223/0001-71;SENDAS DISTRIB;2029-06-20;S;DI1;DI de um dia;100.000000;1.258100;;S;N;
CLASSES - FIF;59.907.848/0001-41;BANRISUL +100 FUNDO DE INVESTIMENTO FINANCEIRO RENDA FIXA LONGO PRAZO RESPONSABILIDADE LIMITADA;2025-11-30;Debêntures;Debênture simples;N;Para negociação;;;;;50.000000;50796.64;;;PJ;06.057.223/0001-71;SENDAS DISTRIB;2029-09-25;S;DI1;DI de um dia;100.000000;1.137231;;S;N;
CLASSES - FIF;59.907.848/0001-41;BANRISUL +100 FUNDO DE INVESTIMENTO FINANCEIRO RENDA FIXA LONGO PRAZO RESPONSABILIDADE LIMITADA;2025-11-30;Debêntures;Debênture simples;N;Para negociação;;;;;110.000000;112261.53;;;PJ;89.086.144/0011-98;RANDON SA;2029-11-09;S;DI1;DI de um dia;100.000000;1.150342;;S;N;
CLASSES - FIF;59.907.848/0001-41;BANRISUL +100 FUNDO DE INVESTIMENTO FINANCEIRO RENDA FIXA LONGO PRAZO RESPONSABILIDADE LIMITADA;2025-11-30;Debêntures;Debênture simples;N;Para negociação;;;;;100.000000;101834.98;;;PJ;02.600.854/0001-34;TIM BRASIL PART;2030-07-23;S;DI1;DI de um dia;100.000000;0.551000;;S;N;
CLASSES - FIF;59.911.193/0001-85;SANTANDER PB CAROPINHA INVESTIMENTO EM INFRAESTRUTURA RENDA FIXA - FIF RESP LIMITADA;2025-11-30;Títulos ligados ao agronegócio;CRA;S;Para negociação;;;;;200.000000;230420.62;;;PJ;02.773.542/0001-22;OPEA SECURIT;2029-07-16;S;IAP;Índice de Preços ao Consumidor Amplo (IPCA/IBGE);100.000000;3.601999;;S;N;
CLASSES - FIF;60.260.680/0001-04;RIO BRAVO CRED PRIV ESSENCIAL QUALIFICADO FIF - CLASSE DE INVESTIMENTO RF - RESP LIMITADA;2025-11-30;Debêntures;Debênture simples;N;Para negociação;;;;;800.000000;808124.80;;;PJ;43.776.517/0001-80;SABESP;2035-11-14;S;DI1;DI de um dia;100.000000;0.900000;;S;N;
CLASSES - FIF;60.260.680/0001-04;RIO BRAVO CRED PRIV ESSENCIAL QUALIFICADO FIF - CLASSE DE INVESTIMENTO RF - RESP LIMITADA;2025-11-30;Títulos de Crédito Privado;Nota Promissória/ Commercial Paper/ Export Note;N;Para negociação;;;;;600000.000000;619806.50;;;PJ;52.230.272/0001-81;CGH RIOCLAR SPE;2026-01-10;N;;;;;31.373450;S;N;
CLASSES - FIF;60.291.736/0001-98;BTG LEGATO ST FUNDO DE INVESTIMENTO MULTIMERCADO;2025-11-30;Debêntures;Debênture simples;N;Para negociação;;;;;1200.000000;1201535.66;;;PJ;13.783.221/0004-78;MADERO INDUSTRIA E COMERCIO S.A.;2030-11-25;S;DI1;DI de um dia;100.000000;2.250000;;S;N;
CLASSES - FIF;60.291.736/0001-98;BTG LEGATO ST FUNDO DE INVESTIMENTO MULTIMERCADO;2025-11-30;Títulos ligados ao agronegócio;CRA;N;Para negociação;;;;;407.000000;2218177.05;;;PJ;10.753.164/0001-43;ECO SECURITIZADORA DE DIREITOS CREDITORIOS DO AGRO;2030-11-25;S;DI1;DI de um dia;100.000000;4.100000;;S;N;
CLASSES - FIF;60.421.978/0001-59;RIZA EVI ICATU FIFE PREVIDÊNCIA FUNDO DE INVESTIMENTO FINANCEIRO MULTIMERCADO;2025-11-30;Debêntures;Debênture simples;N;Para negociação;;;;;10.000000;10012.80;;;PJ;37.368.334/0001-22;VERT PRIVATE PLACEMENTS COMPANHIA SECURITIZADORA;2029-10-24;S;DI1;DI de um dia;100.000000;2.250000;;S;N;
CLASSES - FIF;60.421.978/0001-59;RIZA EVI ICATU FIFE PREVIDÊNCIA FUNDO DE INVESTIMENTO FINANCEIRO MULTIMERCADO;2025-11-30;Debêntures;Debênture simples;N;Para negociação;;;;;1.000000;1001.57;;;PJ;37.368.334/0001-22;VERT PRIVATE PLACEMENTS COMPANHIA SECURITIZADORA;2029-10-24;S;DI1;DI de um dia;100.000000;6.000000;;S;N;
CLASSES - FIF;60.450.312/0001-29;ITAÚ DEBÊNTURES INCENTIVADAS PRÉ TARGET 2029 II FIIF EM INFRA RF CRÉD PRIV RESP LIMITADA;2025-11-30;Debêntures;Debênture simples;N;Para negociação;;;;;265.000000;260335.64;;;PJ;42.276.907/0001-28;VLI MULTIMODAL S.A.;2035-10-15;S;IAP;Índice de Preços ao Consumidor Amplo (IPCA/IBGE);100.000000;6.672900;;S;N;
CLASSES - FIF;60.450.312/0001-29;ITAÚ DEBÊNTURES INCENTIVADAS PRÉ TARGET 2029 II FIIF EM INFRA RF CRÉD PRIV RESP LIMITADA;2025-11-30;Debêntures;Debênture simples;N;Para negociação;;;;;1703.000000;1681602.47;;;PJ;06.981.180/0001-16;CEMIG DISTRIBUICAO S.A.;2037-10-15;S;IAP;Índice de Preços ao Consumidor Amplo (IPCA/IBGE);100.000000;6.787800;;S;N;
CLASSES - FIF;60.450.321/0001-10;ITAÚ CONSULT DEBÊNTURES INCENTIVADAS IPCA 2035 FIF INCENTIVADO EM INFRA RF CRÉD PRIV RESP LIMITADA;2025-11-30;Debêntures;Debênture simples;N;Para negociação;;;;;382.000000;377200.32;;;PJ;06.981.180/0001-16;CEMIG DISTRIBUICAO S.A.;2037-10-15;S;IAP;Índice de Preços ao Consumidor Amplo (IPCA/IBGE);100.000000;6.787800;;S;N;
CLASSES - FIF;60.450.321/0001-10;ITAÚ CONSULT DEBÊNTURES INCENTIVADAS IPCA 2035 FIF INCENTIVADO EM INFRA RF CRÉD PRIV RESP LIMITADA;2025-11-30;Debêntures;Debênture simples;N;Para negociação;;;;;163.000000;160130.98;;;PJ;42.276.907/0001-28;VLI MULTIMODAL S.A.;2035-10-15;S;IAP;Índice de Preços ao Consumidor Amplo (IPCA/IBGE);100.000000;6.672900;;S;N;
CLASSES - FIF;60.450.321/0001-10;ITAÚ CONSULT DEBÊNTURES INCENTIVADAS IPCA 2035 FIF INCENTIVADO EM INFRA RF CRÉD PRIV RESP LIMITADA;2025-11-30;Debêntures;Debênture simples;N;Para negociação;;;;;61.000000;59967.43;;;PJ;02.476.026/0001-36;ULTRAFERTIL SA;2035-10-15;S;IAP;Índice de Preços ao Consumidor Amplo (IPCA/IBGE);100.000000;6.672900;;S;N;
CLASSES - FIF;60.477.852/0001-04;ARX IPCA CAIXA FIF EM INFRAESTRUTURA RENDA FIXA CRÉDITO PRIVADO - RESPONSABILIDADE LIMITADA;2025-11-30;Debêntures;Debênture simples;N;Para negociação;;;;;1320.000000;1304690.27;;;PJ;06.981.180/0001-16;CEMIG DISTRIBUIÇÃO S/A;2037-10-15;S;IAP;Índice de Preços ao Consumidor Amplo (IPCA/IBGE);100.000000;7.169628;;S;N;
CLASSES - FIF;60.532.320/0001-14;SANTANDER PB DOIS IRMÃOS INVESTIMENTO EM INFRA RENDA FIXA - FIF RESP LIMITADA;2025-11-30;Títulos ligados ao agronegócio;CRA;S;Para negociação;;;;;250.000000;276847.73;;;PJ;10.753.164/0001-43;ECO SECURITIZAD;2028-09-15;S;IAP;Índice de Preços ao Consumidor Amplo (IPCA/IBGE);100.000000;6.601799;;S;N;
CLASSES - FIF;60.740.534/0001-86;PINOT FIF FUNDO INCENTIVADO EM INVESTIMENTO EM DEB DE INFRA RENDA FIXA CRED PRIV RESP LIMITADA;2025-11-30;Títulos ligados ao agronegócio;CRA;N;Para negociação;;;;;848.000000;756730.54;;;PJ;12.130.744/0001-00;TRUE SECURITIZADORA S.A.;2032-08-15;S;OUT;OUTROS;100.000000;6.588500;;S;N;
CLASSES - FIF;60.775.750/0001-67;G5 ALLOCATION II FUNDO INCENTIVADO DE INVESTIMENTO FINANCEIRO EM INFRAESTRUTURA RENDA FIXA;2025-11-30;Debêntures;Debênture simples;N;Para negociação;;;;;5085.000000;5037367.25;;;PJ;06.981.180/0001-16;CEMIG DISTRIBUICAO S.A;2037-10-15;S;IAP;Índice de Preços ao Consumidor Amplo (IPCA/IBGE);100.000000;6.941443;;S;N;
CLASSES - FIF;60.775.750/0001-67;G5 ALLOCATION II FUNDO INCENTIVADO DE INVESTIMENTO FINANCEIRO EM INFRAESTRUTURA RENDA FIXA;2025-11-30;Debêntures;Debênture simples;N;Para negociação;;;;;1235.000000;1207053.35;;;PJ;07.714.104/0001-07;GIGA MAIS FIBRA TELECOMUNICACOES S.A.;2031-07-15;S;IAP;Índice de Preços ao Consumidor Amplo (IPCA/IBGE);100.000000;10.584400;;S;N;
CLASSES - FIF;60.775.750/0001-67;G5 ALLOCATION II FUNDO INCENTIVADO DE INVESTIMENTO FINANCEIRO EM INFRAESTRUTURA RENDA FIXA;2025-11-30;Debêntures;Debênture simples;N;Para negociação;;;;;145.000000;143057.01;;;PJ;07.714.104/0001-07;GIGA MAIS FIBRA TELECOMUNICACOES S.A.;2031-10-15;S;IAP;Índice de Preços ao Consumidor Amplo (IPCA/IBGE);100.000000;10.347900;;S;N;
CLASSES - FIF;60.775.750/0001-67;G5 ALLOCATION II FUNDO INCENTIVADO DE INVESTIMENTO FINANCEIRO EM INFRAESTRUTURA RENDA FIXA;2025-11-30;Títulos ligados ao agronegócio;CRA;N;Para negociação;;;;;1420.000000;179085.72;;;PJ;10.753.164/0001-43;ECO SECURITIZADORA DE DIREITOS CREDITORIOS DO AGRO;2025-12-15;S;DI1;DI de um dia;100.000000;9.000000;;S;N;
CLASSES - FIF;60.776.254/0001-28;LEGACY CAPITAL CREDIT HORIZON FUNDO INCENTIVADO DE INVEST FINANCEIRO EM INFRAESTRUTURA RENDA FIXA;2025-11-30;Debêntures;Debênture simples;N;Para negociação;;;;;2043.000000;2015624.01;;;PJ;07.714.104/0001-07;GIGA MAIS FIBRA TELECOMUNICACOES S.A.;2031-10-15;S;IAP;Índice de Preços ao Consumidor Amplo (IPCA/IBGE);100.000000;10.347900;;S;N;
CLASSES - FIF;60.776.254/0001-28;LEGACY CAPITAL CREDIT HORIZON FUNDO INCENTIVADO DE INVEST FINANCEIRO EM INFRAESTRUTURA RENDA FIXA;2025-11-30;Títulos ligados ao agronegócio;CRA;N;Para negociação;;;;;1280.000000;6976085.08;;;PJ;10.753.164/0001-43;ECO SECURITIZADORA DE DIREITOS CREDITORIOS DO AGRO;2030-11-25;S;DI1;DI de um dia;100.000000;4.100000;;S;N;
CLASSES - FIF;60.799.183/0001-89;EXES CRÉDITO DIRETO II FUNDO DE INVESTIMENTO FINANCEIRO MULTIMERCADO;2025-11-30;Títulos ligados ao agronegócio;CRA;N;Para negociação;;;;;3032.000000;3500443.68;;;PJ;02.773.542/0001-22;OPEA SECURITIZADORA S.A.;2037-02-18;S;IAP;Índice de Preços ao Consumidor Amplo (IPCA/IBGE);100.000000;11.700000;;S;N;
CLASSES - FIF;60.799.183/0001-89;EXES CRÉDITO DIRETO II FUNDO DE INVESTIMENTO FINANCEIRO MULTIMERCADO;2025-11-30;Títulos ligados ao agronegócio;CRA;N;Para negociação;;;;;16197.000000;17158842.63;;;PJ;55.085.811/0001-24;EXES SECURITIZADORA S.A.;2026-05-20;S;DI1;DI de um dia;100.000000;10.000000;;S;N;
CLASSES - FIF;60.806.210/0001-01;LUCCA FIF FUNDO INCENTIVADO EM INVESTIMENTO EM DEBÊNTURES DE INFRA RF CRÉD PRIV RESP LIMITADA;2025-11-30;Debêntures;Debênture simples;N;Para negociação;;;;;259.000000;255745.77;;;PJ;06.981.180/0001-16;CEMIG DISTRIBUICAO S.A.;2037-10-15;S;IAP;Índice de Preços ao Consumidor Amplo (IPCA/IBGE);100.000000;6.787800;;S;N;
CLASSES - FIF;60.808.027/0001-37;ARX VINSON T MASTER FIF RENDA FIXA CRÉDITO PRIVADO - RESPONSABILIDADE LIMITADA;2025-11-30;Debêntures;Debênture simples;N;Para negociação;;;;;300.000000;302861.16;;;PJ;55.085.811/0001-24;ÉXES SECURITIZADORA S.A.;2031-10-20;S;DI1;DI de um dia;100.000000;1.121225;;S;N;
CLASSES - FIF;60.808.027/0001-37;ARX VINSON T MASTER FIF RENDA FIXA CRÉDITO PRIVADO - RESPONSABILIDADE LIMITADA;2025-11-30;Títulos de Crédito Privado;Nota Promissória/ Commercial Paper/ Export Note;N;Para negociação;;;;;31.000000;32929.75;;;PJ;50.746.577/0001-15;COSAN SA INDUSTRIA E COMERCIO;2031-01-30;S;DI1;DI de um dia;100.000000;1.804343;;S;N;
CLASSES - FIF;60.808.027/0001-37;ARX VINSON T MASTER FIF RENDA FIXA CRÉDITO PRIVADO - RESPONSABILIDADE LIMITADA;2025-11-30;Títulos de Crédito Privado;Nota Promissória/ Commercial Paper/ Export Note;N;Para negociação;;;;;16.000000;17330.80;;;PJ;50.746.577/0001-15;COSAN SA INDUSTRIA E COMERCIO;2028-12-27;S;DI1;DI de um dia;100.000000;1.733457;;S;N;
CLASSES - FIF;60.808.027/0001-37;ARX VINSON T MASTER FIF RENDA FIXA CRÉDITO PRIVADO - RESPONSABILIDADE LIMITADA;2025-11-30;Títulos de Crédito Privado;Nota Promissória/ Commercial Paper/ Export Note;N;Para negociação;;;;;44.000000;47659.70;;;PJ;50.746.577/0001-15;COSAN SA INDUSTRIA E COMERCIO;2028-12-27;S;DI1;DI de um dia;100.000000;1.754087;;S;N;
CLASSES - FIF;60.808.027/0001-37;ARX VINSON T MASTER FIF RENDA FIXA CRÉDITO PRIVADO - RESPONSABILIDADE LIMITADA;2025-11-30;Títulos de Crédito Privado;Nota Promissória/ Commercial Paper/ Export Note;N;Para negociação;;;;;46.000000;49826.06;;;PJ;50.746.577/0001-15;COSAN SA INDUSTRIA E COMERCIO;2028-12-27;S;DI1;DI de um dia;100.000000;1.759581;;S;N;
CLASSES - FIF;60.808.027/0001-37;ARX VINSON T MASTER FIF RENDA FIXA CRÉDITO PRIVADO - RESPONSABILIDADE LIMITADA;2025-11-30;Títulos de Crédito Privado;Nota Promissória/ Commercial Paper/ Export Note;N;Para negociação;;;;;22.000000;23829.85;;;PJ;50.746.577/0001-15;COSAN SA INDUSTRIA E COMERCIO;2028-12-27;S;DI1;DI de um dia;100.000000;1.732747;;S;N;
CLASSES - FIF;60.808.027/0001-37;ARX VINSON T MASTER FIF RENDA FIXA CRÉDITO PRIVADO - RESPONSABILIDADE LIMITADA;2025-11-30;Títulos de Crédito Privado;Nota Promissória/ Commercial Paper/ Export Note;N;Para negociação;;;;;22.000000;23829.85;;;PJ;50.746.577/0001-15;COSAN SA INDUSTRIA E COMERCIO;2028-12-27;S;DI1;DI de um dia;100.000000;1.742867;;S;N;
CLASSES - FIF;60.808.027/0001-37;ARX VINSON T MASTER FIF RENDA FIXA CRÉDITO PRIVADO - RESPONSABILIDADE LIMITADA;2025-11-30;Títulos de Crédito Privado;Nota Promissória/ Commercial Paper/ Export Note;N;Para negociação;;;;;52.000000;56186.59;;;PJ;10.835.932/0001-08;CELPE - CIA ENERGÉTICA DE PERNAMBUC;2028-12-20;S;DI1;DI de um dia;100.000000;1.380184;;S;N;
CLASSES - FIF;60.808.027/0001-37;ARX VINSON T MASTER FIF RENDA FIXA CRÉDITO PRIVADO - RESPONSABILIDADE LIMITADA;2025-11-30;Títulos de Crédito Privado;Nota Promissória/ Commercial Paper/ Export Note;N;Para negociação;;;;;42.000000;45383.05;;;PJ;15.139.629/0001-94;CIA ELETRICIDADE ESTADO BAHIA COELB;2028-12-20;S;DI1;DI de um dia;100.000000;1.333980;;S;N;
CLASSES - FIF;60.808.027/0001-37;ARX VINSON T MASTER FIF RENDA FIXA CRÉDITO PRIVADO - RESPONSABILIDADE LIMITADA;2025-11-30;Títulos de Crédito Privado;Nota Promissória/ Commercial Paper/ Export Note;N;Para negociação;;;;;39.000000;42141.40;;;PJ;15.139.629/0001-94;CIA ELETRICIDADE ESTADO BAHIA COELB;2028-12-20;S;DI1;DI de um dia;100.000000;1.339308;;S;N;
CLASSES - FIF;60.818.669/0001-17;ICATU VANGUARDA CREDIT PLUS VP FUNDO DE INVESTIMENTO FINANCEIRO RENDA FIXA;2025-11-30;Debêntures;Debênture simples;N;Para negociação;;;;;558.000000;558714.08;;;PJ;13.783.221/0004-78;MADERO INDUSTRIA E COMERCIO S.A.;2030-11-25;S;DI1;DI de um dia;100.000000;2.250000;;S;N;
CLASSES - FIF;60.866.948/0001-56;SANTANDER PB LXVIII INVESTIMENTO EM INFR RF - FIF RESP LIMITADA;2025-11-30;Títulos ligados ao agronegócio;CRA;S;Para negociação;;;;;400.000000;460841.24;;;PJ;02.773.542/0001-22;OPEA SECURIT;2029-07-16;S;IAP;Índice de Preços ao Consumidor Amplo (IPCA/IBGE);100.000000;3.601999;;S;N;
CLASSES - FIF;60.917.687/0001-56;ITAÚ GCA DEBÊNTURES INCENTIVADAS IMAB 5 FIF INCENTIVADO INFRA RF CRED PRIV LONGO PRAZO RESP LIMITADA;2025-11-30;Debêntures;Debênture simples;N;Para negociação;;;;;812.000000;801797.54;;;PJ;06.981.180/0001-16;CEMIG DISTRIBUICAO S.A.;2037-10-15;S;IAP;Índice de Preços ao Consumidor Amplo (IPCA/IBGE);100.000000;6.787800;;S;N;
CLASSES - FIF;60.917.687/0001-56;ITAÚ GCA DEBÊNTURES INCENTIVADAS IMAB 5 FIF INCENTIVADO INFRA RF CRED PRIV LONGO PRAZO RESP LIMITADA;2025-11-30;Debêntures;Debênture simples;N;Para negociação;;;;;821.000000;806549.31;;;PJ;42.276.907/0001-28;VLI MULTIMODAL S.A.;2035-10-15;S;IAP;Índice de Preços ao Consumidor Amplo (IPCA/IBGE);100.000000;6.672900;;S;N;
CLASSES - FIF;60.936.335/0001-48;TITANIUM FIF FUNDO INCENTIVADO EM INVESTIMENTO EM DEBÊNTURES DE INFRA RF CRED PRIV RESP LIMITADA;2025-11-30;Debêntures;Debênture simples;N;Para negociação;;;;;218.000000;215260.92;;;PJ;06.981.180/0001-16;CEMIG DISTRIBUICAO S.A.;2037-10-15;S;IAP;Índice de Preços ao Consumidor Amplo (IPCA/IBGE);100.000000;6.787800;;S;N;
CLASSES - FIF;60.936.771/0001-17;OURO DE TOLO FIF FUNDO INCENTIVADO EM INVESTIMENTO EM DEBÊNTURES DE INFRA RF CRED PRIV RESP LIMITADA;2025-11-30;Títulos ligados ao agronegócio;CRA;N;Para negociação;;;;;188.000000;233954.77;;;PJ;12.130.744/0001-00;TRUE SECURITIZADORA S.A.;2027-06-15;S;IAP;Índice de Preços ao Consumidor Amplo (IPCA/IBGE);100.000000;5.400000;;S;N;
CLASSES - FIF;61.140.383/0001-98;BB GCF INFRA RENDA FIXA FUNDO INCENTIVADO DE INVESTIMENTO FINANCEIRO EM INFRAESTRUTURA RESP LIMITADA;2025-11-30;Debêntures;Debênture simples;N;Para negociação;;;;;235.000000;237278.56;;;PJ;55.085.811/0001-24;ÉXES SECURITIZADORA;2031-10-20;S;DI1;DI de um dia;100.000000;1.000000;;S;N;
CLASSES - FIF;61.140.498/0001-82;BB ARTEMIS INFRA RENDA FIXA FUNDO INCENTIVADO DE INVESTIMENTO FINANCEIRO EM INFRAESTRUTURA RESP LIM;2025-11-30;Debêntures;Debênture simples;N;Para negociação;;;;;375.000000;378636.00;;;PJ;55.085.811/0001-24;ÉXES SECURITIZADORA;2031-10-20;S;DI1;DI de um dia;100.000000;1.000000;;S;N;
CLASSES - FIF;61.140.801/0001-47;BB AFRODITE INFRA RENDA FIXA FUNDO INCENTIVADO DE INVESTIMENTO FINANCEIRO EM INFRAESTRUTURA RESP LIM;2025-11-30;Debêntures;Debênture simples;N;Para negociação;;;;;94.000000;94911.42;;;PJ;55.085.811/0001-24;ÉXES SECURITIZADORA;2031-10-20;S;DI1;DI de um dia;100.000000;1.000000;;S;N;
CLASSES - FIF;61.140.970/0001-87;BB CMLM INFRA RENDA FIXA FUNDO INCENTIVADO DE INVESTIMENTO FINANCEIRO EM INFRAESTRUTURA RESP LIM;2025-11-30;Debêntures;Debênture simples;N;Para negociação;;;;;94.000000;94911.42;;;PJ;55.085.811/0001-24;ÉXES SECURITIZADORA;2031-10-20;S;DI1;DI de um dia;100.000000;1.000000;;S;N;
CLASSES - FIF;61.141.163/0001-89;BB ALBERTO INFRA RENDA FIXA FUNDO INCENTIVADO DE INVESTIMENTO FINANCEIRO EM INFRAESTRUTURA RESP LIM;2025-11-30;Debêntures;Debênture simples;N;Para negociação;;;;;188.000000;189822.85;;;PJ;55.085.811/0001-24;ÉXES SECURITIZADORA;2031-10-20;S;DI1;DI de um dia;100.000000;1.000000;;S;N;
CLASSES - FIF;61.141.201/0001-01;BB JUJUBA INFRA RENDA FIXA FUNDO INCENTIVADO DE INVESTIMENTO FINANCEIRO EM INFRAESTRUTURA RESP LIM;2025-11-30;Debêntures;Debênture simples;N;Para negociação;;;;;169.000000;170638.62;;;PJ;55.085.811/0001-24;ÉXES SECURITIZADORA;2031-10-20;S;DI1;DI de um dia;100.000000;1.000000;;S;N;
CLASSES - FIF;61.141.486/0001-72;BB MONTE NEBO INFRA RENDA FIXA FUNDO INCENTIVADO DE INVESTIMENTO FINANCEIRO EM INFRA RESP LIMITADA;2025-11-30;Debêntures;Debênture simples;N;Para negociação;;;;;422.000000;426091.71;;;PJ;55.085.811/0001-24;ÉXES SECURITIZADORA;2031-10-20;S;DI1;DI de um dia;100.000000;1.000000;;S;N;
CLASSES - FIF;61.141.486/0001-72;BB MONTE NEBO INFRA RENDA FIXA FUNDO INCENTIVADO DE INVESTIMENTO FINANCEIRO EM INFRA RESP LIMITADA;2025-11-30;Debêntures;Debênture simples;N;Para negociação;;;;;680.000000;665162.77;;;PJ;42.276.907/0001-28;VLI MULTIMODAL S.A;2035-10-15;S;IAP;Índice de Preços ao Consumidor Amplo (IPCA/IBGE);100.000000;6.672900;;S;N;
CLASSES - FIF;61.141.536/0001-11;BB MASTER RENDA FIXA DEBÊNTURES INCENTIVADAS FIF INVESTIMENTO EM INFRAESTRUTURA RESP LIMITADA;2025-11-30;Debêntures;Debênture simples;N;Para negociação;;;;;27000.000000;26950444.55;;;PJ;92.791.243/0001-03;CELULOSE IRANI;2040-10-15;S;IAP;Índice de Preços ao Consumidor Amplo (IPCA/IBGE);100.000000;10.316583;;S;N;
CLASSES - FIF;61.141.536/0001-11;BB MASTER RENDA FIXA DEBÊNTURES INCENTIVADAS FIF INVESTIMENTO EM INFRAESTRUTURA RESP LIMITADA;2025-11-30;Debêntures;Debênture simples;N;Para negociação;;;;;18759.000000;18937908.30;;;PJ;55.085.811/0001-24;ÉXES SECURITIZADORA S.A.;2031-10-20;S;DI1;DI de um dia;100.000000;1.121225;;S;N;
CLASSES - FIF;61.141.536/0001-11;BB MASTER RENDA FIXA DEBÊNTURES INCENTIVADAS FIF INVESTIMENTO EM INFRAESTRUTURA RESP LIMITADA;2025-11-30;Debêntures;Debênture simples;N;Para negociação;;;;;40000.000000;40406240.44;;;PJ;43.776.517/0001-80;SABESP - CIA SANEAM  EST SÃO PAULO;2035-11-14;S;DI1;DI de um dia;100.000000;1.316142;;S;N;
CLASSES - FIF;61.141.536/0001-11;BB MASTER RENDA FIXA DEBÊNTURES INCENTIVADAS FIF INVESTIMENTO EM INFRAESTRUTURA RESP LIMITADA;2025-11-30;Títulos de Crédito Privado;Nota Promissória/ Commercial Paper/ Export Note;N;Para negociação;;;;;9483.000000;9761613.69;;;PJ;08.304.706/0001-59;CASTERTECH FUNDIÇÃO E TECNOLOGIA LT;2030-03-21;S;DI1;DI de um dia;100.000000;1.327592;;S;N;
CLASSES - FIF;61.290.059/0001-56;XP CORPORATE LIGHT MASTER FIF RENDA FIXA CRÉDITO PRIVADO LONGO PRAZO IS - RESPONSABILIDADE LIMITADA;2025-11-30;Debêntures;Debênture simples;N;Para negociação;;;;;22000.000000;22209818.36;;;PJ;55.085.811/0001-24;ÉXES SECURITIZADORA S.A.;2031-10-20;S;DI1;DI de um dia;100.000000;1.121225;;S;N;
CLASSES - FIF;61.327.132/0001-17;BRADESCO MÁSTER ULTRA II FIF - CLASSE DE INVESTIMENTO MULTIMERCADO CRED PRIV - RESP LIMITADA;2025-11-30;Debêntures;Debênture simples;N;Para negociação;;;;;1000.000000;1005219.57;;;PJ;43.776.517/0001-80;SABESP;2032-11-14;S;DI1;DI de um dia;100.000000;0.644730;;S;N;
CLASSES - FIF;61.327.132/0001-17;BRADESCO MÁSTER ULTRA II FIF - CLASSE DE INVESTIMENTO MULTIMERCADO CRED PRIV - RESP LIMITADA;2025-11-30;Títulos de Crédito Privado;Nota Promissória/ Commercial Paper/ Export Note;N;Para negociação;;;;;1200.000000;1286682.53;;;PJ;10.835.932/0001-08;CIA ENERGÉTICA;2028-12-20;S;DI1;DI de um dia;100.000000;1.223152;;S;N;
CLASSES - FIF;61.327.132/0001-17;BRADESCO MÁSTER ULTRA II FIF - CLASSE DE INVESTIMENTO MULTIMERCADO CRED PRIV - RESP LIMITADA;2025-11-30;Títulos de Crédito Privado;Nota Promissória/ Commercial Paper/ Export Note;N;Para negociação;;;;;88.000000;93064.72;;;PJ;33.000.167/0001-01;PETROLEO BRASIL;2030-02-25;S;DI1;DI de um dia;100.000000;1.301334;;S;N;
CLASSES - FIF;61.327.132/0001-17;BRADESCO MÁSTER ULTRA II FIF - CLASSE DE INVESTIMENTO MULTIMERCADO CRED PRIV - RESP LIMITADA;2025-11-30;Títulos de Crédito Privado;Nota Promissória/ Commercial Paper/ Export Note;N;Para negociação;;;;;284.000000;300345.24;;;PJ;33.000.167/0001-01;PETROLEO BRASIL;2030-02-25;S;DI1;DI de um dia;100.000000;1.303588;;S;N;
CLASSES - FIF;61.327.132/0001-17;BRADESCO MÁSTER ULTRA II FIF - CLASSE DE INVESTIMENTO MULTIMERCADO CRED PRIV - RESP LIMITADA;2025-11-30;Títulos de Crédito Privado;Nota Promissória/ Commercial Paper/ Export Note;N;Para negociação;;;;;46.000000;48647.47;;;PJ;33.000.167/0001-01;PETROLEO BRASIL;2030-02-25;S;DI1;DI de um dia;100.000000;1.304198;;S;N;
CLASSES - FIF;61.327.132/0001-17;BRADESCO MÁSTER ULTRA II FIF - CLASSE DE INVESTIMENTO MULTIMERCADO CRED PRIV - RESP LIMITADA;2025-11-30;Títulos de Crédito Privado;Nota Promissória/ Commercial Paper/ Export Note;N;Para negociação;;;;;55.000000;58165.45;;;PJ;33.000.167/0001-01;PETROLEO BRASIL;2030-02-25;S;DI1;DI de um dia;100.000000;1.320926;;S;N;
CLASSES - FIF;61.327.132/0001-17;BRADESCO MÁSTER ULTRA II FIF - CLASSE DE INVESTIMENTO MULTIMERCADO CRED PRIV - RESP LIMITADA;2025-11-30;Títulos de Crédito Privado;Nota Promissória/ Commercial Paper/ Export Note;N;Para negociação;;;;;355.000000;375431.56;;;PJ;33.000.167/0001-01;PETROLEO BRASIL;2030-02-25;S;DI1;DI de um dia;100.000000;1.304018;;S;N;
CLASSES - FIF;61.327.132/0001-17;BRADESCO MÁSTER ULTRA II FIF - CLASSE DE INVESTIMENTO MULTIMERCADO CRED PRIV - RESP LIMITADA;2025-11-30;Títulos de Crédito Privado;Nota Promissória/ Commercial Paper/ Export Note;N;Para negociação;;;;;198.000000;209395.63;;;PJ;33.000.167/0001-01;PETROLEO BRASIL;2030-02-25;S;DI1;DI de um dia;100.000000;1.303397;;S;N;
CLASSES - FIF;61.327.132/0001-17;BRADESCO MÁSTER ULTRA II FIF - CLASSE DE INVESTIMENTO MULTIMERCADO CRED PRIV - RESP LIMITADA;2025-11-30;Títulos de Crédito Privado;Nota Promissória/ Commercial Paper/ Export Note;N;Para negociação;;;;;165.000000;174496.36;;;PJ;33.000.167/0001-01;PETROLEO BRASIL;2030-02-25;S;DI1;DI de um dia;100.000000;1.299536;;S;N;
CLASSES - FIF;61.327.132/0001-17;BRADESCO MÁSTER ULTRA II FIF - CLASSE DE INVESTIMENTO MULTIMERCADO CRED PRIV - RESP LIMITADA;2025-11-30;Títulos de Crédito Privado;Nota Promissória/ Commercial Paper/ Export Note;N;Para negociação;;;;;51.000000;53935.24;;;PJ;33.000.167/0001-01;PETROLEO BRASIL;2030-02-25;S;DI1;DI de um dia;100.000000;1.301854;;S;N;
CLASSES - FIF;61.327.132/0001-17;BRADESCO MÁSTER ULTRA II FIF - CLASSE DE INVESTIMENTO MULTIMERCADO CRED PRIV - RESP LIMITADA;2025-11-30;Títulos de Crédito Privado;Nota Promissória/ Commercial Paper/ Export Note;N;Para negociação;;;;;40.000000;42302.15;;;PJ;33.000.167/0001-01;PETROLEO BRASIL;2030-02-25;S;DI1;DI de um dia;100.000000;1.301016;;S;N;
CLASSES - FIF;61.327.132/0001-17;BRADESCO MÁSTER ULTRA II FIF - CLASSE DE INVESTIMENTO MULTIMERCADO CRED PRIV - RESP LIMITADA;2025-11-30;Títulos de Crédito Privado;Nota Promissória/ Commercial Paper/ Export Note;N;Para negociação;;;;;126.000000;133251.76;;;PJ;33.000.167/0001-01;PETROLEO BRASIL;2030-02-25;S;DI1;DI de um dia;100.000000;1.299743;;S;N;
CLASSES - FIF;61.327.132/0001-17;BRADESCO MÁSTER ULTRA II FIF - CLASSE DE INVESTIMENTO MULTIMERCADO CRED PRIV - RESP LIMITADA;2025-11-30;Títulos de Crédito Privado;Nota Promissória/ Commercial Paper/ Export Note;N;Para negociação;;;;;8.000000;8460.43;;;PJ;33.000.167/0001-01;PETROLEO BRASIL;2030-02-25;S;DI1;DI de um dia;100.000000;1.321353;;S;N;
CLASSES - FIF;61.327.132/0001-17;BRADESCO MÁSTER ULTRA II FIF - CLASSE DE INVESTIMENTO MULTIMERCADO CRED PRIV - RESP LIMITADA;2025-11-30;Títulos de Crédito Privado;Nota Promissória/ Commercial Paper/ Export Note;N;Para negociação;;;;;89.000000;94122.28;;;PJ;33.000.167/0001-01;PETROLEO BRASIL;2030-02-25;S;DI1;DI de um dia;100.000000;1.300374;;S;N;
CLASSES - FIF;61.327.132/0001-17;BRADESCO MÁSTER ULTRA II FIF - CLASSE DE INVESTIMENTO MULTIMERCADO CRED PRIV - RESP LIMITADA;2025-11-30;Títulos de Crédito Privado;Nota Promissória/ Commercial Paper/ Export Note;N;Para negociação;;;;;64.000000;67683.43;;;PJ;33.000.167/0001-01;PETROLEO BRASIL;2030-02-25;S;DI1;DI de um dia;100.000000;1.302844;;S;N;
CLASSES - FIF;61.327.132/0001-17;BRADESCO MÁSTER ULTRA II FIF - CLASSE DE INVESTIMENTO MULTIMERCADO CRED PRIV - RESP LIMITADA;2025-11-30;Títulos de Crédito Privado;Nota Promissória/ Commercial Paper/ Export Note;N;Para negociação;;;;;126.000000;133251.76;;;PJ;33.000.167/0001-01;PETROLEO BRASIL;2030-02-25;S;DI1;DI de um dia;100.000000;1.438184;;S;N;
CLASSES - FIF;61.327.132/0001-17;BRADESCO MÁSTER ULTRA II FIF - CLASSE DE INVESTIMENTO MULTIMERCADO CRED PRIV - RESP LIMITADA;2025-11-30;Títulos de Crédito Privado;Nota Promissória/ Commercial Paper/ Export Note;N;Para negociação;;;;;13.000000;13748.20;;;PJ;33.000.167/0001-01;PETROLEO BRASIL;2030-02-25;S;DI1;DI de um dia;100.000000;1.321032;;S;N;
CLASSES - FIF;61.327.132/0001-17;BRADESCO MÁSTER ULTRA II FIF - CLASSE DE INVESTIMENTO MULTIMERCADO CRED PRIV - RESP LIMITADA;2025-11-30;Títulos de Crédito Privado;Nota Promissória/ Commercial Paper/ Export Note;N;Para negociação;;;;;31.000000;32784.16;;;PJ;33.000.167/0001-01;PETROLEO BRASIL;2030-02-25;S;DI1;DI de um dia;100.000000;1.303530;;S;N;
CLASSES - FIF;61.327.132/0001-17;BRADESCO MÁSTER ULTRA II FIF - CLASSE DE INVESTIMENTO MULTIMERCADO CRED PRIV - RESP LIMITADA;2025-11-30;Títulos de Crédito Privado;Nota Promissória/ Commercial Paper/ Export Note;N;Para negociação;;;;;62.000000;65568.33;;;PJ;33.000.167/0001-01;PETROLEO BRASIL;2030-02-25;S;DI1;DI de um dia;100.000000;1.303723;;S;N;
CLASSES - FIF;61.327.132/0001-17;BRADESCO MÁSTER ULTRA II FIF - CLASSE DE INVESTIMENTO MULTIMERCADO CRED PRIV - RESP LIMITADA;2025-11-30;Títulos de Crédito Privado;Nota Promissória/ Commercial Paper/ Export Note;N;Para negociação;;;;;48.000000;50762.58;;;PJ;33.000.167/0001-01;PETROLEO BRASIL;2030-02-25;S;DI1;DI de um dia;100.000000;1.320537;;S;N;
CLASSES - FIF;61.327.132/0001-17;BRADESCO MÁSTER ULTRA II FIF - CLASSE DE INVESTIMENTO MULTIMERCADO CRED PRIV - RESP LIMITADA;2025-11-30;Títulos de Crédito Privado;Nota Promissória/ Commercial Paper/ Export Note;N;Para negociação;;;;;22.000000;23266.18;;;PJ;33.000.167/0001-01;PETROLEO BRASIL;2030-02-25;S;DI1;DI de um dia;100.000000;1.320178;;S;N;
CLASSES - FIF;61.327.132/0001-17;BRADESCO MÁSTER ULTRA II FIF - CLASSE DE INVESTIMENTO MULTIMERCADO CRED PRIV - RESP LIMITADA;2025-11-30;Títulos de Crédito Privado;Nota Promissória/ Commercial Paper/ Export Note;N;Para negociação;;;;;119.000000;125848.89;;;PJ;33.000.167/0001-01;PETROLEO BRASIL;2030-02-25;S;DI1;DI de um dia;100.000000;1.302955;;S;N;
CLASSES - FIF;61.327.132/0001-17;BRADESCO MÁSTER ULTRA II FIF - CLASSE DE INVESTIMENTO MULTIMERCADO CRED PRIV - RESP LIMITADA;2025-11-30;Títulos de Crédito Privado;Nota Promissória/ Commercial Paper/ Export Note;N;Para negociação;;;;;265.000000;280251.72;;;PJ;33.000.167/0001-01;PETROLEO BRASIL;2030-02-25;S;DI1;DI de um dia;100.000000;1.303246;;S;N;
CLASSES - FIF;61.327.132/0001-17;BRADESCO MÁSTER ULTRA II FIF - CLASSE DE INVESTIMENTO MULTIMERCADO CRED PRIV - RESP LIMITADA;2025-11-30;Títulos de Crédito Privado;Nota Promissória/ Commercial Paper/ Export Note;N;Para negociação;;;;;209.000000;221028.72;;;PJ;33.000.167/0001-01;PETROLEO BRASIL;2030-02-25;S;DI1;DI de um dia;100.000000;1.300618;;S;N;
CLASSES - FIF;61.327.132/0001-17;BRADESCO MÁSTER ULTRA II FIF - CLASSE DE INVESTIMENTO MULTIMERCADO CRED PRIV - RESP LIMITADA;2025-11-30;Títulos de Crédito Privado;Nota Promissória/ Commercial Paper/ Export Note;N;Para negociação;;;;;81.000000;85661.85;;;PJ;33.000.167/0001-01;PETROLEO BRASIL;2030-02-25;S;DI1;DI de um dia;100.000000;1.303797;;S;N;
CLASSES - FIF;61.327.132/0001-17;BRADESCO MÁSTER ULTRA II FIF - CLASSE DE INVESTIMENTO MULTIMERCADO CRED PRIV - RESP LIMITADA;2025-11-30;Títulos de Crédito Privado;Nota Promissória/ Commercial Paper/ Export Note;N;Para negociação;;;;;11.000000;11633.09;;;PJ;33.000.167/0001-01;PETROLEO BRASIL;2030-02-25;S;DI1;DI de um dia;100.000000;1.322269;;S;N;
CLASSES - FIF;61.327.132/0001-17;BRADESCO MÁSTER ULTRA II FIF - CLASSE DE INVESTIMENTO MULTIMERCADO CRED PRIV - RESP LIMITADA;2025-11-30;Títulos de Crédito Privado;Nota Promissória/ Commercial Paper/ Export Note;N;Para negociação;;;;;223.000000;235834.47;;;PJ;33.000.167/0001-01;PETROLEO BRASIL;2030-02-25;S;DI1;DI de um dia;100.000000;1.299205;;S;N;
CLASSES - FIF;61.327.132/0001-17;BRADESCO MÁSTER ULTRA II FIF - CLASSE DE INVESTIMENTO MULTIMERCADO CRED PRIV - RESP LIMITADA;2025-11-30;Títulos de Crédito Privado;Nota Promissória/ Commercial Paper/ Export Note;N;Para negociação;;;;;52.000000;54992.79;;;PJ;33.000.167/0001-01;PETROLEO BRASIL;2030-02-25;S;DI1;DI de um dia;100.000000;1.300274;;S;N;
CLASSES - FIF;61.327.132/0001-17;BRADESCO MÁSTER ULTRA II FIF - CLASSE DE INVESTIMENTO MULTIMERCADO CRED PRIV - RESP LIMITADA;2025-11-30;Títulos de Crédito Privado;Nota Promissória/ Commercial Paper/ Export Note;N;Para negociação;;;;;67.000000;70856.10;;;PJ;33.000.167/0001-01;PETROLEO BRASIL;2030-02-25;S;DI1;DI de um dia;100.000000;1.321852;;S;N;
CLASSES - FIF;61.327.132/0001-17;BRADESCO MÁSTER ULTRA II FIF - CLASSE DE INVESTIMENTO MULTIMERCADO CRED PRIV - RESP LIMITADA;2025-11-30;Títulos de Crédito Privado;Nota Promissória/ Commercial Paper/ Export Note;N;Para negociação;;;;;4.000000;4281.83;;;PJ;33.000.167/0001-01;PETROLEO BRASIL;2032-08-25;S;DI1;DI de um dia;100.000000;1.512579;;S;N;
CLASSES - FIF;61.347.630/0001-21;PSL 5 FUNDO INCENTIVADO DE INVESTIMENTO FINANCEIRO EM INFRAESTRUTURA RENDA FIXA;2025-11-30;Debêntures;Debênture simples;N;Para negociação;;;;;71.000000;69443.37;;;PJ;07.714.104/0001-07;GIGA MAIS FIBRA TELECOMUNICACOES S.A.;2031-07-15;S;IAP;Índice de Preços ao Consumidor Amplo (IPCA/IBGE);100.000000;10.584400;;S;N;
CLASSES - FIF;61.347.630/0001-21;PSL 5 FUNDO INCENTIVADO DE INVESTIMENTO FINANCEIRO EM INFRAESTRUTURA RENDA FIXA;2025-11-30;Debêntures;Debênture simples;N;Para negociação;;;;;1423.000000;1436511.51;;;PJ;55.085.811/0001-24;EXES SECURITIZADORA S.A.;2031-10-20;S;DI1;DI de um dia;100.000000;1.000000;;S;N;
CLASSES - FIF;61.520.265/0001-05;G5 GRANDE PRAIRIE FUNDO DE INVESTIMENTO FINANCEIRO - CLASSE DE RENDA FIXA INFRA - RESP LIMITADA;2025-11-30;Debêntures;Debênture simples;N;Para negociação;;;;;250.000000;87351.53;;;PJ;02.773.542/0001-22;Opea Securitiza;2025-12-03;S;DI1;DI de um dia;100.000000;5.850094;;S;N;
CLASSES - FIF;61.543.295/0001-37;3AXB FUNDO INCENTIVADO DE INVESTIMENTO FINANCEIRO EM INFRAESTRUTURA RENDA FIXA;2025-11-30;Debêntures;Debênture simples;N;Para negociação;;;;;20.000000;19812.65;;;PJ;06.981.180/0001-16;CEMIG DISTRIBUICAO S.A;2037-10-15;S;IAP;Índice de Preços ao Consumidor Amplo (IPCA/IBGE);100.000000;6.941443;;S;N;
CLASSES - FIF;61.543.507/0001-86;VINLAND 2 FI INCENTIVADO EM DEB DE INFRA ATIVO FIF RF CRED PRIV LP RESPONSABILIDADE LIMITADA;2025-11-30;Debêntures;Debênture simples;N;Para negociação;;;;;2919.000000;2946716.20;;;PJ;55.085.811/0001-24;EXES SECURITIZADORA SA;2031-10-20;S;DI1;DI de um dia;100.000000;1.000000;;S;N;
CLASSES - FIF;61.543.507/0001-86;VINLAND 2 FI INCENTIVADO EM DEB DE INFRA ATIVO FIF RF CRED PRIV LP RESPONSABILIDADE LIMITADA;2025-11-30;Debêntures;Debênture simples;N;Para negociação;;;;;1731.000000;1760495.58;;;PJ;23.438.929/0001-00;ALARES INTERNET PARTICIPACOES S A;2032-10-15;S;IAP;Índice de Preços ao Consumidor Amplo (IPCA/IBGE);100.000000;11.865500;;S;N;
CLASSES - FIF;61.543.507/0001-86;VINLAND 2 FI INCENTIVADO EM DEB DE INFRA ATIVO FIF RF CRED PRIV LP RESPONSABILIDADE LIMITADA;2025-11-30;Debêntures;Debênture simples;N;Para negociação;;;;;3000.000000;3002395.67;;;PJ;36.128.741/0001-08;CONCESSIONARIA DA RODOVIA MS 306 S.A.;2043-05-15;S;IAP;Índice de Preços ao Consumidor Amplo (IPCA/IBGE);100.000000;7.689100;;S;N;
CLASSES - FIF;61.543.507/0001-86;VINLAND 2 FI INCENTIVADO EM DEB DE INFRA ATIVO FIF RF CRED PRIV LP RESPONSABILIDADE LIMITADA;2025-11-30;Títulos de Crédito Privado;Nota Promissória/ Commercial Paper/ Export Note;N;Para negociação;;;;;400.000000;410673.42;;;PJ;28.042.871/0001-97;GESTORA DE INTE;2028-09-26;S;DI1;DI de um dia;100.000000;1.200000;;S;N;
CLASSES - FIF;61.543.507/0001-86;VINLAND 2 FI INCENTIVADO EM DEB DE INFRA ATIVO FIF RF CRED PRIV LP RESPONSABILIDADE LIMITADA;2025-11-30;Títulos ligados ao agronegócio;CRA;N;Para negociação;;;;;41.000000;46920.02;;;PJ;12.130.744/0001-00;TRUE SECURITIZADORA S.A.;2030-06-15;S;IAP;Índice de Preços ao Consumidor Amplo (IPCA/IBGE);100.000000;5.800000;;S;N;
CLASSES - FIF;61.543.507/0001-86;VINLAND 2 FI INCENTIVADO EM DEB DE INFRA ATIVO FIF RF CRED PRIV LP RESPONSABILIDADE LIMITADA;2025-11-30;Títulos ligados ao agronegócio;CRA;N;Para negociação;;;;;4.000000;3986.88;;;PJ;12.130.744/0001-00;TRUE SECURITIZADORA S.A.;2029-07-16;S;OUT;OUTROS;100.000000;0.000000;;S;N;
CLASSES - FIF;61.543.507/0001-86;VINLAND 2 FI INCENTIVADO EM DEB DE INFRA ATIVO FIF RF CRED PRIV LP RESPONSABILIDADE LIMITADA;2025-11-30;Títulos ligados ao agronegócio;CRA;N;Para negociação;;;;;4.000000;4977.76;;;PJ;12.130.744/0001-00;TRUE SECURITIZADORA S.A.;2027-06-15;S;IAP;Índice de Preços ao Consumidor Amplo (IPCA/IBGE);100.000000;5.400000;;S;N;
CLASSES - FIF;61.543.507/0001-86;VINLAND 2 FI INCENTIVADO EM DEB DE INFRA ATIVO FIF RF CRED PRIV LP RESPONSABILIDADE LIMITADA;2025-11-30;Títulos ligados ao agronegócio;CRA;N;Para negociação;;;;;4.000000;5673.20;;;PJ;02.773.542/0001-22;OPEA SECURITIZADORA S.A.;2026-03-16;S;IAP;Índice de Preços ao Consumidor Amplo (IPCA/IBGE);100.000000;4.040000;;S;N;
CLASSES - FIF;61.543.507/0001-86;VINLAND 2 FI INCENTIVADO EM DEB DE INFRA ATIVO FIF RF CRED PRIV LP RESPONSABILIDADE LIMITADA;2025-11-30;Títulos ligados ao agronegócio;CRA;N;Para negociação;;;;;291.000000;335261.88;;;PJ;12.130.744/0001-00;TRUE SECURITIZADORA S.A.;2029-07-16;S;IAP;Índice de Preços ao Consumidor Amplo (IPCA/IBGE);100.000000;3.602000;;S;N;
CLASSES - FIF;61.543.507/0001-86;VINLAND 2 FI INCENTIVADO EM DEB DE INFRA ATIVO FIF RF CRED PRIV LP RESPONSABILIDADE LIMITADA;2025-11-30;Títulos ligados ao agronegócio;CRA;N;Para negociação;;;;;231.000000;206137.69;;;PJ;12.130.744/0001-00;TRUE SECURITIZADORA S.A.;2032-08-15;S;OUT;OUTROS;100.000000;6.588500;;S;N;
CLASSES - FIF;61.584.502/0001-00;BB TOP RENDA FIXA DEBÊNTURES INCENTIVADAS CDI III FIF EM INFRAESTRUTURA RESPONSABILIDADE LIMITADA;2025-11-30;Debêntures;Debênture simples;N;Para negociação;;;;;53000.000000;49355770.67;;;PJ;06.981.180/0001-16;CEMIG DISTRIBUICAO SA;2037-10-15;S;IAP;Índice de Preços ao Consumidor Amplo (IPCA/IBGE);100.000000;6.787800;;S;N;
CLASSES - FIF;61.584.502/0001-00;BB TOP RENDA FIXA DEBÊNTURES INCENTIVADAS CDI III FIF EM INFRAESTRUTURA RESPONSABILIDADE LIMITADA;2025-11-30;Debêntures;Debênture simples;N;Para negociação;;;;;18759.000000;18940887.10;;;PJ;55.085.811/0001-24;ÉXES SECURITIZADORA;2031-10-20;S;DI1;DI de um dia;100.000000;1.000000;;S;N;
CLASSES - FIF;61.584.502/0001-00;BB TOP RENDA FIXA DEBÊNTURES INCENTIVADAS CDI III FIF EM INFRAESTRUTURA RESPONSABILIDADE LIMITADA;2025-11-30;Debêntures;Debênture simples;N;Para negociação;;;;;27000.000000;26868551.09;;;PJ;92.791.243/0001-03;IRANI PAPEL E EMBALAGEM SA;2040-10-15;S;IAP;Índice de Preços ao Consumidor Amplo (IPCA/IBGE);100.000000;6.652200;;S;N;
CLASSES - FIF;61.584.502/0001-00;BB TOP RENDA FIXA DEBÊNTURES INCENTIVADAS CDI III FIF EM INFRAESTRUTURA RESPONSABILIDADE LIMITADA;2025-11-30;Debêntures;Debênture simples;N;Para negociação;;;;;25000.000000;25253899.72;;;PJ;43.776.517/0001-80;COMPANHIA SANEAMENTO BASICO ESTADO SAO PAULO SABESP;2035-11-14;S;DI1;DI de um dia;100.000000;0.900000;;S;N;
CLASSES - FIF;61.584.731/0001-16;BB ATARAXIA INFRA RENDA FIXA FUNDO INCENTIVADO DE INVESTIMENTO FINANCEIRO EM INFRAESTRUTURA RESP LIM;2025-11-30;Debêntures;Debênture simples;N;Para negociação;;;;;319.000000;322093.02;;;PJ;55.085.811/0001-24;ÉXES SECURITIZADORA;2031-10-20;S;DI1;DI de um dia;100.000000;1.000000;;S;N;
CLASSES - FIF;61.584.731/0001-16;BB ATARAXIA INFRA RENDA FIXA FUNDO INCENTIVADO DE INVESTIMENTO FINANCEIRO EM INFRAESTRUTURA RESP LIM;2025-11-30;Debêntures;Debênture simples;N;Para negociação;;;;;550.000000;537999.30;;;PJ;42.276.907/0001-28;VLI MULTIMODAL S.A;2035-10-15;S;IAP;Índice de Preços ao Consumidor Amplo (IPCA/IBGE);100.000000;6.672900;;S;N;
CLASSES - FIF;61.692.294/0001-54;4UM ICM I INFRAESTRUTURA FUNDO INCENTIVADO DE INVESTIMENTO FINANCEIRO EM INFRAESTRUTURA RENDA FIXA;2025-11-30;Debêntures;Debênture simples;N;Para negociação;;;;;370.000000;383698.44;;;PJ;76.483.817/0001-20;CIA PARANAENSE DE ENERGIA;2037-07-15;S;IAP;Índice de Preços ao Consumidor Amplo (IPCA/IBGE);100.000000;6.954300;;S;N;
CLASSES - FIF;61.692.294/0001-54;4UM ICM I INFRAESTRUTURA FUNDO INCENTIVADO DE INVESTIMENTO FINANCEIRO EM INFRAESTRUTURA RENDA FIXA;2025-11-30;Debêntures;Debênture simples;N;Para negociação;;;;;690.000000;704374.43;;;PJ;04.895.728/0001-80;EQUATORIAL PARÁ DISTRIBUIDORA DE ENERGIA S.A.;2037-06-15;S;IAP;Índice de Preços ao Consumidor Amplo (IPCA/IBGE);100.000000;7.060600;;S;N;
CLASSES - FIF;61.692.294/0001-54;4UM ICM I INFRAESTRUTURA FUNDO INCENTIVADO DE INVESTIMENTO FINANCEIRO EM INFRAESTRUTURA RENDA FIXA;2025-11-30;Debêntures;Debênture simples;N;Para negociação;;;;;2700.000000;2806445.26;;;PJ;03.279.285/0001-30;ORIZON MEIO AMBIENTE S.A.;2035-09-15;S;DI1;DI de um dia;100.000000;1.450000;;S;N;
CLASSES - FIF;61.699.824/0001-96;MULTIPLICA LIQUIDEZ FUNDO DE INVESTIMENTO EM RENDA FIXA RESPONSABILIDADE LIMITADA;2025-11-30;Títulos de Crédito Privado;CCB;N;Para negociação;;;;;82.000000;91119.73;;;PJ;62.232.889/0001-90;BANCO DAYCOVAL S/A;2026-03-18;S;DI1;DI de um dia;0.000000;0.000000;;S;N;
CLASSES - FIF;61.725.196/0001-76;CAPITÂNIA PREVIDENCE XP SEG FI FINANCEIRO RENDA FIXA CRÉDITO PRIVADO - RESPONSABILIDADE LIMITADA;2025-11-30;Debêntures;Debênture simples;N;Para negociação;;;;;686.000000;643350.28;;;PJ;26.609.050/0001-64;TRAVESSIA SECURITIZADORA SA;2036-11-19;S;IAP;Índice de Preços ao Consumidor Amplo (IPCA/IBGE);100.000000;8.619738;;S;N;
CLASSES - FIF;61.725.196/0001-76;CAPITÂNIA PREVIDENCE XP SEG FI FINANCEIRO RENDA FIXA CRÉDITO PRIVADO - RESPONSABILIDADE LIMITADA;2025-11-30;Títulos de Crédito Privado;Nota Promissória/ Commercial Paper/ Export Note;N;Para negociação;;;;;81.000000;87384.13;;;PJ;33.000.167/0001-01;PETROLEO BRASILEIRO;2032-08-25;S;DI1;DI de um dia;100.000000;1.612190;;S;N;
CLASSES - FIF;61.725.196/0001-76;CAPITÂNIA PREVIDENCE XP SEG FI FINANCEIRO RENDA FIXA CRÉDITO PRIVADO - RESPONSABILIDADE LIMITADA;2025-11-30;Títulos de Crédito Privado;Nota Promissória/ Commercial Paper/ Export Note;N;Para negociação;;;;;27.000000;29128.04;;;PJ;33.000.167/0001-01;PETROLEO BRASILEIRO;2032-08-25;S;DI1;DI de um dia;100.000000;1.653324;;S;N;
CLASSES - FIF;61.725.196/0001-76;CAPITÂNIA PREVIDENCE XP SEG FI FINANCEIRO RENDA FIXA CRÉDITO PRIVADO - RESPONSABILIDADE LIMITADA;2025-11-30;Títulos de Crédito Privado;Nota Promissória/ Commercial Paper/ Export Note;N;Para negociação;;;;;281.000000;303147.42;;;PJ;33.000.167/0001-01;PETROLEO BRASILEIRO;2032-08-25;S;DI1;DI de um dia;100.000000;1.535162;;S;N;
CLASSES - FIF;61.725.196/0001-76;CAPITÂNIA PREVIDENCE XP SEG FI FINANCEIRO RENDA FIXA CRÉDITO PRIVADO - RESPONSABILIDADE LIMITADA;2025-11-30;Títulos de Crédito Privado;Nota Promissória/ Commercial Paper/ Export Note;N;Para negociação;;;;;191.000000;206053.94;;;PJ;33.000.167/0001-01;PETROLEO BRASILEIRO;2032-08-25;S;DI1;DI de um dia;100.000000;1.552885;;S;N;
CLASSES - FIF;61.725.196/0001-76;CAPITÂNIA PREVIDENCE XP SEG FI FINANCEIRO RENDA FIXA CRÉDITO PRIVADO - RESPONSABILIDADE LIMITADA;2025-11-30;Títulos de Crédito Privado;Nota Promissória/ Commercial Paper/ Export Note;N;Para negociação;;;;;285.000000;307462.68;;;PJ;33.000.167/0001-01;PETROLEO BRASILEIRO;2032-08-25;S;DI1;DI de um dia;100.000000;1.556333;;S;N;
CLASSES - FIF;61.791.374/0001-67;ITAÚ PVT DEBÊNTURES INCENTIVADAS PÓS-FIXADO II FIF INCENTIVADO INFRA RF CRED PRIV LP RESP LIMITADA;2025-11-30;Debêntures;Debênture simples;N;Para negociação;;;;;4076.000000;4024786.66;;;PJ;06.981.180/0001-16;CEMIG DISTRIBUICAO S.A.;2037-10-15;S;IAP;Índice de Preços ao Consumidor Amplo (IPCA/IBGE);100.000000;6.787800;;S;N;
CLASSES - FIF;61.791.374/0001-67;ITAÚ PVT DEBÊNTURES INCENTIVADAS PÓS-FIXADO II FIF INCENTIVADO INFRA RF CRED PRIV LP RESP LIMITADA;2025-11-30;Debêntures;Debênture simples;N;Para negociação;;;;;334.000000;328346.28;;;PJ;02.476.026/0001-36;ULTRAFERTIL SA;2035-10-15;S;IAP;Índice de Preços ao Consumidor Amplo (IPCA/IBGE);100.000000;6.672900;;S;N;
CLASSES - FIF;61.794.722/0001-50;SANTANDER PB JEM II PARTICIPAÇÕES INVESTIMENTO EM INFRA RENDA FIXA - FIF RESP LIMITADA;2025-11-30;Títulos ligados ao agronegócio;CRA;S;Para negociação;;;;;96.000000;106087.39;;;PJ;25.005.683/0001-09;VERT COMPANHIA;2032-07-13;S;IAP;Índice de Preços ao Consumidor Amplo (IPCA/IBGE);100.000000;6.918877;;S;N;
CLASSES - FIF;61.803.239/0001-94;DOMUS VI DEBENTURES INCENTIVADAS FUNDO DE INVESTIMENTO FINANCEIRO EM INFRAESTRUTURA RENDA FIXA;2025-11-30;Debêntures;Debênture simples;N;Para negociação;;;;;624.000000;618154.80;;;PJ;06.981.180/0001-16;CEMIG DISTRIBUICAO S.A;2037-10-15;S;IAP;Índice de Preços ao Consumidor Amplo (IPCA/IBGE);100.000000;6.941443;;S;N;
CLASSES - FIF;61.803.239/0001-94;DOMUS VI DEBENTURES INCENTIVADAS FUNDO DE INVESTIMENTO FINANCEIRO EM INFRAESTRUTURA RENDA FIXA;2025-11-30;Debêntures;Debênture simples;N;Para negociação;;;;;588.000000;593583.11;;;PJ;55.085.811/0001-24;EXES SECURITIZADORA S.A.;2031-10-20;S;DI1;DI de um dia;100.000000;1.000000;;S;N;
CLASSES - FIF;61.835.389/0001-80;ITAÚ PVT DEBÊNTURES INCENTIVADAS IMA-B II FIF INCENTIVADO EM INFRA RF CRED PRIV LP RESP LIMITADA;2025-11-30;Debêntures;Debênture simples;N;Para negociação;;;;;505.000000;496111.33;;;PJ;42.276.907/0001-28;VLI MULTIMODAL S.A.;2035-10-15;S;IAP;Índice de Preços ao Consumidor Amplo (IPCA/IBGE);100.000000;6.672900;;S;N;
CLASSES - FIF;61.835.389/0001-80;ITAÚ PVT DEBÊNTURES INCENTIVADAS IMA-B II FIF INCENTIVADO EM INFRA RF CRED PRIV LP RESP LIMITADA;2025-11-30;Debêntures;Debênture simples;N;Para negociação;;;;;231.000000;227089.79;;;PJ;02.476.026/0001-36;ULTRAFERTIL SA;2035-10-15;S;IAP;Índice de Preços ao Consumidor Amplo (IPCA/IBGE);100.000000;6.672900;;S;N;
CLASSES - FIF;61.835.389/0001-80;ITAÚ PVT DEBÊNTURES INCENTIVADAS IMA-B II FIF INCENTIVADO EM INFRA RF CRED PRIV LP RESP LIMITADA;2025-11-30;Debêntures;Debênture simples;N;Para negociação;;;;;1006.000000;993360.01;;;PJ;06.981.180/0001-16;CEMIG DISTRIBUICAO S.A.;2037-10-15;S;IAP;Índice de Preços ao Consumidor Amplo (IPCA/IBGE);100.000000;6.787800;;S;N;
CLASSES - FIF;61.835.634/0001-59;BB TAMBORETE INFRA RENDA FIXA FUNDO INCENTIVADO DE INVESTIMENTO FINANCEIRO EM INFRA RESP LIMITADA;2025-11-30;Debêntures;Debênture simples;N;Para negociação;;;;;94.000000;94911.42;;;PJ;55.085.811/0001-24;ÉXES SECURITIZADORA;2031-10-20;S;DI1;DI de um dia;100.000000;1.000000;;S;N;
CLASSES - FIF;61.835.843/0001-00;BB LCPC INFRA RENDA FIXA FUNDO INCENTIVADO DE INVESTIMENTO FINANCEIRO EM INFRAESTRUTURA RESP LIM;2025-11-30;Debêntures;Debênture simples;N;Para negociação;;;;;328.000000;331180.29;;;PJ;55.085.811/0001-24;ÉXES SECURITIZADORA;2031-10-20;S;DI1;DI de um dia;100.000000;1.000000;;S;N;
CLASSES - FIF;61.835.843/0001-00;BB LCPC INFRA RENDA FIXA FUNDO INCENTIVADO DE INVESTIMENTO FINANCEIRO EM INFRAESTRUTURA RESP LIM;2025-11-30;Debêntures;Debênture simples;N;Para negociação;;;;;530.000000;518435.69;;;PJ;42.276.907/0001-28;VLI MULTIMODAL S.A;2035-10-15;S;IAP;Índice de Preços ao Consumidor Amplo (IPCA/IBGE);100.000000;6.672900;;S;N;
CLASSES - FIF;61.836.539/0001-70;BB MBM INFRA RENDA FIXA FUNDO INCENTIVADO DE INVESTIMENTO FINANCEIRO EM INFRAESTRUTURA RESP LIMITADA;2025-11-30;Debêntures;Debênture simples;N;Para negociação;;;;;657.000000;663370.27;;;PJ;55.085.811/0001-24;ÉXES SECURITIZADORA;2031-10-20;S;DI1;DI de um dia;100.000000;1.000000;;S;N;
CLASSES - FIF;61.836.539/0001-70;BB MBM INFRA RENDA FIXA FUNDO INCENTIVADO DE INVESTIMENTO FINANCEIRO EM INFRAESTRUTURA RESP LIMITADA;2025-11-30;Debêntures;Debênture simples;N;Para negociação;;;;;1070.000000;1046653.18;;;PJ;42.276.907/0001-28;VLI MULTIMODAL S.A;2035-10-15;S;IAP;Índice de Preços ao Consumidor Amplo (IPCA/IBGE);100.000000;6.672900;;S;N;
CLASSES - FIF;61.836.753/0001-26;BB NEXUS INFRA RENDA FIXA FUNDO INCENTIVADO DE INVESTIMENTO FINANCEIRO EM INFRAESTRUTURA RESP LIM;2025-11-30;Debêntures;Debênture simples;N;Para negociação;;;;;94.000000;94911.42;;;PJ;55.085.811/0001-24;ÉXES SECURITIZADORA;2031-10-20;S;DI1;DI de um dia;100.000000;1.000000;;S;N;
CLASSES - FIF;61.837.478/0001-65;BB MMF INFRA RENDA FIXA FUNDO INCENTIVADO DE INVESTIMENTO FINANCEIRO EM INFRAESTRUTURA RESP LIM;2025-11-30;Debêntures;Debênture simples;N;Para negociação;;;;;272.000000;274637.31;;;PJ;55.085.811/0001-24;ÉXES SECURITIZADORA;2031-10-20;S;DI1;DI de um dia;100.000000;1.000000;;S;N;
CLASSES - FIF;61.843.171/0001-77;G5 FLAMINGO FIF - CLASSE DE INVESTIMENTO RF INCENTIVADO DE INVESTIMENTO EM INFRA - RESP LIMITADA;2025-11-30;Debêntures;Debênture simples;N;Para negociação;;;;;450.000000;157232.75;;;PJ;02.773.542/0001-22;Opea Securitiza;2025-12-03;S;DI1;DI de um dia;100.000000;5.849985;;S;N;
CLASSES - FIF;61.845.849/0001-50;LEOFER FUNDO DE INVESTIMENTO EM INFRAESTRUTURA RENDA FIXA;2025-11-30;Títulos ligados ao agronegócio;CRA;N;Para negociação;0.000000;0.00;0.000000;0.00;400.000000;470054.26;;;PJ;03.559.006/0001-91;RIOBRAVOCIASECURITIZAÇÃO;2028-07-15;S;IAP;Índice de Preços ao Consumidor Amplo (IPCA/IBGE);100.000000;0.000000;;S;N;
CLASSES - FIF;61.845.849/0001-50;LEOFER FUNDO DE INVESTIMENTO EM INFRAESTRUTURA RENDA FIXA;2025-11-30;Títulos ligados ao agronegócio;CRA;N;Para negociação;0.000000;0.00;0.000000;0.00;294.000000;306175.03;;;PJ;10.753.164/0001-43;ECOSECURITIZADORADIREITOSCREDITORIOSAGRONEGOCIOSA;2028-09-15;S;DI1;DI de um dia;100.000000;0.000000;;S;N;
CLASSES - FIF;61.845.849/0001-50;LEOFER FUNDO DE INVESTIMENTO EM INFRAESTRUTURA RENDA FIXA;2025-11-30;Títulos ligados ao agronegócio;CRA;N;Para negociação;0.000000;0.00;0.000000;0.00;500.000000;213190.58;;;PJ;08.769.451/0001-08;VIRGOCOMPANHIADESECURITIZAÇÃO;2026-11-16;S;IAP;Índice de Preços ao Consumidor Amplo (IPCA/IBGE);100.000000;0.000000;;S;N;
CLASSES - FIF;61.845.849/0001-50;LEOFER FUNDO DE INVESTIMENTO EM INFRAESTRUTURA RENDA FIXA;2025-11-30;Títulos ligados ao agronegócio;CRA;N;Para negociação;0.000000;0.00;0.000000;0.00;500.000000;622220.32;;;PJ;03.559.006/0001-91;RIOBRAVOCIASECURITIZAÇÃO;2027-06-15;S;IAP;Índice de Preços ao Consumidor Amplo (IPCA/IBGE);100.000000;0.000000;;S;N;
CLASSES - FIF;61.845.849/0001-50;LEOFER FUNDO DE INVESTIMENTO EM INFRAESTRUTURA RENDA FIXA;2025-11-30;Títulos ligados ao agronegócio;CRA;N;Para negociação;0.000000;0.00;0.000000;0.00;234.000000;298853.87;;;PJ;10.753.164/0001-43;ECOSECURITIZADORADIREITOSCREDITORIOSAGRONEGOCIOSA;2027-11-17;S;IAP;Índice de Preços ao Consumidor Amplo (IPCA/IBGE);100.000000;0.000000;;S;N;
CLASSES - FIF;61.854.664/0001-02;ITAÚ DEBÊNTURES INCENTIVADAS IMA-B II FIF INCENTIVADO EM INFRA RF CRÉDITO PRIVADO RESP LIMITADA;2025-11-30;Debêntures;Debênture simples;N;Para negociação;;;;;1187.000000;1172085.81;;;PJ;06.981.180/0001-16;CEMIG DISTRIBUICAO S.A.;2037-10-15;S;IAP;Índice de Preços ao Consumidor Amplo (IPCA/IBGE);100.000000;6.787800;;S;N;
CLASSES - FIF;61.854.664/0001-02;ITAÚ DEBÊNTURES INCENTIVADAS IMA-B II FIF INCENTIVADO EM INFRA RF CRÉDITO PRIVADO RESP LIMITADA;2025-11-30;Debêntures;Debênture simples;N;Para negociação;;;;;320.000000;314367.58;;;PJ;42.276.907/0001-28;VLI MULTIMODAL S.A.;2035-10-15;S;IAP;Índice de Preços ao Consumidor Amplo (IPCA/IBGE);100.000000;6.672900;;S;N;
CLASSES - FIF;61.854.664/0001-02;ITAÚ DEBÊNTURES INCENTIVADAS IMA-B II FIF INCENTIVADO EM INFRA RF CRÉDITO PRIVADO RESP LIMITADA;2025-11-30;Debêntures;Debênture simples;N;Para negociação;;;;;96.000000;94374.98;;;PJ;02.476.026/0001-36;ULTRAFERTIL SA;2035-10-15;S;IAP;Índice de Preços ao Consumidor Amplo (IPCA/IBGE);100.000000;6.672900;;S;N;
CLASSES - FIF;61.941.855/0001-01;CLASSIC PREVIDÊNCIA FUNDO DE INVESTIMENTO FINANCEIRO RESPONSABILIDADE LIMITADA;2025-11-30;Debêntures;Debênture simples;N;Para negociação;;;;;30.000000;29843.86;;;PJ;09.288.252/0001-32;ANIMA HOLDING SA;2029-10-15;S;DI1;DI de um dia;100.000000;1.500000;;S;N;
CLASSES - FIF;61.954.503/0001-90;MASON HIGH YIELD FUNDO DE INVESTIMENTO FINANCEIRO RENDA FIXA;2025-11-30;Debêntures;Debênture simples;N;Para negociação;0.000000;0.00;0.000000;0.00;1725.990087;205199.31;;;PJ;12.648.266/0001-24;AMBIPAR PARTICIPACOES E EMPREENDIMENTOS S/A;2029-04-25;S;DI1;DI de um dia;100.000000;2.750000;;N;N;
CLASSES - FIF;61.954.503/0001-90;MASON HIGH YIELD FUNDO DE INVESTIMENTO FINANCEIRO RENDA FIXA;2025-11-30;Debêntures;Debênture simples;N;Para negociação;0.000000;0.00;0.000000;0.00;1243.066454;239122.79;;;PJ;09.527.023/0001-23;ENVIRONMENTAL ESG PARTICIPAÇÕES S.A.;2029-06-25;S;DI1;DI de um dia;100.000000;2.750000;;S;N;
CLASSES - FIF;62.120.583/0001-41;SANTANDER PB KANDINSKY INVESTIMENTO EM INFRA RENDA FIXA - FIF RESP LIMITADA;2025-11-30;Títulos ligados ao agronegócio;CRA;S;Para negociação;;;;;379.000000;304437.35;;;PJ;02.773.542/0001-22;OPEA SECURIT;2037-08-17;S;IAP;Índice de Preços ao Consumidor Amplo (IPCA/IBGE);100.000000;5.826814;;S;N;
CLASSES - FIF;62.120.583/0001-41;SANTANDER PB KANDINSKY INVESTIMENTO EM INFRA RENDA FIXA - FIF RESP LIMITADA;2025-11-30;Títulos ligados ao agronegócio;CRA;S;Para negociação;;;;;423.000000;449206.09;;;PJ;10.753.164/0001-43;ECO SECURITIZAD;2033-10-17;S;IAP;Índice de Preços ao Consumidor Amplo (IPCA/IBGE);100.000000;6.011452;;S;N;
CLASSES - FIF;62.120.583/0001-41;SANTANDER PB KANDINSKY INVESTIMENTO EM INFRA RENDA FIXA - FIF RESP LIMITADA;2025-11-30;Títulos ligados ao agronegócio;CRA;S;Para negociação;;;;;340.000000;400043.00;;;PJ;25.005.683/0001-09;VERT COMPANHIA;2028-09-15;S;IAP;Índice de Preços ao Consumidor Amplo (IPCA/IBGE);100.000000;4.836823;;S;N;
CLASSES - FIF;62.171.470/0001-75;BRAM DEBÊNTURES INCENTIVADAS 2506 FIF CI RF INCENTIVADO DE INVESTIMENTO EM INFRA LP - RESP LIMITADA;2025-11-30;Debêntures;Debênture simples;N;Para negociação;;;;;25301.000000;25254530.77;;;PJ;08.336.783/0001-90;CELESC DISTRIBU;2027-02-28;S;DI1;DI de um dia;100.000000;0.450000;;S;N;
CLASSES - FIF;62.171.470/0001-75;BRAM DEBÊNTURES INCENTIVADAS 2506 FIF CI RF INCENTIVADO DE INVESTIMENTO EM INFRA LP - RESP LIMITADA;2025-11-30;Debêntures;Debênture simples;N;Para negociação;;;;;25000.000000;25240426.18;;;PJ;55.085.811/0001-24;EXES SECURITIZA;2031-10-20;S;DI1;DI de um dia;100.000000;0.999999;;S;N;
CLASSES - FIF;62.209.138/0001-52;BRAM WAREHOUSE FIF - CLASSE DE INVESTIMENTO RENDA FIXA - RESP LIMITADA;2025-11-30;Títulos ligados ao agronegócio;CRA;N;Para negociação;;;;;4000.000000;4025416.33;;;PJ;02.773.542/0001-22;Opea Securitiza;2030-09-16;S;OUT;OUTROS;100.000000;4.500000;;S;N;
CLASSES - FIF;62.214.641/0001-04;CRISTAL FIF - CLASSE DE INVESTIMENTO RENDA FIXA INCENTIVADO DE INVESTIMENTO EM INFRAESTRUTURA;2025-11-30;Títulos ligados ao agronegócio;CRA;N;Para negociação;;;;;300.000000;392139.90;;;PJ;25.005.683/0001-09;VERTE SECURIZAD;2029-06-15;S;IAP;Índice de Preços ao Consumidor Amplo (IPCA/IBGE);100.000000;7.463347;;S;N;
CLASSES - FIF;62.232.489/0001-84;TIVIO INSTITUCIONAL MASTER FIF - CI RF CRÉDITO PRIVADO LONGO PRAZO - RESPONSABILIDADE LIMITADA;2025-11-30;Debêntures;Debênture simples;N;Para negociação;;;;;1460.000000;1474040.89;;;PJ;55.085.811/0001-24;EXES SECURITIZA;2031-10-20;S;DI1;DI de um dia;100.000000;0.999999;;S;N;
CLASSES - FIF;62.232.489/0001-84;TIVIO INSTITUCIONAL MASTER FIF - CI RF CRÉDITO PRIVADO LONGO PRAZO - RESPONSABILIDADE LIMITADA;2025-11-30;Debêntures;Debênture simples;N;Para negociação;;;;;377.000000;380625.63;;;PJ;55.085.811/0001-24;EXES SECURITIZA;2031-10-20;S;DI1;DI de um dia;100.000000;0.997048;;S;N;
CLASSES - FIF;62.232.489/0001-84;TIVIO INSTITUCIONAL MASTER FIF - CI RF CRÉDITO PRIVADO LONGO PRAZO - RESPONSABILIDADE LIMITADA;2025-11-30;Debêntures;Debênture simples;N;Para negociação;;;;;99.000000;99516.74;;;PJ;43.776.517/0001-80;SABESP;2032-11-14;S;DI1;DI de um dia;100.000000;0.683150;;S;N;
CLASSES - FIF;62.232.489/0001-84;TIVIO INSTITUCIONAL MASTER FIF - CI RF CRÉDITO PRIVADO LONGO PRAZO - RESPONSABILIDADE LIMITADA;2025-11-30;Debêntures;Debênture simples;N;Para negociação;;;;;29.000000;29151.37;;;PJ;43.776.517/0001-80;SABESP;2032-11-14;S;DI1;DI de um dia;100.000000;0.699484;;S;N;
CLASSES - FIF;62.232.489/0001-84;TIVIO INSTITUCIONAL MASTER FIF - CI RF CRÉDITO PRIVADO LONGO PRAZO - RESPONSABILIDADE LIMITADA;2025-11-30;Títulos de Crédito Privado;Nota Promissória/ Commercial Paper/ Export Note;N;Para negociação;;;;;1569.000000;1672950.88;;;PJ;29.198.324/0001-68;ABC BRASIL COME;2026-12-20;S;DI1;DI de um dia;100.000000;0.749999;;S;N;
CLASSES - FIF;62.232.489/0001-84;TIVIO INSTITUCIONAL MASTER FIF - CI RF CRÉDITO PRIVADO LONGO PRAZO - RESPONSABILIDADE LIMITADA;2025-11-30;Títulos de Crédito Privado;Nota Promissória/ Commercial Paper/ Export Note;N;Para negociação;;;;;1075.000000;1150741.59;;;PJ;33.000.167/0001-01;PETROLEO BRASIL;2032-08-25;S;DI1;DI de um dia;100.000000;1.521698;;S;N;
CLASSES - FIF;62.232.489/0001-84;TIVIO INSTITUCIONAL MASTER FIF - CI RF CRÉDITO PRIVADO LONGO PRAZO - RESPONSABILIDADE LIMITADA;2025-11-30;Títulos ligados ao agronegócio;CRA;N;Para negociação;;;;;185.000000;195635.84;;;PJ;02.773.542/0001-22;Opea Securitiza;2028-05-30;S;OUT;OUTROS;100.000000;4.548935;;S;N;
CLASSES - FIF;62.283.336/0001-66;ITAÚ DEB INCENTIVADAS PRÉ TARGET 2030 SHIFT FIIF EM INFRA RF CRÉD PRIV RESP LIMITADA;2025-11-30;Debêntures;Debênture simples;N;Para negociação;;;;;1348.000000;1331062.91;;;PJ;06.981.180/0001-16;CEMIG DISTRIBUICAO S.A.;2037-10-15;S;IAP;Índice de Preços ao Consumidor Amplo (IPCA/IBGE);100.000000;6.787800;;S;N;
CLASSES - FIF;62.283.336/0001-66;ITAÚ DEB INCENTIVADAS PRÉ TARGET 2030 SHIFT FIIF EM INFRA RF CRÉD PRIV RESP LIMITADA;2025-11-30;Debêntures;Debênture simples;N;Para negociação;;;;;1079.000000;1060008.16;;;PJ;42.276.907/0001-28;VLI MULTIMODAL S.A.;2035-10-15;S;IAP;Índice de Preços ao Consumidor Amplo (IPCA/IBGE);100.000000;6.672900;;S;N;
CLASSES - FIF;62.300.839/0001-00;BRASILPREV RIZA LOTUS PREVIDÊNCIA FUNDO DE INVESTIMENTO FINANCEIRO RENDA FIXA;2025-11-30;Debêntures;Debênture simples;N;Para negociação;;;;;2700.000000;2703455.19;;;PJ;37.368.334/0001-22;VERT PRIVATE PLACEMENTS COMPANHIA SECURITIZADORA;2029-10-24;S;DI1;DI de um dia;100.000000;2.250000;;S;N;
CLASSES - FIF;62.300.839/0001-00;BRASILPREV RIZA LOTUS PREVIDÊNCIA FUNDO DE INVESTIMENTO FINANCEIRO RENDA FIXA;2025-11-30;Debêntures;Debênture simples;N;Para negociação;;;;;360.000000;360563.75;;;PJ;37.368.334/0001-22;VERT PRIVATE PLACEMENTS COMPANHIA SECURITIZADORA;2029-10-24;S;DI1;DI de um dia;100.000000;6.000000;;S;N;
CLASSES - FIF;62.300.839/0001-00;BRASILPREV RIZA LOTUS PREVIDÊNCIA FUNDO DE INVESTIMENTO FINANCEIRO RENDA FIXA;2025-11-30;Debêntures;Debênture simples;N;Para negociação;;;;;594.000000;599427.96;;;PJ;50.746.577/0001-15;COSAN S.A.;2028-05-05;S;DI1;DI de um dia;100.000000;1.524900;;S;N;
CLASSES - FIF;62.300.839/0001-00;BRASILPREV RIZA LOTUS PREVIDÊNCIA FUNDO DE INVESTIMENTO FINANCEIRO RENDA FIXA;2025-11-30;Títulos ligados ao agronegócio;CRA;N;Para negociação;;;;;2983.000000;2990755.64;;;PJ;08.769.451/0001-08;VIRGO COMPANHIA DE SECURITIZACAO;2032-09-22;S;DI1;DI de um dia;100.000000;2.500000;;S;N;
CLASSES - FIF;62.300.839/0001-00;BRASILPREV RIZA LOTUS PREVIDÊNCIA FUNDO DE INVESTIMENTO FINANCEIRO RENDA FIXA;2025-11-30;Títulos ligados ao agronegócio;CRA;N;Para negociação;;;;;1974.000000;1979132.29;;;PJ;08.769.451/0001-08;VIRGO COMPANHIA DE SECURITIZACAO;2033-09-22;S;DI1;DI de um dia;100.000000;2.500000;;S;N;
CLASSES - FIF;62.333.997/0001-59;TIVIO ALT LIGHT XP SEG MASTER PREV FUNDO DE INVESTIMENTO MULTIMERCADO CRÉDITO PRIVADO RESP LIMITADA;2025-11-30;Títulos ligados ao agronegócio;CRA;N;Para negociação;0.000000;0.00;96.000000;98553.39;96.000000;101440.65;;;PJ;02.773.542/0001-22;OPEA SECURITIZA;2028-05-30;S;DI1;DI de um dia;100.000000;6.328206;;S;N;
CLASSES - FIF;62.351.636/0001-35;PLURAL DEBÊNTURES INCENTIVADAS IMAB FIF RENDA FIXA INVESTIMENTO EM INFRAESTRUTURA - RESP LIMITADA;2025-11-30;Debêntures;Debênture simples;N;Para negociação;;;;;212.000000;209541.17;;;PJ;06.981.180/0001-16;CEMIG DISTRIBUIÇÃO S/A;2037-10-15;S;IAP;Índice de Preços ao Consumidor Amplo (IPCA/IBGE);100.000000;7.169628;;S;N;
CLASSES - FIF;62.351.636/0001-35;PLURAL DEBÊNTURES INCENTIVADAS IMAB FIF RENDA FIXA INVESTIMENTO EM INFRAESTRUTURA - RESP LIMITADA;2025-11-30;Debêntures;Debênture simples;N;Para negociação;;;;;306.000000;300613.99;;;PJ;42.276.907/0001-28;VLI MULTIMODAL S.A;2035-10-15;S;IAP;Índice de Preços ao Consumidor Amplo (IPCA/IBGE);100.000000;7.169553;;S;N;
CLASSES - FIF;62.361.327/0001-46;BB BSM INFRA RENDA FIXA FUNDO INCENTIVADO DE INVESTIMENTO FINANCEIRO EM INFRAESTRUTURA RESP LIMITADA;2025-11-30;Debêntures;Debênture simples;N;Para negociação;;;;;84.000000;84814.46;;;PJ;55.085.811/0001-24;ÉXES SECURITIZADORA;2031-10-20;S;DI1;DI de um dia;100.000000;1.000000;;S;N;
CLASSES - FIF;62.361.404/0001-68;BB ANGATU ISLAND INFRA RENDA FIXA FUNDO INCENTIVADO DE INVESTIMENTO FINANCEIRO EM INFRA RESP LIM;2025-11-30;Debêntures;Debênture simples;N;Para negociação;;;;;94.000000;94911.42;;;PJ;55.085.811/0001-24;ÉXES SECURITIZADORA;2031-10-20;S;DI1;DI de um dia;100.000000;1.000000;;S;N;
CLASSES - FIF;62.361.467/0001-14;BB OXD INFRA RENDA FIXA FUNDO INCENTIVADO DE INVESTIMENTO FINANCEIRO EM INFRAESTRUTURA RESP LIM;2025-11-30;Debêntures;Debênture simples;N;Para negociação;;;;;94.000000;94911.42;;;PJ;55.085.811/0001-24;ÉXES SECURITIZADORA;2031-10-20;S;DI1;DI de um dia;100.000000;1.000000;;S;N;
CLASSES - FIF;62.361.637/0001-60;BB EEAA BEZERRA INFRA RENDA FIXA FUNDO INCENTIVADO DE INVESTIMENTO FINANCEIRO EM INFRA RESP LIMITADA;2025-11-30;Debêntures;Debênture simples;N;Para negociação;;;;;94.000000;94911.42;;;PJ;55.085.811/0001-24;ÉXES SECURITIZADORA;2031-10-20;S;DI1;DI de um dia;100.000000;1.000000;;S;N;
CLASSES - FIF;62.438.200/0001-88;BTG PACTUAL CRÉDITO CORPORATIVO PLUS INCENTIVADO CDI FI DE INVESTIMENTO FINANCEIRO EM INFRA RF;2025-11-30;Debêntures;Debênture simples;N;Para negociação;;;;;2018.000000;2084398.34;;;PJ;21.480.839/0001-44;BRK AMBIENTAL - SUMARE S.A;2029-09-18;S;DI1;DI de um dia;100.000000;2.500000;;S;N;
CLASSES - FIF;62.438.200/0001-88;BTG PACTUAL CRÉDITO CORPORATIVO PLUS INCENTIVADO CDI FI DE INVESTIMENTO FINANCEIRO EM INFRA RF;2025-11-30;Debêntures;Debênture simples;N;Para negociação;;;;;1117.000000;1229125.42;;;PJ;50.365.355/0001-52;BIOMETANO VERDE PAULINIA SA;2025-12-31;S;DI1;DI de um dia;100.000000;1.200000;;S;N;
CLASSES - FIF;62.455.032/0001-39;EVOLUTION PLUS FIF - CLASSE DE INVESTIMENTO MULTIMERCADO CRED PRIV - RESPONSABILIDADE LIMITADA;2025-11-30;Títulos ligados ao agronegócio;CRA;N;Para negociação;;;;;188.000000;127928.90;;;PJ;02.773.542/0001-22;Opea Securitiza;2026-10-19;S;DI1;DI de um dia;100.000000;1.854426;;S;N;
CLASSES - FIF;62.455.032/0001-39;EVOLUTION PLUS FIF - CLASSE DE INVESTIMENTO MULTIMERCADO CRED PRIV - RESPONSABILIDADE LIMITADA;2025-11-30;Títulos ligados ao agronegócio;CRA;N;Para negociação;;;;;400.000000;407142.75;;;PJ;25.005.683/0001-09;VERTE SECURIZAD;2028-03-15;S;OUT;OUTROS;100.000000;3.453665;;S;N;
CLASSES - FIF;62.455.032/0001-39;EVOLUTION PLUS FIF - CLASSE DE INVESTIMENTO MULTIMERCADO CRED PRIV - RESPONSABILIDADE LIMITADA;2025-11-30;Títulos ligados ao agronegócio;CRA;N;Para negociação;;;;;406.000000;474256.15;;;PJ;08.769.451/0001-08;ISEC SECURITIZA;2028-05-15;S;IAP;Índice de Preços ao Consumidor Amplo (IPCA/IBGE);100.000000;10.420862;;S;N;
CLASSES - FIF;62.455.032/0001-39;EVOLUTION PLUS FIF - CLASSE DE INVESTIMENTO MULTIMERCADO CRED PRIV - RESPONSABILIDADE LIMITADA;2025-11-30;Títulos ligados ao agronegócio;CRA;N;Para negociação;;;;;500.000000;334595.32;;;PJ;08.769.451/0001-08;VIRGO COMPANHIA;2028-09-19;S;OUT;OUTROS;100.000000;4.025424;;S;N;
CLASSES - FIF;62.455.032/0001-39;EVOLUTION PLUS FIF - CLASSE DE INVESTIMENTO MULTIMERCADO CRED PRIV - RESPONSABILIDADE LIMITADA;2025-11-30;Títulos ligados ao agronegócio;CRA;N;Para negociação;;;;;230.000000;141657.72;;;PJ;02.773.542/0001-22;Opea Securitiza;2028-10-19;S;OUT;OUTROS;100.000000;3.612965;;S;N;
CLASSES - FIF;62.455.032/0001-39;EVOLUTION PLUS FIF - CLASSE DE INVESTIMENTO MULTIMERCADO CRED PRIV - RESPONSABILIDADE LIMITADA;2025-11-30;Títulos ligados ao agronegócio;CRA;N;Para negociação;;;;;400.000000;218365.36;;;PJ;08.769.451/0001-08;VIRGO COMPANHIA;2028-10-25;S;DI1;DI de um dia;100.000000;14.000028;;S;N;
CLASSES - FIF;62.455.032/0001-39;EVOLUTION PLUS FIF - CLASSE DE INVESTIMENTO MULTIMERCADO CRED PRIV - RESPONSABILIDADE LIMITADA;2025-11-30;Títulos ligados ao agronegócio;CRA;N;Para negociação;;;;;400.000000;364770.99;;;PJ;12.130.744/0001-00;TRUE SECURITIZA;2029-10-31;S;OUT;OUTROS;100.000000;2.879792;;S;N;
CLASSES - FIF;62.455.032/0001-39;EVOLUTION PLUS FIF - CLASSE DE INVESTIMENTO MULTIMERCADO CRED PRIV - RESPONSABILIDADE LIMITADA;2025-11-30;Títulos ligados ao agronegócio;CRA;N;Para negociação;;;;;400.000000;394147.91;;;PJ;08.769.451/0001-08;VIRGO COMPANHIA;2029-11-21;S;OUT;OUTROS;100.000000;2.959798;;S;N;
CLASSES - FIF;62.455.032/0001-39;EVOLUTION PLUS FIF - CLASSE DE INVESTIMENTO MULTIMERCADO CRED PRIV - RESPONSABILIDADE LIMITADA;2025-11-30;Títulos ligados ao agronegócio;CRA;N;Para negociação;;;;;400.000000;411297.98;;;PJ;10.753.164/0001-43;ECO SECURITIZAD;2029-12-17;S;OUT;OUTROS;100.000000;2.729211;;S;N;
CLASSES - FIF;62.499.127/0001-54;SANTANDER PB HAC INVESTIMENTO EM INFRA RENDA FIXA - FIF RESP LIMITADA;2025-11-30;Títulos ligados ao agronegócio;CRA;S;Para negociação;;;;;197.000000;191801.30;;;PJ;10.753.164/0001-43;ECO SECURITIZAD;2032-05-17;S;IAP;Índice de Preços ao Consumidor Amplo (IPCA/IBGE);100.000000;6.563946;;S;N;
CLASSES - FIF;62.499.127/0001-54;SANTANDER PB HAC INVESTIMENTO EM INFRA RENDA FIXA - FIF RESP LIMITADA;2025-11-30;Títulos ligados ao agronegócio;CRA;S;Para negociação;;;;;208.000000;222717.85;;;PJ;08.769.451/0001-08;VIRGO COMP SEC;2032-04-15;S;IAP;Índice de Preços ao Consumidor Amplo (IPCA/IBGE);100.000000;5.977833;;S;N;
CLASSES - FIF;62.499.127/0001-54;SANTANDER PB HAC INVESTIMENTO EM INFRA RENDA FIXA - FIF RESP LIMITADA;2025-11-30;Títulos ligados ao agronegócio;CRA;S;Para negociação;;;;;206.000000;209599.33;;;PJ;05.799.312/0001-20;ECODIESEL;2030-11-18;S;IAP;Índice de Preços ao Consumidor Amplo (IPCA/IBGE);100.000000;6.166264;;S;N;
CLASSES - FIF;62.520.921/0001-32;SANTANDER PB VNO INVESTIMENTO EM INFRA RF - FIF RESP LIMITADA;2025-11-30;Títulos ligados ao agronegócio;CRA;S;Para negociação;;;;;92.000000;89572.18;;;PJ;10.753.164/0001-43;ECO SECURITIZAD;2032-05-17;S;IAP;Índice de Preços ao Consumidor Amplo (IPCA/IBGE);100.000000;4.771491;;S;N;
CLASSES - FIF;62.520.921/0001-32;SANTANDER PB VNO INVESTIMENTO EM INFRA RF - FIF RESP LIMITADA;2025-11-30;Títulos ligados ao agronegócio;CRA;S;Para negociação;;;;;249.000000;266618.97;;;PJ;08.769.451/0001-08;VIRGO COMP SEC;2032-04-15;S;IAP;Índice de Preços ao Consumidor Amplo (IPCA/IBGE);100.000000;5.977833;;S;N;
CLASSES - FIF;62.571.624/0001-16;ICATU VANGUARDA CDI IU FIF CI INCENTIVADO DE INVESTIMENTO EM INFRA RF LP - RESP LIMITADA;2025-11-30;Debêntures;Debênture simples;N;Para negociação;;;;;4.000000;4008.14;;;PJ;13.783.221/0004-78;MADERO INDUSTRI;2030-11-25;S;DI1;DI de um dia;100.000000;2.249999;;S;N;
CLASSES - FIF;62.603.317/0001-70;A1 II FUNDO DE INVESTIMENTO FINANCEIRO RENDA FIXA CRÉDITO PRIVADO LONGO PRAZO RESP LIMITADA;2025-11-30;Títulos de Crédito Privado;Nota Promissória/ Commercial Paper/ Export Note;N;Para negociação;;;;;300.000000;324199.87;;;PJ;10.835.932/0001-08;COMPANHIA ENERGETICA DE PERNAMBUCO;2028-12-20;S;DI1;DI de um dia;100.000000;1.540000;;S;N;
CLASSES - FIF;62.726.496/0001-32;BB ARONA INFRA RENDA FIXA FUNDO INCENTIVADO DE INVESTIMENTO FINANCEIRO EM INFRAESTRUTURA RESP LIM;2025-11-30;Debêntures;Debênture simples;N;Para negociação;;;;;94.000000;94911.42;;;PJ;55.085.811/0001-24;ÉXES SECURITIZADORA;2031-10-20;S;DI1;DI de um dia;100.000000;1.000000;;S;N;
CLASSES - FIF;62.726.496/0001-32;BB ARONA INFRA RENDA FIXA FUNDO INCENTIVADO DE INVESTIMENTO FINANCEIRO EM INFRAESTRUTURA RESP LIM;2025-11-30;Debêntures;Debênture simples;N;Para negociação;;;;;150.000000;146727.08;;;PJ;42.276.907/0001-28;VLI MULTIMODAL S.A;2035-10-15;S;IAP;Índice de Preços ao Consumidor Amplo (IPCA/IBGE);100.000000;6.672900;;S;N;
CLASSES - FIF;62.726.818/0001-43;BB KAYA INFRA RENDA FIXA FUNDO INCENTIVADO DE INVESTIMENTO FINANCEIRO EM INFRAESTRUTURA RESP LIM;2025-11-30;Debêntures;Debênture simples;N;Para negociação;;;;;140.000000;141357.44;;;PJ;55.085.811/0001-24;ÉXES SECURITIZADORA;2031-10-20;S;DI1;DI de um dia;100.000000;1.000000;;S;N;
CLASSES - FIF;62.727.602/0001-00;BB SDF INFRA RENDA FIXA FUNDO INCENTIVADO DE INVESTIMENTO FINANCEIRO EM INFRAESTRUTURA RESP LIMITADA;2025-11-30;Debêntures;Debênture simples;N;Para negociação;;;;;75.000000;75727.20;;;PJ;55.085.811/0001-24;ÉXES SECURITIZADORA;2031-10-20;S;DI1;DI de um dia;100.000000;1.000000;;S;N;
CLASSES - FIF;62.728.127/0001-89;BB YAC INFRA RENDA FIXA FUNDO INCENTIVADO DE INVESTIMENTO FINANCEIRO EM INFRAESTRUTURA RESP LIMITADA;2025-11-30;Debêntures;Debênture simples;N;Para negociação;;;;;140.000000;141357.44;;;PJ;55.085.811/0001-24;ÉXES SECURITIZADORA;2031-10-20;S;DI1;DI de um dia;100.000000;1.000000;;S;N;
CLASSES - FIF;62.728.127/0001-89;BB YAC INFRA RENDA FIXA FUNDO INCENTIVADO DE INVESTIMENTO FINANCEIRO EM INFRAESTRUTURA RESP LIMITADA;2025-11-30;Debêntures;Debênture simples;N;Para negociação;;;;;250.000000;244545.14;;;PJ;42.276.907/0001-28;VLI MULTIMODAL S.A;2035-10-15;S;IAP;Índice de Preços ao Consumidor Amplo (IPCA/IBGE);100.000000;6.672900;;S;N;
CLASSES - FIF;62.751.424/0001-45;VITEX FIF FUNDO INCENTIVADO EM INVESTIMENTO EM DEBÊNTURES DE INFRA RF CRED PRIV RESP LIMITADA;2025-11-30;Debêntures;Debênture simples;N;Para negociação;;;;;158400.000000;160710065.52;;;PJ;05.914.650/0001-66;CENTRAIS ELETRICAS RONDONIA SA;2035-10-15;S;IAP;Índice de Preços ao Consumidor Amplo (IPCA/IBGE);100.000000;7.285600;;S;N;
CLASSES - FIF;62.751.424/0001-45;VITEX FIF FUNDO INCENTIVADO EM INVESTIMENTO EM DEBÊNTURES DE INFRA RF CRED PRIV RESP LIMITADA;2025-11-30;Debêntures;Debênture simples;N;Para negociação;;;;;500000.000000;493717696.57;;;PJ;06.981.180/0001-16;CEMIG DISTRIBUICAO S.A.;2037-10-15;S;IAP;Índice de Preços ao Consumidor Amplo (IPCA/IBGE);100.000000;6.787800;;S;N;
CLASSES - FIF;62.751.424/0001-45;VITEX FIF FUNDO INCENTIVADO EM INVESTIMENTO EM DEBÊNTURES DE INFRA RF CRED PRIV RESP LIMITADA;2025-11-30;Debêntures;Debênture simples;N;Para negociação;;;;;70860.000000;72102121.31;;;PJ;03.467.321/0001-99;ENERGISA MATO GROSSO DISTRIBUIDORA;2035-10-15;S;IAP;Índice de Preços ao Consumidor Amplo (IPCA/IBGE);100.000000;7.231800;;S;N;
CLASSES - FIF;62.751.424/0001-45;VITEX FIF FUNDO INCENTIVADO EM INVESTIMENTO EM DEBÊNTURES DE INFRA RF CRED PRIV RESP LIMITADA;2025-11-30;Debêntures;Debênture simples;N;Para negociação;;;;;200000.000000;195661554.20;;;PJ;42.276.907/0001-28;VLI MULTIMODAL S.A.;2037-10-15;S;IAP;Índice de Preços ao Consumidor Amplo (IPCA/IBGE);100.000000;6.705200;;S;N;
CLASSES - FIF;62.751.424/0001-45;VITEX FIF FUNDO INCENTIVADO EM INVESTIMENTO EM DEBÊNTURES DE INFRA RF CRED PRIV RESP LIMITADA;2025-11-30;Debêntures;Debênture simples;N;Para negociação;;;;;70740.000000;71511908.73;;;PJ;07.282.377/0001-20;ENERGISA SUL-SUDESTE - DISTRIBUIDOR;2035-10-15;S;IAP;Índice de Preços ao Consumidor Amplo (IPCA/IBGE);100.000000;7.231800;;S;N;
CLASSES - FIF;62.781.472/0001-86;SANTANDER PB WASSU INVESTIMENTO EM INFRA RENDA FIXA - FIF RESP LIMITADA;2025-11-30;Títulos ligados ao agronegócio;CRA;S;Para negociação;;;;;99.000000;108407.37;;;PJ;25.005.683/0001-09;VERT COMPANHIA;2031-05-15;S;IAP;Índice de Preços ao Consumidor Amplo (IPCA/IBGE);100.000000;5.464940;;S;N;
CLASSES - FIF;62.781.472/0001-86;SANTANDER PB WASSU INVESTIMENTO EM INFRA RENDA FIXA - FIF RESP LIMITADA;2025-11-30;Títulos ligados ao agronegócio;CRA;S;Para negociação;;;;;112.000000;124336.45;;;PJ;10.753.164/0001-43;ECO SECURITIZAD;2029-06-15;S;IAP;Índice de Preços ao Consumidor Amplo (IPCA/IBGE);100.000000;7.479407;;S;N;
CLASSES - FIF;62.781.472/0001-86;SANTANDER PB WASSU INVESTIMENTO EM INFRA RENDA FIXA - FIF RESP LIMITADA;2025-11-30;Títulos ligados ao agronegócio;CRA;S;Para negociação;;;;;505.000000;513910.12;;;PJ;10.753.164/0001-43;ECO SECURITIZAD;2034-03-15;S;IAP;Índice de Preços ao Consumidor Amplo (IPCA/IBGE);100.000000;7.101806;;S;N;
CLASSES - FIF;62.808.255/0001-32;FSC FUNDO INCENTIVADO DE INVESTIMENTO FINANCEIRO EM INFRAESTRUTURA RENDA FIXA;2025-11-30;Debêntures;Debênture simples;N;Para negociação;;;;;237.000000;234779.95;;;PJ;06.981.180/0001-16;CEMIG DISTRIBUICAO S.A;2037-10-15;S;IAP;Índice de Preços ao Consumidor Amplo (IPCA/IBGE);100.000000;6.941443;;S;N;
CLASSES - FIF;62.808.255/0001-32;FSC FUNDO INCENTIVADO DE INVESTIMENTO FINANCEIRO EM INFRAESTRUTURA RENDA FIXA;2025-11-30;Debêntures;Debênture simples;N;Para negociação;;;;;224.000000;226126.90;;;PJ;55.085.811/0001-24;EXES SECURITIZADORA S.A.;2031-10-20;S;DI1;DI de um dia;100.000000;1.000000;;S;N;
CLASSES - FIF;62.834.589/0001-80;ITAÚ GCA DEB INCENTIVADAS PRÉ IDKA 3A FIIF EM INFRA RENDA FIXA LONGO PRAZO CRED PRIV RESP LIMITADA;2025-11-30;Debêntures;Debênture simples;N;Para negociação;;;;;145.000000;143178.13;;;PJ;06.981.180/0001-16;CEMIG DISTRIBUICAO S.A.;2037-10-15;S;IAP;Índice de Preços ao Consumidor Amplo (IPCA/IBGE);100.000000;6.787800;;S;N;
CLASSES - FIF;62.834.589/0001-80;ITAÚ GCA DEB INCENTIVADAS PRÉ IDKA 3A FIIF EM INFRA RENDA FIXA LONGO PRAZO CRED PRIV RESP LIMITADA;2025-11-30;Debêntures;Debênture simples;N;Para negociação;;;;;81.000000;79628.89;;;PJ;02.476.026/0001-36;ULTRAFERTIL SA;2035-10-15;S;IAP;Índice de Preços ao Consumidor Amplo (IPCA/IBGE);100.000000;6.672900;;S;N;
CLASSES - FIF;62.834.589/0001-80;ITAÚ GCA DEB INCENTIVADAS PRÉ IDKA 3A FIIF EM INFRA RENDA FIXA LONGO PRAZO CRED PRIV RESP LIMITADA;2025-11-30;Debêntures;Debênture simples;N;Para negociação;;;;;132.000000;129676.62;;;PJ;42.276.907/0001-28;VLI MULTIMODAL S.A.;2035-10-15;S;IAP;Índice de Preços ao Consumidor Amplo (IPCA/IBGE);100.000000;6.672900;;S;N;
CLASSES - FIF;62.856.283/0001-25;VICTORIA II FIF - CLASSE DE INVESTIMENTO RENDA FIXA INCENTIVADO INVESTIMENTO EM INFRAESTRUTURA;2025-11-30;Títulos ligados ao agronegócio;CRA;N;Para negociação;;;;;215.000000;295835.23;;;PJ;25.005.683/0001-09;VERTE SECURIZAD;2029-03-15;S;IAP;Índice de Preços ao Consumidor Amplo (IPCA/IBGE);100.000000;17.693456;;S;N;
CLASSES - FIF;62.856.283/0001-25;VICTORIA II FIF - CLASSE DE INVESTIMENTO RENDA FIXA INCENTIVADO INVESTIMENTO EM INFRAESTRUTURA;2025-11-30;Títulos ligados ao agronegócio;CRA;N;Para negociação;;;;;976.000000;1274489.02;;;PJ;25.005.683/0001-09;VERTE SECURIZAD;2029-06-15;S;IAP;Índice de Preços ao Consumidor Amplo (IPCA/IBGE);100.000000;18.295705;;S;N;
CLASSES - FIF;63.051.354/0001-85;ITAÚ CONSULT DEBÊNTURES INCENTIVADAS PRÉ TARGET 2030 SHIFT FIIF EM INFRA RF CRED PRIV RESP LIMITADA;2025-11-30;Debêntures;Debênture simples;N;Para negociação;;;;;219.000000;215292.92;;;PJ;02.476.026/0001-36;ULTRAFERTIL SA;2035-10-15;S;IAP;Índice de Preços ao Consumidor Amplo (IPCA/IBGE);100.000000;6.672900;;S;N;
CLASSES - FIF;63.051.354/0001-85;ITAÚ CONSULT DEBÊNTURES INCENTIVADAS PRÉ TARGET 2030 SHIFT FIIF EM INFRA RF CRED PRIV RESP LIMITADA;2025-11-30;Debêntures;Debênture simples;N;Para negociação;;;;;398.000000;390994.68;;;PJ;42.276.907/0001-28;VLI MULTIMODAL S.A.;2035-10-15;S;IAP;Índice de Preços ao Consumidor Amplo (IPCA/IBGE);100.000000;6.672900;;S;N;
CLASSES - FIF;63.051.354/0001-85;ITAÚ CONSULT DEBÊNTURES INCENTIVADAS PRÉ TARGET 2030 SHIFT FIIF EM INFRA RF CRED PRIV RESP LIMITADA;2025-11-30;Debêntures;Debênture simples;N;Para negociação;;;;;1054.000000;1040756.90;;;PJ;06.981.180/0001-16;CEMIG DISTRIBUICAO S.A.;2037-10-15;S;IAP;Índice de Preços ao Consumidor Amplo (IPCA/IBGE);100.000000;6.787800;;S;N;
CLASSES - FIF;63.051.648/0001-07;ITAÚ DEBÊNTURES INCENTIVADAS PRÉ TARGET 2029 SHIFT FIF INCENTIVADO INFRA RF CRED PRIV RESP LIMITADA;2025-11-30;Debêntures;Debênture simples;N;Para negociação;;;;;3998.000000;3947766.70;;;PJ;06.981.180/0001-16;CEMIG DISTRIBUICAO S.A.;2037-10-15;S;IAP;Índice de Preços ao Consumidor Amplo (IPCA/IBGE);100.000000;6.787800;;S;N;
CLASSES - FIF;63.112.599/0001-75;PORTO PITANGUEIRA FIF RENDA FIXA CRÉDITO PRIVADO RESPONSABILIDADE LIMITADA;2025-11-30;Debêntures;Debênture simples;N;Para negociação;;;;;1000.000000;1008963.83;;;PJ;08.402.943/0001-52;GUARARAPES CONFECCOES S/A;2028-10-15;S;DI1;DI de um dia;100.000000;0.950000;;S;N;
CLASSES - FIF;63.138.982/0001-00;FQJ11 FIF FUNDO INCENTIVADO EM INVESTIMENTO EM DEBÊNTURES DE INFRA RF CRED PRIV RESP LIMITADA;2025-11-30;Títulos ligados ao agronegócio;CRA;N;Para negociação;;;;;927.000000;1017976.91;;;PJ;25.005.683/0001-09;VERT COMPANHIA SECURITIZADORA;2034-05-15;S;IAP;Índice de Preços ao Consumidor Amplo (IPCA/IBGE);100.000000;6.769400;;S;N;
CLASSES - FIF;63.159.694/0001-24;SANTANDER PB CAIS INVESTIMENTO EM INFRAESTRUTURA RENDA FIXA - FIF RESP LIMITADA;2025-11-30;Títulos ligados ao agronegócio;CRA;S;Para negociação;;;;;100.000000;38931.44;;;PJ;08.769.451/0001-08;VIRGO COMP SEC;2026-10-15;S;IAP;Índice de Preços ao Consumidor Amplo (IPCA/IBGE);100.000000;5.070161;;S;N;
CLASSES - FIF;63.159.694/0001-24;SANTANDER PB CAIS INVESTIMENTO EM INFRAESTRUTURA RENDA FIXA - FIF RESP LIMITADA;2025-11-30;Títulos ligados ao agronegócio;CRA;S;Para negociação;;;;;175.000000;205904.48;;;PJ;25.005.683/0001-09;VERT COMPANHIA;2028-09-15;S;IAP;Índice de Preços ao Consumidor Amplo (IPCA/IBGE);100.000000;4.836823;;S;N;
CLASSES - FIF;63.159.694/0001-24;SANTANDER PB CAIS INVESTIMENTO EM INFRAESTRUTURA RENDA FIXA - FIF RESP LIMITADA;2025-11-30;Títulos ligados ao agronegócio;CRA;S;Para negociação;;;;;324.000000;344072.75;;;PJ;10.753.164/0001-43;ECO SECURITIZAD;2033-10-17;S;IAP;Índice de Preços ao Consumidor Amplo (IPCA/IBGE);100.000000;5.893930;;S;N;
CLASSES - FIF;63.159.694/0001-24;SANTANDER PB CAIS INVESTIMENTO EM INFRAESTRUTURA RENDA FIXA - FIF RESP LIMITADA;2025-11-30;Títulos ligados ao agronegócio;CRA;S;Para negociação;;;;;100.000000;52113.52;;;PJ;10.753.164/0001-43;ECO SECURITIZAD;2026-02-18;S;DI1;DI de um dia;100.000000;1.502617;;S;N;
CLASSES - FIF;63.167.876/0001-47;ICATU VANGUARDA CREDIT HIGH ALPHA D180 FIF - CI RENDA FIXA CRÉDITO PRIVADO - RESP LIMITADA;2025-11-30;Debêntures;Debênture simples;N;Para negociação;;;;;14.000000;14028.48;;;PJ;13.783.221/0004-78;MADERO INDUSTRI;2030-11-25;S;DI1;DI de um dia;100.000000;2.249999;;S;N;
CLASSES - FIF;63.188.089/0001-81;LATACHE SIRIUS FUNDO DE INVESTIMENTO FINANCEIRO MULTIMERCADO CRÉDITO PRIVADO;2025-11-30;Títulos de Crédito Privado;Nota Promissória/ Commercial Paper/ Export Note;N;Para negociação;0.000000;0.00;1.000000;10020200.00;1.000000;10025968.22;;;PJ;21.996.149/0001-42;HOLANDA EMPREENDIMENTOS E PARTICIPACOES LTDA;2028-11-18;S;TR;Taxa Referencial;100.000000;0.000000;;S;S;
CLASSES - FIF;63.188.089/0001-81;LATACHE SIRIUS FUNDO DE INVESTIMENTO FINANCEIRO MULTIMERCADO CRÉDITO PRIVADO;2025-11-30;Títulos de Crédito Privado;Nota Promissória/ Commercial Paper/ Export Note;N;Para negociação;0.000000;0.00;1.000000;843156.00;1.000000;843422.85;;;PJ;16.810.800/0001-08;MORRO DA CRUZ SERVICOS ADMINISTRATIVOS E FINANCEIROS LTDA;2030-11-24;S;TR;Taxa Referencial;100.000000;0.000000;;S;S;
CLASSES - FIF;63.211.828/0001-09;G5 CRYSTAL FIF - CLASSE DE INVESTIMENTO RF INCENTIVADO DE INVESTIMENTO EM INFRA - RESP LIMITADA;2025-11-30;Debêntures;Debênture simples;N;Para negociação;;;;;750.000000;262054.58;;;PJ;02.773.542/0001-22;Opea Securitiza;2025-12-03;S;DI1;DI de um dia;100.000000;5.850099;;S;N;
CLASSES - FIF;63.245.996/0001-15;4UM INTENSE FIF - CLASSE DE INVESTIMENTO RENDA FIXA - RESPONSABILIDADE LIMITADA;2025-11-30;Debêntures;Debênture simples;N;Para negociação;;;;;1500.000000;1515234.00;;;PJ;43.776.517/0001-80;SABESP;2035-11-14;S;DI1;DI de um dia;100.000000;0.900000;;S;N;
CLASSES - FIF;63.286.762/0001-16;ITAÚ DEB INC PRÉ TARGET 2030 SHIFT ADVISORY FIIF EM INFRA RF CRED PRIV RESP LIMITADA;2025-11-30;Debêntures;Debênture simples;N;Para negociação;;;;;48.000000;47187.49;;;PJ;02.476.026/0001-36;ULTRAFERTIL SA;2035-10-15;S;IAP;Índice de Preços ao Consumidor Amplo (IPCA/IBGE);100.000000;6.672900;;S;N;
CLASSES - FIF;63.286.762/0001-16;ITAÚ DEB INC PRÉ TARGET 2030 SHIFT ADVISORY FIIF EM INFRA RF CRED PRIV RESP LIMITADA;2025-11-30;Debêntures;Debênture simples;N;Para negociação;;;;;81.000000;79574.30;;;PJ;42.276.907/0001-28;VLI MULTIMODAL S.A.;2035-10-15;S;IAP;Índice de Preços ao Consumidor Amplo (IPCA/IBGE);100.000000;6.672900;;S;N;
CLASSES - FIF;63.286.762/0001-16;ITAÚ DEB INC PRÉ TARGET 2030 SHIFT ADVISORY FIIF EM INFRA RF CRED PRIV RESP LIMITADA;2025-11-30;Debêntures;Debênture simples;N;Para negociação;;;;;165.000000;162926.84;;;PJ;06.981.180/0001-16;CEMIG DISTRIBUICAO S.A.;2037-10-15;S;IAP;Índice de Preços ao Consumidor Amplo (IPCA/IBGE);100.000000;6.787800;;S;N;
CLASSES - FIF;63.351.459/0001-50;SYNERGIA INFRA PARTNERS FUNDO INCENTIVADO DE INVESTIMENTO FINANCEIRO EM INFRAESTRUTURA RENDA FIXA;2025-11-30;Debêntures;Debênture simples;N;Para negociação;;;;;269.000000;266480.19;;;PJ;06.981.180/0001-16;CEMIG DISTRIBUICAO S.A;2037-10-15;S;IAP;Índice de Preços ao Consumidor Amplo (IPCA/IBGE);100.000000;6.941443;;S;N;
CLASSES - FIF;63.351.459/0001-50;SYNERGIA INFRA PARTNERS FUNDO INCENTIVADO DE INVESTIMENTO FINANCEIRO EM INFRAESTRUTURA RENDA FIXA;2025-11-30;Debêntures;Debênture simples;N;Para negociação;;;;;188.000000;189785.08;;;PJ;55.085.811/0001-24;EXES SECURITIZADORA S.A.;2031-10-20;S;DI1;DI de um dia;100.000000;1.000000;;S;N;
CLASSES - FIF;63.383.901/0001-20;SANTANDER PB DOMUS KINCSEN INVESTIMENTO EM INFRAESTRUTURA RENDA FIXA - FIF RESP LIMITADA;2025-11-30;Títulos ligados ao agronegócio;CRA;S;Para negociação;;;;;100.000000;101747.25;;;PJ;05.799.312/0001-20;ECODIESEL;2030-11-18;S;IAP;Índice de Preços ao Consumidor Amplo (IPCA/IBGE);100.000000;6.359682;;S;N;
CLASSES - FIF;63.383.901/0001-20;SANTANDER PB DOMUS KINCSEN INVESTIMENTO EM INFRAESTRUTURA RENDA FIXA - FIF RESP LIMITADA;2025-11-30;Títulos ligados ao agronegócio;CRA;S;Para negociação;;;;;94.000000;103877.24;;;PJ;25.005.683/0001-09;VERT COMPANHIA;2032-07-13;S;IAP;Índice de Preços ao Consumidor Amplo (IPCA/IBGE);100.000000;7.273260;;S;N;
CLASSES - FIF;63.383.901/0001-20;SANTANDER PB DOMUS KINCSEN INVESTIMENTO EM INFRAESTRUTURA RENDA FIXA - FIF RESP LIMITADA;2025-11-30;Títulos ligados ao agronegócio;CRA;S;Para negociação;;;;;299.000000;304333.68;;;PJ;10.753.164/0001-43;ECO SECURITIZAD;2034-06-15;S;IAP;Índice de Preços ao Consumidor Amplo (IPCA/IBGE);100.000000;7.233600;;S;N;
CLASSES - FIF;63.383.901/0001-20;SANTANDER PB DOMUS KINCSEN INVESTIMENTO EM INFRAESTRUTURA RENDA FIXA - FIF RESP LIMITADA;2025-11-30;Títulos ligados ao agronegócio;CRA;S;Para negociação;;;;;500.000000;465832.21;;;PJ;05.799.312/0001-20;ECODIESEL;2031-02-15;N;;;;;11.333600;S;N;
CLASSES - FIF;63.383.901/0001-20;SANTANDER PB DOMUS KINCSEN INVESTIMENTO EM INFRAESTRUTURA RENDA FIXA - FIF RESP LIMITADA;2025-11-30;Títulos ligados ao agronegócio;CRA;S;Para negociação;;;;;552.000000;575942.99;;;PJ;08.769.451/0001-08;VIRGO COMP SEC;2030-07-15;S;DI1;DI de um dia;104.500000;0.000000;;S;N;
CLASSES - FIF;97.525.452/0001-29;G5 SCB II FUNDO DE INVESTIMENTO FINANCEIRO INCENTIVADO EM INFRAESTRUTURA RENDA FIXA CRÉDITO PRIVADO;2025-11-30;Debêntures;Debênture simples;N;Para negociação;;;;;1435.000000;1490796.07;;;PJ;50.258.089/0001-69;BARREIRAS HOLD;2044-03-15;S;IPC;Índice de Preços ao Consumidor (IPC/FIPE);100.000000;7.159728;;S;N;
CLASSES - FIF;97.525.452/0001-29;G5 SCB II FUNDO DE INVESTIMENTO FINANCEIRO INCENTIVADO EM INFRAESTRUTURA RENDA FIXA CRÉDITO PRIVADO;2025-11-30;Debêntures;Debênture simples;N;Para negociação;;;;;245.000000;269082.75;;;PJ;06.981.180/0001-16;CEMIG DISTRIB;2040-03-15;S;IPC;Índice de Preços ao Consumidor (IPC/FIPE);100.000000;6.848537;;S;N;
CLASSES - FIF;97.525.452/0001-29;G5 SCB II FUNDO DE INVESTIMENTO FINANCEIRO INCENTIVADO EM INFRAESTRUTURA RENDA FIXA CRÉDITO PRIVADO;2025-11-30;Debêntures;Debênture simples;N;Para negociação;;;;;230.000000;249029.10;;;PJ;06.981.180/0001-16;CEMIG DISTRIB;2040-03-15;S;IPC;Índice de Preços ao Consumidor (IPC/FIPE);100.000000;7.025439;;S;N;
CLASSES - FIF;97.525.452/0001-29;G5 SCB II FUNDO DE INVESTIMENTO FINANCEIRO INCENTIVADO EM INFRAESTRUTURA RENDA FIXA CRÉDITO PRIVADO;2025-11-30;Debêntures;Debênture simples;N;Para negociação;;;;;1880.000000;2044242.68;;;PJ;28.438.834/0001-00;NEOENERGIA MORR;2038-12-15;S;IPC;Índice de Preços ao Consumidor (IPC/FIPE);100.000000;7.256875;;S;N;
CLASSES - FIF;97.525.452/0001-29;G5 SCB II FUNDO DE INVESTIMENTO FINANCEIRO INCENTIVADO EM INFRAESTRUTURA RENDA FIXA CRÉDITO PRIVADO;2025-11-30;Debêntures;Debênture simples;N;Para negociação;;;;;3915.000000;3977151.16;;;PJ;33.592.510/0001-54;VALE RIO DOCE;2037-05-15;S;IPC;Índice de Preços ao Consumidor (IPC/FIPE);100.000000;6.640821;;S;N;
CLASSES - FIF;97.525.452/0001-29;G5 SCB II FUNDO DE INVESTIMENTO FINANCEIRO INCENTIVADO EM INFRAESTRUTURA RENDA FIXA CRÉDITO PRIVADO;2025-11-30;Debêntures;Debênture simples;N;Para negociação;;;;;420.000000;449686.48;;;PJ;04.370.282/0001-70;COPEL GER DISTR;2037-02-18;S;IPC;Índice de Preços ao Consumidor (IPC/FIPE);100.000000;7.096369;;S;N;
CLASSES - FIF;97.525.452/0001-29;G5 SCB II FUNDO DE INVESTIMENTO FINANCEIRO INCENTIVADO EM INFRAESTRUTURA RENDA FIXA CRÉDITO PRIVADO;2025-11-30;Debêntures;Debênture simples;N;Para negociação;;;;;835.000000;894019.55;;;PJ;04.370.282/0001-70;COPEL GER DISTR;2037-02-18;S;IPC;Índice de Preços ao Consumidor (IPC/FIPE);100.000000;6.968940;;S;N;
CLASSES - FIF;97.525.452/0001-29;G5 SCB II FUNDO DE INVESTIMENTO FINANCEIRO INCENTIVADO EM INFRAESTRUTURA RENDA FIXA CRÉDITO PRIVADO;2025-11-30;Debêntures;Debênture simples;N;Para negociação;;;;;655.000000;672285.89;;;PJ;04.368.898/0001-06;COPEL DISTRIB;2036-05-15;S;IPC;Índice de Preços ao Consumidor (IPC/FIPE);100.000000;6.951704;;S;N;
CLASSES - FIF;97.525.452/0001-29;G5 SCB II FUNDO DE INVESTIMENTO FINANCEIRO INCENTIVADO EM INFRAESTRUTURA RENDA FIXA CRÉDITO PRIVADO;2025-11-30;Debêntures;Debênture simples;N;Para negociação;;;;;840.000000;881867.56;;;PJ;07.859.971/0001-30;TRANSM ALIANCA;2035-07-15;S;IPC;Índice de Preços ao Consumidor (IPC/FIPE);100.000000;5.731047;;S;N;
CLASSES - FIF;97.525.452/0001-29;G5 SCB II FUNDO DE INVESTIMENTO FINANCEIRO INCENTIVADO EM INFRAESTRUTURA RENDA FIXA CRÉDITO PRIVADO;2025-11-30;Debêntures;Debênture simples;N;Para negociação;;;;;1895.000000;2001598.22;;;PJ;00.357.038/0001-16;CENTRAIS ELETRI;2035-07-15;S;IPC;Índice de Preços ao Consumidor (IPC/FIPE);100.000000;6.843426;;S;N;
CLASSES - FIF;97.525.452/0001-29;G5 SCB II FUNDO DE INVESTIMENTO FINANCEIRO INCENTIVADO EM INFRAESTRUTURA RENDA FIXA CRÉDITO PRIVADO;2025-11-30;Debêntures;Debênture simples;N;Para negociação;;;;;1960.000000;2027981.34;;;PJ;02.474.103/0001-19;ENGIE BRASIL EN;2035-06-15;S;IPC;Índice de Preços ao Consumidor (IPC/FIPE);100.000000;6.870849;;S;N;
CLASSES - FIF;97.525.452/0001-29;G5 SCB II FUNDO DE INVESTIMENTO FINANCEIRO INCENTIVADO EM INFRAESTRUTURA RENDA FIXA CRÉDITO PRIVADO;2025-11-30;Debêntures;Debênture simples;N;Para negociação;;;;;440.000000;455261.12;;;PJ;02.474.103/0001-19;ENGIE BRASIL EN;2035-06-15;S;IPC;Índice de Preços ao Consumidor (IPC/FIPE);100.000000;6.903284;;S;N;
CLASSES - FIF;97.525.452/0001-29;G5 SCB II FUNDO DE INVESTIMENTO FINANCEIRO INCENTIVADO EM INFRAESTRUTURA RENDA FIXA CRÉDITO PRIVADO;2025-11-30;Debêntures;Debênture simples;N;Para negociação;;;;;1310.000000;1328624.38;;;PJ;00.864.214/0001-06;ENERGISA S/A;2034-09-15;S;IPC;Índice de Preços ao Consumidor (IPC/FIPE);100.000000;6.882552;;S;N;
CLASSES - FIF;97.525.452/0001-29;G5 SCB II FUNDO DE INVESTIMENTO FINANCEIRO INCENTIVADO EM INFRAESTRUTURA RENDA FIXA CRÉDITO PRIVADO;2025-11-30;Debêntures;Debênture simples;N;Para negociação;;;;;1370.000000;1503775.61;;;PJ;02.998.611/0001-04;CIA TRANS PAULI;2033-06-15;S;IPC;Índice de Preços ao Consumidor (IPC/FIPE);100.000000;6.887802;;S;N;
CLASSES - FIP;23.200.230/0001-08;ITAPEMA NEW FUNDO DE INVESTIMENTO EM PARTICIPAÇÕES MULTIESTRATÉGIA;2025-11-30;Debêntures;Debênture simples;N;Para negociação;0.000000;0.00;0.000000;0.00;88.000000;9199339.67;;;PJ;08.260.785/0001-43;D.R.I.S.P.E. EMPREENDIMENTOS E PARTICIPACOES S/A;2029-09-04;S;IAP;Índice de Preços ao Consumidor Amplo (IPCA/IBGE);100.000000;0.000000;;S;N;
CLASSES - FIP;23.200.230/0001-08;ITAPEMA NEW FUNDO DE INVESTIMENTO EM PARTICIPAÇÕES MULTIESTRATÉGIA;2025-11-30;Debêntures;Debênture simples;N;Para negociação;0.000000;0.00;0.000000;0.00;21.000000;2161288.65;;;PJ;08.260.785/0001-43;D.R.I.S.P.E. EMPREENDIMENTOS E PARTICIPACOES S/A;2029-10-10;S;IAP;Índice de Preços ao Consumidor Amplo (IPCA/IBGE);100.000000;0.000000;;S;N;
CLASSES - FIP;53.257.220/0001-61;CARBYNE COLLAGEN FUNDO DE INVESTIMENTO EM PARTICIPAÇÕES MULTIESTRATÉGIA;2025-11-30;Debêntures;Debênture simples;N;Para negociação;0.000000;0.00;0.000000;0.00;1.000000;6206478.81;;;PJ;45.674.938/0001-25;ACQUION FOODTECH;2027-10-07;S;DI1;DI de um dia;100.000000;0.000000;;S;N;
CLASSES - FIP;53.312.828/0001-41;SKJR FUNDO DE INVESTIMENTO EM PARTICIPAÇÕES INFRAESTRUTURA RESPONSABILIDADE LIMIITADA;2025-11-30;Debêntures;Debênture simples;N;Para negociação;0.000000;0.00;0.000000;0.00;5900.000000;7569959.85;;;PJ;42.806.062/0001-35;NORTE SANEAMENTO S.A;2035-04-17;S;DI1;DI de um dia;100.000000;0.000000;;S;N;
FI;22.809.036/0001-53;BNP PARIBAS ICATU SEG CLASSE DE INVESTIMENTO PREVIDENCIÁRIA RENDA FIXA CRÉD PRIVADO - RESP LIMITADA;2025-11-30;Debêntures;Debênture simples;N;Para negociação;;;;;117.000000;124410.28;;;PJ;07.047.251/0001-70;COELCE;2026-01-10;S;DI1;DI de um dia;100.000000;1.158474;;S;N;
FI;22.809.036/0001-53;BNP PARIBAS ICATU SEG CLASSE DE INVESTIMENTO PREVIDENCIÁRIA RENDA FIXA CRÉD PRIVADO - RESP LIMITADA;2025-11-30;Debêntures;Debênture simples;N;Para negociação;;;;;420.000000;446601.01;;;PJ;07.047.251/0001-70;COELCE;2026-01-10;S;DI1;DI de um dia;100.000000;1.999510;;S;N;
FI;22.809.036/0001-53;BNP PARIBAS ICATU SEG CLASSE DE INVESTIMENTO PREVIDENCIÁRIA RENDA FIXA CRÉD PRIVADO - RESP LIMITADA;2025-11-30;Debêntures;Debênture simples;N;Para negociação;;;;;307.000000;309400.99;;;PJ;07.859.971/0001-30;TAEE;2026-05-15;S;DI1;DI de um dia;108.000000;0.000000;;S;N;
FI;22.809.036/0001-53;BNP PARIBAS ICATU SEG CLASSE DE INVESTIMENTO PREVIDENCIÁRIA RENDA FIXA CRÉD PRIVADO - RESP LIMITADA;2025-11-30;Debêntures;Debênture simples;N;Para negociação;;;;;393.000000;271937.80;;;PJ;02.919.555/0001-67;ARTERIS SA;2027-03-11;S;DI1;DI de um dia;100.000000;2.373658;;S;N;
FI;22.809.036/0001-53;BNP PARIBAS ICATU SEG CLASSE DE INVESTIMENTO PREVIDENCIÁRIA RENDA FIXA CRÉD PRIVADO - RESP LIMITADA;2025-11-30;Debêntures;Debênture simples;N;Para negociação;;;;;434.000000;449234.09;;;PJ;00.194.724/0001-13;AUREN OPERACOES;2027-03-15;S;DI1;DI de um dia;100.000000;1.694252;;S;N;
FI;22.809.036/0001-53;BNP PARIBAS ICATU SEG CLASSE DE INVESTIMENTO PREVIDENCIÁRIA RENDA FIXA CRÉD PRIVADO - RESP LIMITADA;2025-11-30;Debêntures;Debênture simples;N;Para negociação;;;;;183.000000;189423.59;;;PJ;00.194.724/0001-13;AUREN OPERACOES;2027-03-15;S;DI1;DI de um dia;100.000000;1.001315;;S;N;
FI;22.809.036/0001-53;BNP PARIBAS ICATU SEG CLASSE DE INVESTIMENTO PREVIDENCIÁRIA RENDA FIXA CRÉD PRIVADO - RESP LIMITADA;2025-11-30;Debêntures;Debênture simples;N;Para negociação;;;;;220.000000;150695.37;;;PJ;08.827.501/0001-58;AEGEA SANEAMENT;2027-04-12;S;DI1;DI de um dia;100.000000;2.966575;;S;N;
FI;22.809.036/0001-53;BNP PARIBAS ICATU SEG CLASSE DE INVESTIMENTO PREVIDENCIÁRIA RENDA FIXA CRÉD PRIVADO - RESP LIMITADA;2025-11-30;Debêntures;Debênture simples;N;Para negociação;;;;;95.000000;99260.85;;;PJ;00.001.180/0001-26;ELETROBRAS;2028-09-15;S;DI1;DI de um dia;100.000000;0.959118;;S;N;
FI;22.809.036/0001-53;BNP PARIBAS ICATU SEG CLASSE DE INVESTIMENTO PREVIDENCIÁRIA RENDA FIXA CRÉD PRIVADO - RESP LIMITADA;2025-11-30;Debêntures;Debênture simples;N;Para negociação;;;;;71.000000;76130.40;;;PJ;06.047.087/0001-39;Rede DOr São Lu;2029-06-20;S;DI1;DI de um dia;100.000000;0.735937;;S;N;
FI;22.809.036/0001-53;BNP PARIBAS ICATU SEG CLASSE DE INVESTIMENTO PREVIDENCIÁRIA RENDA FIXA CRÉD PRIVADO - RESP LIMITADA;2025-11-30;Debêntures;Debênture simples;N;Para negociação;;;;;47.000000;48901.81;;;PJ;03.467.321/0001-99;ENERGISA MATO G;2029-09-04;S;DI1;DI de um dia;100.000000;0.964914;;S;N;
FI;22.809.036/0001-53;BNP PARIBAS ICATU SEG CLASSE DE INVESTIMENTO PREVIDENCIÁRIA RENDA FIXA CRÉD PRIVADO - RESP LIMITADA;2025-11-30;Debêntures;Debênture simples;N;Para negociação;;;;;128.000000;137788.03;;;PJ;15.413.826/0001-50;ENERGISA MATO G;2029-12-15;S;DI1;DI de um dia;100.000000;0.816026;;S;N;
FI;22.809.036/0001-53;BNP PARIBAS ICATU SEG CLASSE DE INVESTIMENTO PREVIDENCIÁRIA RENDA FIXA CRÉD PRIVADO - RESP LIMITADA;2025-11-30;Debêntures;Debênture simples;N;Para negociação;;;;;79.000000;82263.10;;;PJ;00.864.214/0001-06;ENERGISA;2030-02-25;S;DI1;DI de um dia;100.000000;0.799353;;S;N;
