TP_FUNDO_CLASSE;CNPJ_FUNDO_CLASSE;DENOM_SOCIAL;DT_COMPTC;ID_DOC;TP_APLIC;VL_VENDA_NEGOC;VL_AQUIS_NEGOC;VL_MERC_POS_FINAL;VL_CUSTO_POS_FINAL;DT_CONFID_APLIC
CLASSES - FIDC;09.260.031/0001-56;FUNDO DE INVESTIMENTO EM QUOTAS DE FUNDO DE INVESTIMENTO EM DIREITOS CREDITÓRIOS NÃO PADRONIZADO SRM;2025-11-30;1058868;Cotas de Fundos;0;0;91838796;;2026-02-28
CLASSES - FIDC;09.260.031/0001-56;FUNDO DE INVESTIMENTO EM QUOTAS DE FUNDO DE INVESTIMENTO EM DIREITOS CREDITÓRIOS NÃO PADRONIZADO SRM;2025-11-30;1058868;Valores a pagar;;;16723;;2026-02-28
CLASSES - FIDC;09.260.031/0001-56;FUNDO DE INVESTIMENTO EM QUOTAS DE FUNDO DE INVESTIMENTO EM DIREITOS CREDITÓRIOS NÃO PADRONIZADO SRM;2025-11-30;1058868;Valores a receber;;;23952;;2026-02-28
CLASSES - FIDC;11.827.500/0001-18;FC FI EM COTAS DE FUNDO DE INVESTIMENTO EM DIREITOS CREDITÓRIOS - RESPONSABILIDADE LIMITADA;2025-11-30;1057186;Disponibilidades;;;0;;2026-02-28
CLASSES - FIDC;11.827.500/0001-18;FC FI EM COTAS DE FUNDO DE INVESTIMENTO EM DIREITOS CREDITÓRIOS - RESPONSABILIDADE LIMITADA;2025-11-30;1057186;Outras operações passivas e exigibilidades;;;1488223;;2026-02-28
CLASSES - FIDC;11.827.500/0001-18;FC FI EM COTAS DE FUNDO DE INVESTIMENTO EM DIREITOS CREDITÓRIOS - RESPONSABILIDADE LIMITADA;2025-11-30;1057186;Valores a pagar;;;2938710;;2026-02-28
CLASSES - FIDC;11.827.500/0001-18;FC FI EM COTAS DE FUNDO DE INVESTIMENTO EM DIREITOS CREDITÓRIOS - RESPONSABILIDADE LIMITADA;2025-11-30;1057186;Valores a receber;;;22134;;2026-02-28
CLASSES - FIDC;12.660.458/0001-56;FC4 FIC DE FUNDO DE INVESTIMENTO EM DIREITOS CREDITÓRIOS RESPONSABILIDADE LIMITADA;2025-11-30;1057192;Disponibilidades;;;0;;2026-02-28
CLASSES - FIDC;12.660.458/0001-56;FC4 FIC DE FUNDO DE INVESTIMENTO EM DIREITOS CREDITÓRIOS RESPONSABILIDADE LIMITADA;2025-11-30;1057192;Outras operações passivas e exigibilidades;;;133117;;2026-02-28
CLASSES - FIDC;12.660.458/0001-56;FC4 FIC DE FUNDO DE INVESTIMENTO EM DIREITOS CREDITÓRIOS RESPONSABILIDADE LIMITADA;2025-11-30;1057192;Valores a pagar;;;391301;;2026-02-28
CLASSES - FIDC;12.660.458/0001-56;FC4 FIC DE FUNDO DE INVESTIMENTO EM DIREITOS CREDITÓRIOS RESPONSABILIDADE LIMITADA;2025-11-30;1057192;Valores a receber;;;1715;;2026-02-28
CLASSES - FIDC;12.660.462/0001-14;FC3 FI EM COTAS DE FUNDO DE INVESTIMENTO EM DIREITOS CREDITÓRIOS - RESPONSABILIDA LIMITADA;2025-11-30;1057190;Disponibilidades;;;0;;2026-02-28
CLASSES - FIDC;12.660.462/0001-14;FC3 FI EM COTAS DE FUNDO DE INVESTIMENTO EM DIREITOS CREDITÓRIOS - RESPONSABILIDA LIMITADA;2025-11-30;1057190;Outras operações passivas e exigibilidades;;;179458;;2026-02-28
CLASSES - FIDC;12.660.462/0001-14;FC3 FI EM COTAS DE FUNDO DE INVESTIMENTO EM DIREITOS CREDITÓRIOS - RESPONSABILIDA LIMITADA;2025-11-30;1057190;Valores a pagar;;;458166;;2026-02-28
CLASSES - FIDC;12.660.462/0001-14;FC3 FI EM COTAS DE FUNDO DE INVESTIMENTO EM DIREITOS CREDITÓRIOS - RESPONSABILIDA LIMITADA;2025-11-30;1057190;Valores a receber;;;2312;;2026-02-28
CLASSES - FIDC;12.660.468/0001-91;FC5 FI EM COTAS DE FUNDO DE INVESTIMENTO EM DIREITOS CREDITÓRIOS - RESPONSABILIDA LIMITADA;2025-11-30;1057193;Disponibilidades;;;0;;2026-02-28
CLASSES - FIDC;12.660.468/0001-91;FC5 FI EM COTAS DE FUNDO DE INVESTIMENTO EM DIREITOS CREDITÓRIOS - RESPONSABILIDA LIMITADA;2025-11-30;1057193;Outras operações passivas e exigibilidades;;;47265;;2026-02-28
CLASSES - FIDC;12.660.468/0001-91;FC5 FI EM COTAS DE FUNDO DE INVESTIMENTO EM DIREITOS CREDITÓRIOS - RESPONSABILIDA LIMITADA;2025-11-30;1057193;Valores a pagar;;;234686;;2026-02-28
CLASSES - FIDC;12.660.468/0001-91;FC5 FI EM COTAS DE FUNDO DE INVESTIMENTO EM DIREITOS CREDITÓRIOS - RESPONSABILIDA LIMITADA;2025-11-30;1057193;Valores a receber;;;512;;2026-02-28
CLASSES - FIDC;12.674.251/0001-30;FC8 FI EM COTAS DE FUNDO DE INVESTIMENTO EM DIREITOS CREDITÓRIOS - RESPONSABILIDA LIMITADA;2025-11-30;1057195;Disponibilidades;;;0;;2026-02-28
CLASSES - FIDC;12.674.251/0001-30;FC8 FI EM COTAS DE FUNDO DE INVESTIMENTO EM DIREITOS CREDITÓRIOS - RESPONSABILIDA LIMITADA;2025-11-30;1057195;Outras operações passivas e exigibilidades;;;1079204;;2026-02-28
CLASSES - FIDC;12.674.251/0001-30;FC8 FI EM COTAS DE FUNDO DE INVESTIMENTO EM DIREITOS CREDITÓRIOS - RESPONSABILIDA LIMITADA;2025-11-30;1057195;Valores a pagar;;;1724051;;2026-02-28
CLASSES - FIDC;12.674.251/0001-30;FC8 FI EM COTAS DE FUNDO DE INVESTIMENTO EM DIREITOS CREDITÓRIOS - RESPONSABILIDA LIMITADA;2025-11-30;1057195;Valores a receber;;;13981;;2026-02-28
CLASSES - FIDC;12.674.257/0001-08;FC6 FIC DE FUNDO DE INVESTIMENTO EM DIREITOS CREDITÓRIOS RESPONSABILIDADE LIMITADA;2025-11-30;1057194;Disponibilidades;;;0;;2026-02-28
CLASSES - FIDC;12.674.257/0001-08;FC6 FIC DE FUNDO DE INVESTIMENTO EM DIREITOS CREDITÓRIOS RESPONSABILIDADE LIMITADA;2025-11-30;1057194;Outras operações passivas e exigibilidades;;;143112;;2026-02-28
CLASSES - FIDC;12.674.257/0001-08;FC6 FIC DE FUNDO DE INVESTIMENTO EM DIREITOS CREDITÓRIOS RESPONSABILIDADE LIMITADA;2025-11-30;1057194;Valores a pagar;;;393940;;2026-02-28
CLASSES - FIDC;12.674.257/0001-08;FC6 FIC DE FUNDO DE INVESTIMENTO EM DIREITOS CREDITÓRIOS RESPONSABILIDADE LIMITADA;2025-11-30;1057194;Valores a receber;;;1846;;2026-02-28
CLASSES - FIDC;14.744.913/0001-27;MULTIPLIX FIC DE FUNDOS DE INVESTIMENTO EM DIREITOS CREDITÓRIOS - RESPONSABILIDADE LIMITADA;2025-11-30;1051464;Cotas de Fundos;0;0;49897492;;2026-02-28
CLASSES - FIDC;14.744.913/0001-27;MULTIPLIX FIC DE FUNDOS DE INVESTIMENTO EM DIREITOS CREDITÓRIOS - RESPONSABILIDADE LIMITADA;2025-11-30;1051464;Valores a pagar;;;9134;;2026-02-28
CLASSES - FIDC;14.744.913/0001-27;MULTIPLIX FIC DE FUNDOS DE INVESTIMENTO EM DIREITOS CREDITÓRIOS - RESPONSABILIDADE LIMITADA;2025-11-30;1051464;Valores a receber;;;14789;;2026-02-28
CLASSES - FIDC;17.198.845/0001-36;INVISTA I FIC FIDC MULTISSETORIAL NAO PADRONIZADO;2025-11-30;1055274;Cotas de Fundos;0;0;2018199455;;2026-02-28
CLASSES - FIDC;17.198.845/0001-36;INVISTA I FIC FIDC MULTISSETORIAL NAO PADRONIZADO;2025-11-30;1055274;Valores a pagar;;;113915;;2026-02-28
CLASSES - FIDC;17.198.845/0001-36;INVISTA I FIC FIDC MULTISSETORIAL NAO PADRONIZADO;2025-11-30;1055274;Valores a receber;;;50637;;2026-02-28
CLASSES - FIDC;18.048.642/0001-26;BLC FUNDO DE INVESTIMENTO EM COTAS DE FUNDOS DE INVESTIMENTO EM DIREITOS CREDITÓRIOS NÃO-PADRONIZADO;2025-11-30;1060945;Cotas de Fundos;;;2347038794;;2026-02-28
CLASSES - FIDC;18.048.642/0001-26;BLC FUNDO DE INVESTIMENTO EM COTAS DE FUNDOS DE INVESTIMENTO EM DIREITOS CREDITÓRIOS NÃO-PADRONIZADO;2025-11-30;1060945;Valores a pagar;;;6950073;;2026-02-28
CLASSES - FIDC;20.997.817/0001-93;SPECIAL SITUATIONS II FI EM COTAS DE FUNDO DE INVESTIMENTO EM DIREITOS CREDITÓRIOS MULTICARTEIRA;2025-11-30;1057185;Cotas de Fundos;;;8620173;;2026-02-28
CLASSES - FIDC;20.997.817/0001-93;SPECIAL SITUATIONS II FI EM COTAS DE FUNDO DE INVESTIMENTO EM DIREITOS CREDITÓRIOS MULTICARTEIRA;2025-11-30;1057185;Disponibilidades;;;6305;;2026-02-28
CLASSES - FIDC;20.997.817/0001-93;SPECIAL SITUATIONS II FI EM COTAS DE FUNDO DE INVESTIMENTO EM DIREITOS CREDITÓRIOS MULTICARTEIRA;2025-11-30;1057185;Títulos Públicos;0;0;89236;;2026-02-28
CLASSES - FIDC;20.997.817/0001-93;SPECIAL SITUATIONS II FI EM COTAS DE FUNDO DE INVESTIMENTO EM DIREITOS CREDITÓRIOS MULTICARTEIRA;2025-11-30;1057185;Valores a pagar;;;20458;;2026-02-28
CLASSES - FIDC;20.997.817/0001-93;SPECIAL SITUATIONS II FI EM COTAS DE FUNDO DE INVESTIMENTO EM DIREITOS CREDITÓRIOS MULTICARTEIRA;2025-11-30;1057185;Valores a receber;;;417;;2026-02-28
CLASSES - FIDC;20.997.818/0001-38;SPECIAL SITUATIONS I FI EM COTAS DE FUNDO DE INVESTIMENTO EM DIREITOS CREDITÓRIOS MULTICARTEIRA;2025-11-30;1057183;Cotas de Fundos;;;9492099;;2026-02-28
CLASSES - FIDC;20.997.818/0001-38;SPECIAL SITUATIONS I FI EM COTAS DE FUNDO DE INVESTIMENTO EM DIREITOS CREDITÓRIOS MULTICARTEIRA;2025-11-30;1057183;Disponibilidades;;;8874;;2026-02-28
CLASSES - FIDC;20.997.818/0001-38;SPECIAL SITUATIONS I FI EM COTAS DE FUNDO DE INVESTIMENTO EM DIREITOS CREDITÓRIOS MULTICARTEIRA;2025-11-30;1057183;Títulos Públicos;0;0;17847;;2026-02-28
CLASSES - FIDC;20.997.818/0001-38;SPECIAL SITUATIONS I FI EM COTAS DE FUNDO DE INVESTIMENTO EM DIREITOS CREDITÓRIOS MULTICARTEIRA;2025-11-30;1057183;Valores a pagar;;;21892;;2026-02-28
CLASSES - FIDC;20.997.818/0001-38;SPECIAL SITUATIONS I FI EM COTAS DE FUNDO DE INVESTIMENTO EM DIREITOS CREDITÓRIOS MULTICARTEIRA;2025-11-30;1057183;Valores a receber;;;417;;2026-02-28
CLASSES - FIDC;22.150.467/0001-50;VINCI CRÉDITO ESTRUTURADO SELECTION ADVISORY FIC DE DIREITOS CREDITÓRIOS - RESP LIMITADA;2025-11-30;1058457;Cotas de Fundos;;;306521836;;2026-02-28
CLASSES - FIDC;22.150.467/0001-50;VINCI CRÉDITO ESTRUTURADO SELECTION ADVISORY FIC DE DIREITOS CREDITÓRIOS - RESP LIMITADA;2025-11-30;1058457;Disponibilidades;;;500;;2026-02-28
CLASSES - FIDC;22.150.467/0001-50;VINCI CRÉDITO ESTRUTURADO SELECTION ADVISORY FIC DE DIREITOS CREDITÓRIOS - RESP LIMITADA;2025-11-30;1058457;Operações Compromissadas;;;52428967;;2026-02-28
CLASSES - FIDC;22.150.467/0001-50;VINCI CRÉDITO ESTRUTURADO SELECTION ADVISORY FIC DE DIREITOS CREDITÓRIOS - RESP LIMITADA;2025-11-30;1058457;Valores a pagar;;;831531;;2026-02-28
CLASSES - FIDC;22.150.467/0001-50;VINCI CRÉDITO ESTRUTURADO SELECTION ADVISORY FIC DE DIREITOS CREDITÓRIOS - RESP LIMITADA;2025-11-30;1058457;Valores a receber;;;2603;;2026-02-28
CLASSES - FIDC;22.282.621/0001-48;VINCI CRÉDITO ESTRUTURADO SELEÇÃO FIC DE FIDC - RESP LIMITADA;2025-11-30;1058463;Cotas de Fundos;;;107363768;;2026-02-28
CLASSES - FIDC;22.282.621/0001-48;VINCI CRÉDITO ESTRUTURADO SELEÇÃO FIC DE FIDC - RESP LIMITADA;2025-11-30;1058463;Disponibilidades;;;500;;2026-02-28
CLASSES - FIDC;22.282.621/0001-48;VINCI CRÉDITO ESTRUTURADO SELEÇÃO FIC DE FIDC - RESP LIMITADA;2025-11-30;1058463;Operações Compromissadas;;;1527508;;2026-02-28
CLASSES - FIDC;22.282.621/0001-48;VINCI CRÉDITO ESTRUTURADO SELEÇÃO FIC DE FIDC - RESP LIMITADA;2025-11-30;1058463;Valores a pagar;;;270909;;2026-02-28
CLASSES - FIDC;22.282.621/0001-48;VINCI CRÉDITO ESTRUTURADO SELEÇÃO FIC DE FIDC - RESP LIMITADA;2025-11-30;1058463;Valores a receber;;;1735;;2026-02-28
CLASSES - FIDC;22.282.646/0001-41;VINCI CRÉDITO ESTRUTURADO SELECTION MASTER FIC DE FIDC - RESP LIMITADA;2025-11-30;1058462;Cotas de Fundos;;;401291562;;2026-02-28
CLASSES - FIDC;22.282.646/0001-41;VINCI CRÉDITO ESTRUTURADO SELECTION MASTER FIC DE FIDC - RESP LIMITADA;2025-11-30;1058462;Disponibilidades;;;1000;;2026-02-28
CLASSES - FIDC;22.282.646/0001-41;VINCI CRÉDITO ESTRUTURADO SELECTION MASTER FIC DE FIDC - RESP LIMITADA;2025-11-30;1058462;Operações Compromissadas;;;8565288;;2026-02-28
CLASSES - FIDC;22.282.646/0001-41;VINCI CRÉDITO ESTRUTURADO SELECTION MASTER FIC DE FIDC - RESP LIMITADA;2025-11-30;1058462;Valores a pagar;;;34044;;2026-02-28
CLASSES - FIDC;22.282.646/0001-41;VINCI CRÉDITO ESTRUTURADO SELECTION MASTER FIC DE FIDC - RESP LIMITADA;2025-11-30;1058462;Valores a receber;;;108565;;2026-02-28
CLASSES - FIDC;22.282.851/0001-07;VIRGÍNIA FIC DE FIDC MULTISSETORIAL - RESPONSABILIDADE LIMITADA;2025-11-30;1051418;Cotas de Fundos;0;0;28333158;;2026-02-28
CLASSES - FIDC;22.282.851/0001-07;VIRGÍNIA FIC DE FIDC MULTISSETORIAL - RESPONSABILIDADE LIMITADA;2025-11-30;1051418;Valores a pagar;;;15479;;2026-02-28
CLASSES - FIDC;22.282.851/0001-07;VIRGÍNIA FIC DE FIDC MULTISSETORIAL - RESPONSABILIDADE LIMITADA;2025-11-30;1051418;Valores a receber;;;18441;;2026-02-28
CLASSES - FIDC;23.956.944/0001-32;CANAL 4 FUNDO DE INVESTIMENTO EM COTAS DE FUNDOS DE INVESTIMENTO EM DIREITOS CREDITÓRIOS;2025-11-30;1056973;Cotas de Fundos;0;0;226850;;2026-02-28
CLASSES - FIDC;23.956.944/0001-32;CANAL 4 FUNDO DE INVESTIMENTO EM COTAS DE FUNDOS DE INVESTIMENTO EM DIREITOS CREDITÓRIOS;2025-11-30;1056973;Disponibilidades;;;5445;;2026-02-28
CLASSES - FIDC;23.956.944/0001-32;CANAL 4 FUNDO DE INVESTIMENTO EM COTAS DE FUNDOS DE INVESTIMENTO EM DIREITOS CREDITÓRIOS;2025-11-30;1056973;Valores a pagar;;;6000;;2026-02-28
CLASSES - FIDC;23.956.944/0001-32;CANAL 4 FUNDO DE INVESTIMENTO EM COTAS DE FUNDOS DE INVESTIMENTO EM DIREITOS CREDITÓRIOS;2025-11-30;1056973;Valores a receber;;;416;;2026-02-28
CLASSES - FIDC;23.980.344/0001-00;NOBEL FUNDO DE INVESTIMENTO EM COTAS DE FUNDOS DE INVESTIMENTO EM DIREITOS CREDITÓRIOS;2025-11-30;1051480;Cotas de Fundos;0;0;31102655;;2026-02-28
CLASSES - FIDC;23.980.344/0001-00;NOBEL FUNDO DE INVESTIMENTO EM COTAS DE FUNDOS DE INVESTIMENTO EM DIREITOS CREDITÓRIOS;2025-11-30;1051480;Valores a pagar;;;15761;;2026-02-28
CLASSES - FIDC;23.980.344/0001-00;NOBEL FUNDO DE INVESTIMENTO EM COTAS DE FUNDOS DE INVESTIMENTO EM DIREITOS CREDITÓRIOS;2025-11-30;1051480;Valores a receber;;;3955;;2026-02-28
CLASSES - FIDC;24.331.364/0001-12;CIPA FUNDO DE INVESTIMENTO EM COTAS DE FUNDOS DE INVESTIMENTO EM DIREITOS CREDITORIOS;2025-11-30;1051855;Cotas de Fundos;0;0;97826270;;2026-02-28
CLASSES - FIDC;24.331.364/0001-12;CIPA FUNDO DE INVESTIMENTO EM COTAS DE FUNDOS DE INVESTIMENTO EM DIREITOS CREDITORIOS;2025-11-30;1051855;Valores a pagar;;;7264;;2026-02-28
CLASSES - FIDC;24.331.364/0001-12;CIPA FUNDO DE INVESTIMENTO EM COTAS DE FUNDOS DE INVESTIMENTO EM DIREITOS CREDITORIOS;2025-11-30;1051855;Valores a receber;;;9982;;2026-02-28
CLASSES - FIDC;26.207.801/0001-16;AQUIRAZ FIC DE FUNDOS DE INVESTIMENTO EM DIREITOS CREDITORIOS MULTISSETORIAL;2025-11-30;1057429;Cotas de Fundos;0;0;46350949;;2026-02-28
CLASSES - FIDC;26.207.801/0001-16;AQUIRAZ FIC DE FUNDOS DE INVESTIMENTO EM DIREITOS CREDITORIOS MULTISSETORIAL;2025-11-30;1057429;Valores a pagar;;;28623;;2026-02-28
CLASSES - FIDC;26.207.801/0001-16;AQUIRAZ FIC DE FUNDOS DE INVESTIMENTO EM DIREITOS CREDITORIOS MULTISSETORIAL;2025-11-30;1057429;Valores a receber;;;22002;;2026-02-28
CLASSES - FIDC;27.500.576/0001-74;HOD MULTIPLICA 90 FUNDO DE INVESTIMENTO EM COTAS DE FUNDO DE  INVESTIMENTO EM DIREITOS CREDITÓRIOS;2025-11-30;1055090;Cotas de Fundos;4275380;1109705;259490443;;2026-02-28
CLASSES - FIDC;27.500.576/0001-74;HOD MULTIPLICA 90 FUNDO DE INVESTIMENTO EM COTAS DE FUNDO DE  INVESTIMENTO EM DIREITOS CREDITÓRIOS;2025-11-30;1055090;Disponibilidades;;;3104429;;2026-02-28
CLASSES - FIDC;27.500.576/0001-74;HOD MULTIPLICA 90 FUNDO DE INVESTIMENTO EM COTAS DE FUNDO DE  INVESTIMENTO EM DIREITOS CREDITÓRIOS;2025-11-30;1055090;Títulos Públicos;0;8519;4030;;2026-02-28
CLASSES - FIDC;27.500.576/0001-74;HOD MULTIPLICA 90 FUNDO DE INVESTIMENTO EM COTAS DE FUNDO DE  INVESTIMENTO EM DIREITOS CREDITÓRIOS;2025-11-30;1055090;Valores a pagar;;;1529031;;2026-02-28
CLASSES - FIDC;27.500.576/0001-74;HOD MULTIPLICA 90 FUNDO DE INVESTIMENTO EM COTAS DE FUNDO DE  INVESTIMENTO EM DIREITOS CREDITÓRIOS;2025-11-30;1055090;Valores a receber;;;17620;;2026-02-28
CLASSES - FIDC;27.944.627/0001-57;RESQ II FUNDO DE INVESTIMENTO EM COTAS DE FUNDOS DE INVESTIMENTO EM DIREITOS CREDITÓRIOS NP;2025-11-30;1052600;Cotas de Fundos;0;0;418405519;;2026-02-28
CLASSES - FIDC;27.944.627/0001-57;RESQ II FUNDO DE INVESTIMENTO EM COTAS DE FUNDOS DE INVESTIMENTO EM DIREITOS CREDITÓRIOS NP;2025-11-30;1052600;Títulos Públicos;0;0;53566;;2026-02-28
CLASSES - FIDC;27.944.627/0001-57;RESQ II FUNDO DE INVESTIMENTO EM COTAS DE FUNDOS DE INVESTIMENTO EM DIREITOS CREDITÓRIOS NP;2025-11-30;1052600;Valores a pagar;;;218664;;2026-02-28
CLASSES - FIDC;27.944.627/0001-57;RESQ II FUNDO DE INVESTIMENTO EM COTAS DE FUNDOS DE INVESTIMENTO EM DIREITOS CREDITÓRIOS NP;2025-11-30;1052600;Valores a receber;;;150633;;2026-02-28
CLASSES - FIDC;28.065.377/0001-48;SERRANA - FUNDO DE INVESTIMENTO EM QUOTAS DE FUNDO DE INVESTIMENTO EM DIREITOS CREDITÓRIOS;2025-11-30;1056988;Cotas de Fundos;3000;12;120443420;;2026-02-28
CLASSES - FIDC;28.065.377/0001-48;SERRANA - FUNDO DE INVESTIMENTO EM QUOTAS DE FUNDO DE INVESTIMENTO EM DIREITOS CREDITÓRIOS;2025-11-30;1056988;Disponibilidades;;;2140;;2026-02-28
CLASSES - FIDC;28.065.377/0001-48;SERRANA - FUNDO DE INVESTIMENTO EM QUOTAS DE FUNDO DE INVESTIMENTO EM DIREITOS CREDITÓRIOS;2025-11-30;1056988;Valores a pagar;;;774000;;2026-02-28
CLASSES - FIDC;28.065.377/0001-48;SERRANA - FUNDO DE INVESTIMENTO EM QUOTAS DE FUNDO DE INVESTIMENTO EM DIREITOS CREDITÓRIOS;2025-11-30;1056988;Valores a receber;;;2682;;2026-02-28
CLASSES - FIDC;28.079.865/0001-04;XPLORER FUNDO DE INVESTIMENTO EM COTAS DE FUNDOS DE INVESTIMENTO EM DIREITOS CREDITÓRIOS;2025-11-30;1051426;Cotas de Fundos;0;0;29890293;;2026-02-28
CLASSES - FIDC;28.079.865/0001-04;XPLORER FUNDO DE INVESTIMENTO EM COTAS DE FUNDOS DE INVESTIMENTO EM DIREITOS CREDITÓRIOS;2025-11-30;1051426;Valores a pagar;;;13398;;2026-02-28
CLASSES - FIDC;28.079.865/0001-04;XPLORER FUNDO DE INVESTIMENTO EM COTAS DE FUNDOS DE INVESTIMENTO EM DIREITOS CREDITÓRIOS;2025-11-30;1051426;Valores a receber;;;24200;;2026-02-28
CLASSES - FIDC;28.819.664/0001-04;TREVYS FUNDO DE INVESTIMENTO EM COTAS DE FUNDOS DE INVESTIMENTO EM DIREITOS CREDITÓRIOS;2025-11-30;1051520;Cotas de Fundos;0;0;14188844;;2026-02-28
CLASSES - FIDC;28.819.664/0001-04;TREVYS FUNDO DE INVESTIMENTO EM COTAS DE FUNDOS DE INVESTIMENTO EM DIREITOS CREDITÓRIOS;2025-11-30;1051520;Valores a pagar;;;6823;;2026-02-28
CLASSES - FIDC;28.819.664/0001-04;TREVYS FUNDO DE INVESTIMENTO EM COTAS DE FUNDOS DE INVESTIMENTO EM DIREITOS CREDITÓRIOS;2025-11-30;1051520;Valores a receber;;;5729;;2026-02-28
CLASSES - FIDC;29.152.737/0001-01;POUSO ALEGRE FIC FIDC MULTISSETORIAL - RESPONSABILIDADE LIMITADA;2025-11-30;1051457;Cotas de Fundos;0;0;31989603;;2026-02-28
CLASSES - FIDC;29.152.737/0001-01;POUSO ALEGRE FIC FIDC MULTISSETORIAL - RESPONSABILIDADE LIMITADA;2025-11-30;1051457;Valores a pagar;;;13642;;2026-02-28
CLASSES - FIDC;29.152.737/0001-01;POUSO ALEGRE FIC FIDC MULTISSETORIAL - RESPONSABILIDADE LIMITADA;2025-11-30;1051457;Valores a receber;;;21769;;2026-02-28
CLASSES - FIDC;29.226.492/0001-10;TAURUS FUNDO DE INVESTIMENTO EM COTAS DE FUNDO DE INVESTIMENTO EM DIREITOS CREDITÓRIOS NÃO PADRONIZA;2025-11-30;1052053;Cotas de Fundos;0;0;339572467;;2026-02-28
CLASSES - FIDC;29.226.492/0001-10;TAURUS FUNDO DE INVESTIMENTO EM COTAS DE FUNDO DE INVESTIMENTO EM DIREITOS CREDITÓRIOS NÃO PADRONIZA;2025-11-30;1052053;Valores a pagar;;;9275;;2026-02-28
CLASSES - FIDC;29.226.492/0001-10;TAURUS FUNDO DE INVESTIMENTO EM COTAS DE FUNDO DE INVESTIMENTO EM DIREITOS CREDITÓRIOS NÃO PADRONIZA;2025-11-30;1052053;Valores a receber;;;16879;;2026-02-28
CLASSES - FIDC;29.242.992/0001-45;UNIQUE FUNDO DE INVESTIMENTO EM COTAS DE FUNDO DE INVESTIMENTO EM DIREITOS CREDITÓRIOS NÃO PADRONIZA;2025-11-30;1052051;Cotas de Fundos;0;0;71583923;;2026-02-28
CLASSES - FIDC;29.242.992/0001-45;UNIQUE FUNDO DE INVESTIMENTO EM COTAS DE FUNDO DE INVESTIMENTO EM DIREITOS CREDITÓRIOS NÃO PADRONIZA;2025-11-30;1052051;Valores a pagar;;;7906;;2026-02-28
CLASSES - FIDC;29.242.992/0001-45;UNIQUE FUNDO DE INVESTIMENTO EM COTAS DE FUNDO DE INVESTIMENTO EM DIREITOS CREDITÓRIOS NÃO PADRONIZA;2025-11-30;1052051;Valores a receber;;;5274;;2026-02-28
CLASSES - FIDC;29.284.735/0001-76;ACREDITAR FUNDO DE INVESTIMENTO EM COTAS DE FUNDOS DE INVESTIMENTO EM DIREITOS CREDITÓRIOS;2025-11-30;1051436;Cotas de Fundos;0;0;82804904;;2026-02-28
CLASSES - FIDC;29.284.735/0001-76;ACREDITAR FUNDO DE INVESTIMENTO EM COTAS DE FUNDOS DE INVESTIMENTO EM DIREITOS CREDITÓRIOS;2025-11-30;1051436;Valores a pagar;;;16695;;2026-02-28
CLASSES - FIDC;29.284.735/0001-76;ACREDITAR FUNDO DE INVESTIMENTO EM COTAS DE FUNDOS DE INVESTIMENTO EM DIREITOS CREDITÓRIOS;2025-11-30;1051436;Valores a receber;;;8490;;2026-02-28
CLASSES - FIDC;30.144.052/0001-00;DSX FUNDO DE INVESTIMENTO EM COTAS DE FUNDOS DE INVESTIMENTO DE DIREITOS CREDITÓRIOS;2025-11-30;1051476;Cotas de Fundos;0;0;12269036;;2026-02-28
CLASSES - FIDC;30.144.052/0001-00;DSX FUNDO DE INVESTIMENTO EM COTAS DE FUNDOS DE INVESTIMENTO DE DIREITOS CREDITÓRIOS;2025-11-30;1051476;Valores a pagar;;;8270;;2026-02-28
CLASSES - FIDC;30.144.052/0001-00;DSX FUNDO DE INVESTIMENTO EM COTAS DE FUNDOS DE INVESTIMENTO DE DIREITOS CREDITÓRIOS;2025-11-30;1051476;Valores a receber;;;3393;;2026-02-28
CLASSES - FIDC;31.024.416/0001-73;GII FUNDO DE INVESTIMENTO EM COTAS DE FUNDO DE INVESTIMENTO EM DIREITOS CREDITÓRIOS;2025-11-30;1051989;Cotas de Fundos;0;0;37555337;;2026-02-28
CLASSES - FIDC;31.024.416/0001-73;GII FUNDO DE INVESTIMENTO EM COTAS DE FUNDO DE INVESTIMENTO EM DIREITOS CREDITÓRIOS;2025-11-30;1051989;Valores a pagar;;;6461;;2026-02-28
CLASSES - FIDC;31.024.416/0001-73;GII FUNDO DE INVESTIMENTO EM COTAS DE FUNDO DE INVESTIMENTO EM DIREITOS CREDITÓRIOS;2025-11-30;1051989;Valores a receber;;;5598;;2026-02-28
CLASSES - FIDC;31.368.739/0001-84;KATCH FUNDO DE INVESTIMENTO EM COTAS DE FUNDO DE INVESTIMENTO EM DIREITOS CREDITÓRIOS;2025-11-30;1056976;Cotas de Fundos;11268;0;31087529;;2026-02-28
CLASSES - FIDC;31.368.739/0001-84;KATCH FUNDO DE INVESTIMENTO EM COTAS DE FUNDO DE INVESTIMENTO EM DIREITOS CREDITÓRIOS;2025-11-30;1056976;Disponibilidades;;;10831;;2026-02-28
CLASSES - FIDC;31.368.739/0001-84;KATCH FUNDO DE INVESTIMENTO EM COTAS DE FUNDO DE INVESTIMENTO EM DIREITOS CREDITÓRIOS;2025-11-30;1056976;Valores a pagar;;;10668;;2026-02-28
CLASSES - FIDC;31.368.739/0001-84;KATCH FUNDO DE INVESTIMENTO EM COTAS DE FUNDO DE INVESTIMENTO EM DIREITOS CREDITÓRIOS;2025-11-30;1056976;Valores a receber;;;1257;;2026-02-28
CLASSES - FIDC;31.770.515/0001-02;CASA 5 FUNDO DE INVESTIMENTO EM COTAS DE FUNDO DE INVESTIMENTO EM DIREITOS CREDITÓRIOS;2025-11-30;1051990;Cotas de Fundos;0;0;37330209;;2026-02-28
CLASSES - FIDC;31.770.515/0001-02;CASA 5 FUNDO DE INVESTIMENTO EM COTAS DE FUNDO DE INVESTIMENTO EM DIREITOS CREDITÓRIOS;2025-11-30;1051990;Valores a pagar;;;7047;;2026-02-28
CLASSES - FIDC;31.770.515/0001-02;CASA 5 FUNDO DE INVESTIMENTO EM COTAS DE FUNDO DE INVESTIMENTO EM DIREITOS CREDITÓRIOS;2025-11-30;1051990;Valores a receber;;;5368;;2026-02-28
CLASSES - FIDC;31.962.028/0001-33;TIME MACHINE FUNDO DE INVESTIMENTO EM COTAS DE FUNDO DE INVESTIMENTO EM DIREITOS CREDITÓRIOS;2025-11-30;1061197;Cotas de Fundos;;;76647034;;2026-02-28
CLASSES - FIDC;31.962.028/0001-33;TIME MACHINE FUNDO DE INVESTIMENTO EM COTAS DE FUNDO DE INVESTIMENTO EM DIREITOS CREDITÓRIOS;2025-11-30;1061197;Títulos Públicos;0;0;1537686;;2026-02-28
CLASSES - FIDC;31.962.028/0001-33;TIME MACHINE FUNDO DE INVESTIMENTO EM COTAS DE FUNDO DE INVESTIMENTO EM DIREITOS CREDITÓRIOS;2025-11-30;1061197;Valores a pagar;;;54579;;2026-02-28
CLASSES - FIDC;32.162.520/0001-97;FOUR CREDIT FUNDO DE INVESTIMENTO EM COTAS DE FUNDO DE INVESTIMENTO EM DIREITOS CREDITÓRIOS;2025-11-30;1051485;Cotas de Fundos;0;0;13261908;;2026-02-28
CLASSES - FIDC;32.162.520/0001-97;FOUR CREDIT FUNDO DE INVESTIMENTO EM COTAS DE FUNDO DE INVESTIMENTO EM DIREITOS CREDITÓRIOS;2025-11-30;1051485;Valores a pagar;;;5446;;2026-02-28
CLASSES - FIDC;32.162.520/0001-97;FOUR CREDIT FUNDO DE INVESTIMENTO EM COTAS DE FUNDO DE INVESTIMENTO EM DIREITOS CREDITÓRIOS;2025-11-30;1051485;Valores a receber;;;3643;;2026-02-28
CLASSES - FIDC;32.287.668/0001-58;ARKOS FUNDO DE INVESTIMENTO EM COTAS DE FUNDOS DE INVESTIMENTO EM DIREITOS CREDITÓRIOS;2025-11-30;1056965;Cotas de Fundos;0;4891342;29576259;;2026-02-28
CLASSES - FIDC;32.287.668/0001-58;ARKOS FUNDO DE INVESTIMENTO EM COTAS DE FUNDOS DE INVESTIMENTO EM DIREITOS CREDITÓRIOS;2025-11-30;1056965;Disponibilidades;;;72831;;2026-02-28
CLASSES - FIDC;32.287.668/0001-58;ARKOS FUNDO DE INVESTIMENTO EM COTAS DE FUNDOS DE INVESTIMENTO EM DIREITOS CREDITÓRIOS;2025-11-30;1056965;Valores a pagar;;;5712;;2026-02-28
CLASSES - FIDC;32.287.668/0001-58;ARKOS FUNDO DE INVESTIMENTO EM COTAS DE FUNDOS DE INVESTIMENTO EM DIREITOS CREDITÓRIOS;2025-11-30;1056965;Valores a receber;;;1257;;2026-02-28
CLASSES - FIDC;32.525.937/0001-77;CONFIANÇA FUNDO DE INVESTIMENTO EM COTAS DE FUNDO DE INVESTIMENTO EM DIREITOS CREDITÓRIOS;2025-11-30;1051921;Cotas de Fundos;0;0;59437713;;2026-02-28
CLASSES - FIDC;32.525.937/0001-77;CONFIANÇA FUNDO DE INVESTIMENTO EM COTAS DE FUNDO DE INVESTIMENTO EM DIREITOS CREDITÓRIOS;2025-11-30;1051921;Valores a pagar;;;12918;;2026-02-28
CLASSES - FIDC;32.525.937/0001-77;CONFIANÇA FUNDO DE INVESTIMENTO EM COTAS DE FUNDO DE INVESTIMENTO EM DIREITOS CREDITÓRIOS;2025-11-30;1051921;Valores a receber;;;6263;;2026-02-28
CLASSES - FIDC;32.525.986/0001-00;PARAGON FUNDO DE INVESTIMENTO EM COTAS DE FUNDO DE INVESTIMENTO EM DIREITOS CREDITÓRIOS;2025-11-30;1051483;Cotas de Fundos;0;0;51813627;;2026-02-28
CLASSES - FIDC;32.525.986/0001-00;PARAGON FUNDO DE INVESTIMENTO EM COTAS DE FUNDO DE INVESTIMENTO EM DIREITOS CREDITÓRIOS;2025-11-30;1051483;Valores a pagar;;;27827;;2026-02-28
CLASSES - FIDC;32.525.986/0001-00;PARAGON FUNDO DE INVESTIMENTO EM COTAS DE FUNDO DE INVESTIMENTO EM DIREITOS CREDITÓRIOS;2025-11-30;1051483;Valores a receber;;;5253;;2026-02-28
CLASSES - FIDC;32.999.032/0001-39;DCASH FUNDO DE INVESTIMENTO EM COTAS DE FUNDOS DE INVESTIMENTO EM DIREITOS CREDITÓRIOS;2025-11-30;1051442;Cotas de Fundos;0;0;67920385;;2026-02-28
CLASSES - FIDC;32.999.032/0001-39;DCASH FUNDO DE INVESTIMENTO EM COTAS DE FUNDOS DE INVESTIMENTO EM DIREITOS CREDITÓRIOS;2025-11-30;1051442;Valores a pagar;;;13271;;2026-02-28
CLASSES - FIDC;32.999.032/0001-39;DCASH FUNDO DE INVESTIMENTO EM COTAS DE FUNDOS DE INVESTIMENTO EM DIREITOS CREDITÓRIOS;2025-11-30;1051442;Valores a receber;;;10670;;2026-02-28
CLASSES - FIDC;33.632.618/0001-23;NOVA CAPITAL FUNDO DE INVESTIMENTO EM QUOTAS FUNDOS DE INVESTIMENTO EM DIREITOS CREDITORIOS;2025-11-30;1051938;Cotas de Fundos;0;0;52532439;;2026-02-28
CLASSES - FIDC;33.632.618/0001-23;NOVA CAPITAL FUNDO DE INVESTIMENTO EM QUOTAS FUNDOS DE INVESTIMENTO EM DIREITOS CREDITORIOS;2025-11-30;1051938;Valores a pagar;;;7657;;2026-02-28
CLASSES - FIDC;33.632.618/0001-23;NOVA CAPITAL FUNDO DE INVESTIMENTO EM QUOTAS FUNDOS DE INVESTIMENTO EM DIREITOS CREDITORIOS;2025-11-30;1051938;Valores a receber;;;24538;;2026-02-28
CLASSES - FIDC;35.871.456/0001-01;SEJA FUNDO DE INVESTIMENTO EM COTAS DE FUNDO DE INVESTIMENTO EM DIREITOS CREDITÓRIOS;2025-11-30;1052142;Cotas de Fundos;0;0;41687445;;2026-02-28
CLASSES - FIDC;35.871.456/0001-01;SEJA FUNDO DE INVESTIMENTO EM COTAS DE FUNDO DE INVESTIMENTO EM DIREITOS CREDITÓRIOS;2025-11-30;1052142;Valores a pagar;;;16009;;2026-02-28
CLASSES - FIDC;35.871.456/0001-01;SEJA FUNDO DE INVESTIMENTO EM COTAS DE FUNDO DE INVESTIMENTO EM DIREITOS CREDITÓRIOS;2025-11-30;1052142;Valores a receber;;;4643;;2026-02-28
CLASSES - FIDC;36.113.052/0001-11;POSITANO FUNDO DE INVESTIMENTO EM COTAS DE FUNDO DE INVESTIMENTO EM DIREITOS CREDITÓRIOS;2025-11-30;1051435;Cotas de Fundos;0;0;30858171;;2026-02-28
CLASSES - FIDC;36.113.052/0001-11;POSITANO FUNDO DE INVESTIMENTO EM COTAS DE FUNDO DE INVESTIMENTO EM DIREITOS CREDITÓRIOS;2025-11-30;1051435;Títulos Públicos;0;0;1298101;;2026-02-28
CLASSES - FIDC;36.113.052/0001-11;POSITANO FUNDO DE INVESTIMENTO EM COTAS DE FUNDO DE INVESTIMENTO EM DIREITOS CREDITÓRIOS;2025-11-30;1051435;Valores a pagar;;;85469;;2026-02-28
CLASSES - FIDC;36.113.052/0001-11;POSITANO FUNDO DE INVESTIMENTO EM COTAS DE FUNDO DE INVESTIMENTO EM DIREITOS CREDITÓRIOS;2025-11-30;1051435;Valores a receber;;;4240;;2026-02-28
CLASSES - FIDC;36.293.650/0001-10;VIA CAPITAL MATRAMERUS FUNDO DE INVESTIMENTO EM COTAS DE FUNDOS DE INVESTIMENTO EM DIREITOS CREDITÓR;2025-11-30;1055276;Cotas de Fundos;0;0;25786651;;2026-02-28
CLASSES - FIDC;36.293.650/0001-10;VIA CAPITAL MATRAMERUS FUNDO DE INVESTIMENTO EM COTAS DE FUNDOS DE INVESTIMENTO EM DIREITOS CREDITÓR;2025-11-30;1055276;Valores a pagar;;;10784;;2026-02-28
CLASSES - FIDC;36.293.650/0001-10;VIA CAPITAL MATRAMERUS FUNDO DE INVESTIMENTO EM COTAS DE FUNDOS DE INVESTIMENTO EM DIREITOS CREDITÓR;2025-11-30;1055276;Valores a receber;;;2966;;2026-02-28
CLASSES - FIDC;36.420.767/0001-17;U.NIC FUNDO DE INVESTIMENTO EM COTAS DE FUNDO DE INVESTIMENTOS EM DIREITOS CREDITÓRIOS;2025-11-30;1051489;Cotas de Fundos;0;0;5407771;;2026-02-28
CLASSES - FIDC;36.420.767/0001-17;U.NIC FUNDO DE INVESTIMENTO EM COTAS DE FUNDO DE INVESTIMENTOS EM DIREITOS CREDITÓRIOS;2025-11-30;1051489;Valores a pagar;;;8904;;2026-02-28
CLASSES - FIDC;36.420.767/0001-17;U.NIC FUNDO DE INVESTIMENTO EM COTAS DE FUNDO DE INVESTIMENTOS EM DIREITOS CREDITÓRIOS;2025-11-30;1051489;Valores a receber;;;14749;;2026-02-28
CLASSES - FIDC;37.121.165/0001-21;COOPERA FEEDER FUNDO DE INVESTIMENTO EM DIREITOS CREDITÓRIOS;2025-11-30;1051623;Cotas de Fundos;0;0;64742870;;2026-02-28
CLASSES - FIDC;37.121.165/0001-21;COOPERA FEEDER FUNDO DE INVESTIMENTO EM DIREITOS CREDITÓRIOS;2025-11-30;1051623;Valores a pagar;;;42790;;2026-02-28
CLASSES - FIDC;37.121.165/0001-21;COOPERA FEEDER FUNDO DE INVESTIMENTO EM DIREITOS CREDITÓRIOS;2025-11-30;1051623;Valores a receber;;;5371;;2026-02-28
CLASSES - FIDC;39.469.191/0001-70;EVEREST K2 FUNDO DE INVESTIMENTO EM COTAS DE FUNDO DE INVESTIMENTO EM DIREITOS CREDITÓRIOS;2025-11-30;1051498;Cotas de Fundos;0;0;6239157;;2026-02-28
CLASSES - FIDC;39.469.191/0001-70;EVEREST K2 FUNDO DE INVESTIMENTO EM COTAS DE FUNDO DE INVESTIMENTO EM DIREITOS CREDITÓRIOS;2025-11-30;1051498;Valores a pagar;;;102341;;2026-02-28
CLASSES - FIDC;39.469.191/0001-70;EVEREST K2 FUNDO DE INVESTIMENTO EM COTAS DE FUNDO DE INVESTIMENTO EM DIREITOS CREDITÓRIOS;2025-11-30;1051498;Valores a receber;;;2019;;2026-02-28
CLASSES - FIDC;39.806.180/0001-39;BM INFRA FUNDO DE INVESTIMENTO EM COTAS DE FUNDOS DE  INVESTIMENTO EM DIREITOS CREDITÓRIO;2025-11-30;1051465;Cotas de Fundos;0;0;213289850;;2026-02-28
CLASSES - FIDC;39.806.180/0001-39;BM INFRA FUNDO DE INVESTIMENTO EM COTAS DE FUNDOS DE  INVESTIMENTO EM DIREITOS CREDITÓRIO;2025-11-30;1051465;Valores a pagar;;;25555;;2026-02-28
CLASSES - FIDC;39.806.180/0001-39;BM INFRA FUNDO DE INVESTIMENTO EM COTAS DE FUNDOS DE  INVESTIMENTO EM DIREITOS CREDITÓRIO;2025-11-30;1051465;Valores a receber;;;16879;;2026-02-28
CLASSES - FIDC;40.902.151/0001-50;JP CAPITAL FUNDO DE INVESTIMENTO EM COTAS DE  FUNDOS DE INVESTIMENTO EM DIREITOS CREDITÓRIOS;2025-11-30;1051422;Cotas de Fundos;0;0;46164275;;2026-02-28
CLASSES - FIDC;40.902.151/0001-50;JP CAPITAL FUNDO DE INVESTIMENTO EM COTAS DE  FUNDOS DE INVESTIMENTO EM DIREITOS CREDITÓRIOS;2025-11-30;1051422;Valores a pagar;;;9223;;2026-02-28
CLASSES - FIDC;40.902.151/0001-50;JP CAPITAL FUNDO DE INVESTIMENTO EM COTAS DE  FUNDOS DE INVESTIMENTO EM DIREITOS CREDITÓRIOS;2025-11-30;1051422;Valores a receber;;;4267;;2026-02-28
CLASSES - FIDC;40.989.019/0001-27;FUNDO DE INVESTIMENTO EM COTAS DE FUNDOS DE INVESTIMENTO EM DIREITOS CREDITÓRIOS GRAMADO;2025-11-30;1051467;Cotas de Fundos;0;0;101585056;;2026-02-28
CLASSES - FIDC;40.989.019/0001-27;FUNDO DE INVESTIMENTO EM COTAS DE FUNDOS DE INVESTIMENTO EM DIREITOS CREDITÓRIOS GRAMADO;2025-11-30;1051467;Valores a pagar;;;2528008;;2026-02-28
CLASSES - FIDC;40.989.019/0001-27;FUNDO DE INVESTIMENTO EM COTAS DE FUNDOS DE INVESTIMENTO EM DIREITOS CREDITÓRIOS GRAMADO;2025-11-30;1051467;Valores a receber;;;9718;;2026-02-28
CLASSES - FIDC;41.163.552/0001-06;BRAVE RAGNAR FUNDO DE INVESTIMENTO EM COTAS DE FUNDO DE INVESTIMENTO EM DIREITOS CREDITÓRIOS;2025-11-30;1051982;Cotas de Fundos;0;0;6807134;;2026-02-28
CLASSES - FIDC;41.163.552/0001-06;BRAVE RAGNAR FUNDO DE INVESTIMENTO EM COTAS DE FUNDO DE INVESTIMENTO EM DIREITOS CREDITÓRIOS;2025-11-30;1051982;Valores a pagar;;;31955;;2026-02-28
CLASSES - FIDC;41.163.552/0001-06;BRAVE RAGNAR FUNDO DE INVESTIMENTO EM COTAS DE FUNDO DE INVESTIMENTO EM DIREITOS CREDITÓRIOS;2025-11-30;1051982;Valores a receber;;;1978;;2026-02-28
CLASSES - FIDC;41.251.476/0001-82;RDP FUNDO DE INVESTIMENTO EM COTAS DE  FUNDOS DE INVESTIMENTO EM DIREITOS CREDITÓRIOS NÃO PADRONIZAD;2025-11-30;1053771;Cotas de Fundos;0;0;69562150;;2026-02-28
CLASSES - FIDC;41.251.476/0001-82;RDP FUNDO DE INVESTIMENTO EM COTAS DE  FUNDOS DE INVESTIMENTO EM DIREITOS CREDITÓRIOS NÃO PADRONIZAD;2025-11-30;1053771;Valores a pagar;;;538;;2026-02-28
CLASSES - FIDC;41.251.476/0001-82;RDP FUNDO DE INVESTIMENTO EM COTAS DE  FUNDOS DE INVESTIMENTO EM DIREITOS CREDITÓRIOS NÃO PADRONIZAD;2025-11-30;1053771;Valores a receber;;;25020;;2026-02-28
CLASSES - FIDC;41.351.648/0001-90;ACCESS FUNDO DE INVESTIMENTO EM COTAS DE FUNDOS DE INVESTIMENTO EM DIREITOS CREDITÓRIOS;2025-11-30;1051462;Cotas de Fundos;0;0;32856974;;2026-02-28
CLASSES - FIDC;41.351.648/0001-90;ACCESS FUNDO DE INVESTIMENTO EM COTAS DE FUNDOS DE INVESTIMENTO EM DIREITOS CREDITÓRIOS;2025-11-30;1051462;Valores a pagar;;;4692;;2026-02-28
CLASSES - FIDC;41.351.648/0001-90;ACCESS FUNDO DE INVESTIMENTO EM COTAS DE FUNDOS DE INVESTIMENTO EM DIREITOS CREDITÓRIOS;2025-11-30;1051462;Valores a receber;;;6603;;2026-02-28
CLASSES - FIDC;41.395.100/0001-41;BARU FUNDO DE INVESTIMENTO EM COTAS DE FUNDO DE INVESTIMENTO EM DIREITOS CREDITÓRIOS;2025-11-30;1051606;Cotas de Fundos;0;0;23387542;;2026-02-28
CLASSES - FIDC;41.395.100/0001-41;BARU FUNDO DE INVESTIMENTO EM COTAS DE FUNDO DE INVESTIMENTO EM DIREITOS CREDITÓRIOS;2025-11-30;1051606;Valores a pagar;;;9925;;2026-02-28
CLASSES - FIDC;41.395.100/0001-41;BARU FUNDO DE INVESTIMENTO EM COTAS DE FUNDO DE INVESTIMENTO EM DIREITOS CREDITÓRIOS;2025-11-30;1051606;Valores a receber;;;2966;;2026-02-28
CLASSES - FIDC;41.673.339/0001-36;SSE FUNDO DE INVESTIMENTO EM COTAS DE FUNDOS DE INVESTIMENTO EM DIREITOS CREDITÓRIOS NÃO PADRONIZADO;2025-11-30;1051785;Cotas de Fundos;0;0;291107009;;2026-02-28
CLASSES - FIDC;41.673.339/0001-36;SSE FUNDO DE INVESTIMENTO EM COTAS DE FUNDOS DE INVESTIMENTO EM DIREITOS CREDITÓRIOS NÃO PADRONIZADO;2025-11-30;1051785;Valores a pagar;;;110481;;2026-02-28
CLASSES - FIDC;41.673.339/0001-36;SSE FUNDO DE INVESTIMENTO EM COTAS DE FUNDOS DE INVESTIMENTO EM DIREITOS CREDITÓRIOS NÃO PADRONIZADO;2025-11-30;1051785;Valores a receber;;;16876;;2026-02-28
CLASSES - FIDC;41.907.181/0001-11;FIDEM BANK FUNDO DE INVESTIMENTO EM COTAS DE FUNDO DE INVESTIMENTO EM DIREITOS CREDITÓRIOS;2025-11-30;1056974;Cotas de Fundos;0;0;20371918;;2026-02-28
CLASSES - FIDC;41.907.181/0001-11;FIDEM BANK FUNDO DE INVESTIMENTO EM COTAS DE FUNDO DE INVESTIMENTO EM DIREITOS CREDITÓRIOS;2025-11-30;1056974;Disponibilidades;;;1032;;2026-02-28
CLASSES - FIDC;41.907.181/0001-11;FIDEM BANK FUNDO DE INVESTIMENTO EM COTAS DE FUNDO DE INVESTIMENTO EM DIREITOS CREDITÓRIOS;2025-11-30;1056974;Valores a pagar;;;14900;;2026-02-28
CLASSES - FIDC;41.907.181/0001-11;FIDEM BANK FUNDO DE INVESTIMENTO EM COTAS DE FUNDO DE INVESTIMENTO EM DIREITOS CREDITÓRIOS;2025-11-30;1056974;Valores a receber;;;1257;;2026-02-28
CLASSES - FIDC;41.992.676/0001-96;STARS BANK FUNDO DE INVESTIMENTO EM COTAS DE FUNDO DE INVESTIMENTO EM DIREITOS CREDITÓRIOS;2025-11-30;1058344;Cotas de Fundos;0;0;378416288;;2026-02-28
CLASSES - FIDC;41.992.676/0001-96;STARS BANK FUNDO DE INVESTIMENTO EM COTAS DE FUNDO DE INVESTIMENTO EM DIREITOS CREDITÓRIOS;2025-11-30;1058344;Valores a pagar;;;19186;;2026-02-28
CLASSES - FIDC;41.992.676/0001-96;STARS BANK FUNDO DE INVESTIMENTO EM COTAS DE FUNDO DE INVESTIMENTO EM DIREITOS CREDITÓRIOS;2025-11-30;1058344;Valores a receber;;;18231;;2026-02-28
CLASSES - FIDC;42.067.232/0001-07;JPI FUNDO DE INVESTIMENTO EM COTAS DE FUNDO DE INVESTIMENTO EM DIREITOS CREDITÓRIOS;2025-11-30;1051430;Cotas de Fundos;0;0;45094088;;2026-02-28
CLASSES - FIDC;42.067.232/0001-07;JPI FUNDO DE INVESTIMENTO EM COTAS DE FUNDO DE INVESTIMENTO EM DIREITOS CREDITÓRIOS;2025-11-30;1051430;Valores a pagar;;;20867;;2026-02-28
CLASSES - FIDC;42.067.232/0001-07;JPI FUNDO DE INVESTIMENTO EM COTAS DE FUNDO DE INVESTIMENTO EM DIREITOS CREDITÓRIOS;2025-11-30;1051430;Valores a receber;;;6612;;2026-02-28
CLASSES - FIDC;42.196.288/0001-61;FUNDO DE INVESTIMENTO EM COTAS DE FUNDOS DE INVESTIMENTO EM DIREITOS CREDITÓRIOS EXODUS INSTITUCIONA;2025-11-30;1051473;Cotas de Fundos;0;0;414858945;;2026-02-28
CLASSES - FIDC;42.196.288/0001-61;FUNDO DE INVESTIMENTO EM COTAS DE FUNDOS DE INVESTIMENTO EM DIREITOS CREDITÓRIOS EXODUS INSTITUCIONA;2025-11-30;1051473;Valores a pagar;;;374972;;2026-02-28
CLASSES - FIDC;42.196.288/0001-61;FUNDO DE INVESTIMENTO EM COTAS DE FUNDOS DE INVESTIMENTO EM DIREITOS CREDITÓRIOS EXODUS INSTITUCIONA;2025-11-30;1051473;Valores a receber;;;41124;;2026-02-28
CLASSES - FIDC;42.533.772/0001-39;CAMPINAS FUNDO DE INVESTIMENTO EM COTAS DE FUNDOS DE INVESTIMENTO EM DIREITOS CREDITÓRIOS - RESPONSA;2025-11-30;1051477;Cotas de Fundos;0;0;271954003;;2026-02-28
CLASSES - FIDC;42.533.772/0001-39;CAMPINAS FUNDO DE INVESTIMENTO EM COTAS DE FUNDOS DE INVESTIMENTO EM DIREITOS CREDITÓRIOS - RESPONSA;2025-11-30;1051477;Valores a pagar;;;4084715;;2026-02-28
CLASSES - FIDC;42.533.772/0001-39;CAMPINAS FUNDO DE INVESTIMENTO EM COTAS DE FUNDOS DE INVESTIMENTO EM DIREITOS CREDITÓRIOS - RESPONSA;2025-11-30;1051477;Valores a receber;;;1636839;;2026-02-28
CLASSES - FIDC;43.551.156/0001-73;ORRAM CORE FUNDO DE INVESTIMENTO EM COTAS DE FUNDO DE INVESTIMENTO EM DIREITOS CREDITÓRIOS;2025-11-30;1051432;Cotas de Fundos;0;0;636069792;;2026-02-28
CLASSES - FIDC;43.551.156/0001-73;ORRAM CORE FUNDO DE INVESTIMENTO EM COTAS DE FUNDO DE INVESTIMENTO EM DIREITOS CREDITÓRIOS;2025-11-30;1051432;Títulos Públicos;0;0;119887;;2026-02-28
CLASSES - FIDC;43.551.156/0001-73;ORRAM CORE FUNDO DE INVESTIMENTO EM COTAS DE FUNDO DE INVESTIMENTO EM DIREITOS CREDITÓRIOS;2025-11-30;1051432;Valores a pagar;;;184097;;2026-02-28
CLASSES - FIDC;43.551.156/0001-73;ORRAM CORE FUNDO DE INVESTIMENTO EM COTAS DE FUNDO DE INVESTIMENTO EM DIREITOS CREDITÓRIOS;2025-11-30;1051432;Valores a receber;;;16930;;2026-02-28
CLASSES - FIDC;43.551.206/0001-12;ORRAM 60 FUNDO DE INVESTIMENTO EM COTAS DE FUNDO DE INVESTIMENTO EM DIREITOS CREDITÓRIOS;2025-11-30;1051481;Cotas de Fundos;0;0;227546528;;2026-02-28
CLASSES - FIDC;43.551.206/0001-12;ORRAM 60 FUNDO DE INVESTIMENTO EM COTAS DE FUNDO DE INVESTIMENTO EM DIREITOS CREDITÓRIOS;2025-11-30;1051481;Títulos Públicos;0;0;89276;;2026-02-28
CLASSES - FIDC;43.551.206/0001-12;ORRAM 60 FUNDO DE INVESTIMENTO EM COTAS DE FUNDO DE INVESTIMENTO EM DIREITOS CREDITÓRIOS;2025-11-30;1051481;Valores a pagar;;;152610;;2026-02-28
CLASSES - FIDC;43.551.206/0001-12;ORRAM 60 FUNDO DE INVESTIMENTO EM COTAS DE FUNDO DE INVESTIMENTO EM DIREITOS CREDITÓRIOS;2025-11-30;1051481;Valores a receber;;;32701;;2026-02-28
CLASSES - FIDC;44.002.502/0001-27;KP GUARDIAN FUNDO DE INVESTIMENTO EM COTAS DE FIDC RESPONSABILIDADE LIMITADA;2025-11-30;1055269;Cotas de Fundos;0;0;14028075;;2026-02-28
CLASSES - FIDC;44.002.502/0001-27;KP GUARDIAN FUNDO DE INVESTIMENTO EM COTAS DE FIDC RESPONSABILIDADE LIMITADA;2025-11-30;1055269;Valores a pagar;;;7634;;2026-02-28
CLASSES - FIDC;44.002.502/0001-27;KP GUARDIAN FUNDO DE INVESTIMENTO EM COTAS DE FIDC RESPONSABILIDADE LIMITADA;2025-11-30;1055269;Valores a receber;;;2966;;2026-02-28
CLASSES - FIDC;44.415.066/0001-18;MENESTYS III FUNDO DE INVESTIMENTO EM COTAS DE FUNDOS DE INVESTIMENTO EM DIREITOS CREDITÓRIOS NP;2025-11-30;1056984;Cotas de Fundos;0;7972;72464482;;2026-02-28
CLASSES - FIDC;44.415.066/0001-18;MENESTYS III FUNDO DE INVESTIMENTO EM COTAS DE FUNDOS DE INVESTIMENTO EM DIREITOS CREDITÓRIOS NP;2025-11-30;1056984;Disponibilidades;;;12289;;2026-02-28
CLASSES - FIDC;44.415.066/0001-18;MENESTYS III FUNDO DE INVESTIMENTO EM COTAS DE FUNDOS DE INVESTIMENTO EM DIREITOS CREDITÓRIOS NP;2025-11-30;1056984;Outras aplicações;;;64372390;;2026-02-28
CLASSES - FIDC;44.415.066/0001-18;MENESTYS III FUNDO DE INVESTIMENTO EM COTAS DE FUNDOS DE INVESTIMENTO EM DIREITOS CREDITÓRIOS NP;2025-11-30;1056984;Valores a pagar;;;62736;;2026-02-28
CLASSES - FIDC;44.415.066/0001-18;MENESTYS III FUNDO DE INVESTIMENTO EM COTAS DE FUNDOS DE INVESTIMENTO EM DIREITOS CREDITÓRIOS NP;2025-11-30;1056984;Valores a receber;;;0;;2026-02-28
CLASSES - FIDC;44.571.204/0001-58;SABIA CREDIT FEEDER FUNDO DE INVESTIMENTO EM COTAS DE FUNDOS DE INVESTIMENTO EM DIREITOS CREDITÓRIOS;2025-11-30;1051630;Cotas de Fundos;0;0;50984859;;2026-02-28
CLASSES - FIDC;44.571.204/0001-58;SABIA CREDIT FEEDER FUNDO DE INVESTIMENTO EM COTAS DE FUNDOS DE INVESTIMENTO EM DIREITOS CREDITÓRIOS;2025-11-30;1051630;Valores a pagar;;;77564;;2026-02-28
CLASSES - FIDC;44.571.204/0001-58;SABIA CREDIT FEEDER FUNDO DE INVESTIMENTO EM COTAS DE FUNDOS DE INVESTIMENTO EM DIREITOS CREDITÓRIOS;2025-11-30;1051630;Valores a receber;;;5274;;2026-02-28
CLASSES - FIDC;44.705.452/0001-44;SEVEN CAPITAL FUNDO DE INVESTIMENTO EM COTAS DE FUNDO DE INVESTIMENTO EM DIREITOS CREDITÓRIOS;2025-11-30;1051479;Cotas de Fundos;0;0;40874548;;2026-02-28
CLASSES - FIDC;44.705.452/0001-44;SEVEN CAPITAL FUNDO DE INVESTIMENTO EM COTAS DE FUNDO DE INVESTIMENTO EM DIREITOS CREDITÓRIOS;2025-11-30;1051479;Títulos Públicos;0;0;12091;;2026-02-28
CLASSES - FIDC;44.705.452/0001-44;SEVEN CAPITAL FUNDO DE INVESTIMENTO EM COTAS DE FUNDO DE INVESTIMENTO EM DIREITOS CREDITÓRIOS;2025-11-30;1051479;Valores a pagar;;;14291;;2026-02-28
CLASSES - FIDC;44.705.452/0001-44;SEVEN CAPITAL FUNDO DE INVESTIMENTO EM COTAS DE FUNDO DE INVESTIMENTO EM DIREITOS CREDITÓRIOS;2025-11-30;1051479;Valores a receber;;;4360;;2026-02-28
CLASSES - FIDC;44.705.662/0001-32;OPERA I FUNDO DE INVESTIMENTO EM COTAS DE FUNDO DE INVESTIMENTO EM DIREITOS CREDITÓRIOS;2025-11-30;1051488;Cotas de Fundos;0;0;19241806;;2026-02-28
CLASSES - FIDC;44.705.662/0001-32;OPERA I FUNDO DE INVESTIMENTO EM COTAS DE FUNDO DE INVESTIMENTO EM DIREITOS CREDITÓRIOS;2025-11-30;1051488;Títulos Públicos;0;0;12091;;2026-02-28
CLASSES - FIDC;44.705.662/0001-32;OPERA I FUNDO DE INVESTIMENTO EM COTAS DE FUNDO DE INVESTIMENTO EM DIREITOS CREDITÓRIOS;2025-11-30;1051488;Valores a pagar;;;13226;;2026-02-28
CLASSES - FIDC;44.705.662/0001-32;OPERA I FUNDO DE INVESTIMENTO EM COTAS DE FUNDO DE INVESTIMENTO EM DIREITOS CREDITÓRIOS;2025-11-30;1051488;Valores a receber;;;4542;;2026-02-28
CLASSES - FIDC;45.025.014/0001-06;OC FUNDO DE INVESTIMENTO EM COTAS DE FUNDO DE INVESTIMENTO EM DIREITOS CREDITÓRIOS;2025-11-30;1051694;Cotas de Fundos;0;0;21484056;;2026-02-28
CLASSES - FIDC;45.025.014/0001-06;OC FUNDO DE INVESTIMENTO EM COTAS DE FUNDO DE INVESTIMENTO EM DIREITOS CREDITÓRIOS;2025-11-30;1051694;Valores a pagar;;;11902;;2026-02-28
CLASSES - FIDC;45.025.014/0001-06;OC FUNDO DE INVESTIMENTO EM COTAS DE FUNDO DE INVESTIMENTO EM DIREITOS CREDITÓRIOS;2025-11-30;1051694;Valores a receber;;;2966;;2026-02-28
CLASSES - FIDC;45.756.256/0001-61;OP QI FUNDO DE INVESTIMENTO EM COTAS DE FUNDOS DE INVESTIMENTO EM DIREITOS CREDITÓRIOS;2025-11-30;1051433;Cotas de Fundos;0;0;44352146;;2026-02-28
CLASSES - FIDC;45.756.256/0001-61;OP QI FUNDO DE INVESTIMENTO EM COTAS DE FUNDOS DE INVESTIMENTO EM DIREITOS CREDITÓRIOS;2025-11-30;1051433;Valores a pagar;;;25313;;2026-02-28
CLASSES - FIDC;45.756.256/0001-61;OP QI FUNDO DE INVESTIMENTO EM COTAS DE FUNDOS DE INVESTIMENTO EM DIREITOS CREDITÓRIOS;2025-11-30;1051433;Valores a receber;;;8405;;2026-02-28
CLASSES - FIDC;45.777.614/0001-12;MR FUNDO DE INVESTIMENTO EM COTAS DE FUNDOS DE INVESTIMENTO EM DIREITOS CREDITÓRIOS;2025-11-30;1055174;Cotas de Fundos;0;0;41002547;;2026-02-28
CLASSES - FIDC;45.777.614/0001-12;MR FUNDO DE INVESTIMENTO EM COTAS DE FUNDOS DE INVESTIMENTO EM DIREITOS CREDITÓRIOS;2025-11-30;1055174;Valores a pagar;;;15153;;2026-02-28
CLASSES - FIDC;45.777.614/0001-12;MR FUNDO DE INVESTIMENTO EM COTAS DE FUNDOS DE INVESTIMENTO EM DIREITOS CREDITÓRIOS;2025-11-30;1055174;Valores a receber;;;39534;;2026-02-28
CLASSES - FIDC;46.339.885/0001-59;V8 GTO CIC DE CLASSES DE INVESTIMENTO EM DIREITOS CREDITÓRIOS - RESP LIMITADA;2025-11-30;1057934;Cotas de Fundos;6114400;13336917;87987628;;2026-02-28
CLASSES - FIDC;46.339.885/0001-59;V8 GTO CIC DE CLASSES DE INVESTIMENTO EM DIREITOS CREDITÓRIOS - RESP LIMITADA;2025-11-30;1057934;Disponibilidades;;;498;;2026-02-28
CLASSES - FIDC;46.339.885/0001-59;V8 GTO CIC DE CLASSES DE INVESTIMENTO EM DIREITOS CREDITÓRIOS - RESP LIMITADA;2025-11-30;1057934;Valores a pagar;;;161891;;2026-02-28
CLASSES - FIDC;46.339.885/0001-59;V8 GTO CIC DE CLASSES DE INVESTIMENTO EM DIREITOS CREDITÓRIOS - RESP LIMITADA;2025-11-30;1057934;Valores a receber;;;1656;;2026-02-28
CLASSES - FIDC;46.390.299/0001-39;PAGOL FUNDO DE INVESTIMENTO EM COTAS DE FUNDO DE INVESTIMENTO EM DIREITOS CREDITÓRIOS;2025-11-30;1051423;Cotas de Fundos;0;0;364267242;;2026-02-28
CLASSES - FIDC;46.390.299/0001-39;PAGOL FUNDO DE INVESTIMENTO EM COTAS DE FUNDO DE INVESTIMENTO EM DIREITOS CREDITÓRIOS;2025-11-30;1051423;Valores a pagar;;;20097;;2026-02-28
CLASSES - FIDC;46.390.299/0001-39;PAGOL FUNDO DE INVESTIMENTO EM COTAS DE FUNDO DE INVESTIMENTO EM DIREITOS CREDITÓRIOS;2025-11-30;1051423;Valores a receber;;;12659;;2026-02-28
CLASSES - FIDC;46.390.338/0001-06;VTR OP FUNDO DE INVESTIMENTO EM COTAS DE FUNDOS DE INVESTIMENTO EM DIREITOS CREDITÓRIOS - RESPONSABI;2025-11-30;1051474;Cotas de Fundos;0;0;28117475;;2026-02-28
CLASSES - FIDC;46.390.338/0001-06;VTR OP FUNDO DE INVESTIMENTO EM COTAS DE FUNDOS DE INVESTIMENTO EM DIREITOS CREDITÓRIOS - RESPONSABI;2025-11-30;1051474;Valores a pagar;;;4002;;2026-02-28
CLASSES - FIDC;46.390.338/0001-06;VTR OP FUNDO DE INVESTIMENTO EM COTAS DE FUNDOS DE INVESTIMENTO EM DIREITOS CREDITÓRIOS - RESPONSABI;2025-11-30;1051474;Valores a receber;;;6186;;2026-02-28
CLASSES - FIDC;46.801.085/0001-08;CARAJÁS FUNDO DE INVESTIMENTO EM COTAS DE FUNDOS DE INVESTIMENTO EM DIREITOS CREDITÒRIOS;2025-11-30;1051499;Cotas de Fundos;0;0;11704175;;2026-02-28
CLASSES - FIDC;46.801.085/0001-08;CARAJÁS FUNDO DE INVESTIMENTO EM COTAS DE FUNDOS DE INVESTIMENTO EM DIREITOS CREDITÒRIOS;2025-11-30;1051499;Valores a pagar;;;5685;;2026-02-28
CLASSES - FIDC;46.801.085/0001-08;CARAJÁS FUNDO DE INVESTIMENTO EM COTAS DE FUNDOS DE INVESTIMENTO EM DIREITOS CREDITÒRIOS;2025-11-30;1051499;Valores a receber;;;1978;;2026-02-28
CLASSES - FIDC;47.167.977/0001-61;FMD INVESTIMENTOS FUNDO DE INVESTIMENTO EM DIREITOS CREDITÓRIOS;2025-11-30;1051416;Cotas de Fundos;0;0;38809552;;2026-02-28
CLASSES - FIDC;47.167.977/0001-61;FMD INVESTIMENTOS FUNDO DE INVESTIMENTO EM DIREITOS CREDITÓRIOS;2025-11-30;1051416;Valores a pagar;;;6857;;2026-02-28
CLASSES - FIDC;47.167.977/0001-61;FMD INVESTIMENTOS FUNDO DE INVESTIMENTO EM DIREITOS CREDITÓRIOS;2025-11-30;1051416;Valores a receber;;;7046;;2026-02-28
CLASSES - FIDC;47.168.002/0001-58;MOBI FUNDO DE INVESTIMENTO EM COTAS DE FUNDO DE INVESTIMENTO EM DIREITOS CREDITÓRIOS;2025-11-30;1051853;Cotas de Fundos;0;0;14833008;;2026-02-28
CLASSES - FIDC;47.168.002/0001-58;MOBI FUNDO DE INVESTIMENTO EM COTAS DE FUNDO DE INVESTIMENTO EM DIREITOS CREDITÓRIOS;2025-11-30;1051853;Valores a pagar;;;12152;;2026-02-28
CLASSES - FIDC;47.168.002/0001-58;MOBI FUNDO DE INVESTIMENTO EM COTAS DE FUNDO DE INVESTIMENTO EM DIREITOS CREDITÓRIOS;2025-11-30;1051853;Valores a receber;;;5541;;2026-02-28
CLASSES - FIDC;47.715.992/0001-05;FUNDO DE INVESTIMENTO EM COTAS DE FUNDO DE INVESTIMENTO EM DIREITOS CREDITÓRIOS SRM 360;2025-11-30;1051415;Cotas de Fundos;0;0;11287597;;2026-02-28
CLASSES - FIDC;47.715.992/0001-05;FUNDO DE INVESTIMENTO EM COTAS DE FUNDO DE INVESTIMENTO EM DIREITOS CREDITÓRIOS SRM 360;2025-11-30;1051415;Valores a pagar;;;13058;;2026-02-28
CLASSES - FIDC;47.715.992/0001-05;FUNDO DE INVESTIMENTO EM COTAS DE FUNDO DE INVESTIMENTO EM DIREITOS CREDITÓRIOS SRM 360;2025-11-30;1051415;Valores a receber;;;3031;;2026-02-28
CLASSES - FIDC;47.859.989/0001-57;MATCHPOINT  FUNDO DE INVESTIMENTO EM COTAS DE FUNDO DE INVESTIMENTO EM DIREITOS CREDITÓRIOS;2025-11-30;1051509;Cotas de Fundos;0;0;36981089;;2026-02-28
CLASSES - FIDC;47.859.989/0001-57;MATCHPOINT  FUNDO DE INVESTIMENTO EM COTAS DE FUNDO DE INVESTIMENTO EM DIREITOS CREDITÓRIOS;2025-11-30;1051509;Valores a pagar;;;1172933;;2026-02-28
CLASSES - FIDC;47.859.989/0001-57;MATCHPOINT  FUNDO DE INVESTIMENTO EM COTAS DE FUNDO DE INVESTIMENTO EM DIREITOS CREDITÓRIOS;2025-11-30;1051509;Valores a receber;;;3955;;2026-02-28
CLASSES - FIDC;47.862.169/0001-14;VKR FUNDO DE INVESTIMENTO EM COTAS DE FUNDO DE INVESTIMENTO EM DIREITOS CREDITÓRIOS;2025-11-30;1056991;Cotas de Fundos;0;0;11914508;;2026-02-28
CLASSES - FIDC;47.862.169/0001-14;VKR FUNDO DE INVESTIMENTO EM COTAS DE FUNDO DE INVESTIMENTO EM DIREITOS CREDITÓRIOS;2025-11-30;1056991;Disponibilidades;;;29528;;2026-02-28
CLASSES - FIDC;47.862.169/0001-14;VKR FUNDO DE INVESTIMENTO EM COTAS DE FUNDO DE INVESTIMENTO EM DIREITOS CREDITÓRIOS;2025-11-30;1056991;Valores a pagar;;;20391;;2026-02-28
CLASSES - FIDC;47.862.169/0001-14;VKR FUNDO DE INVESTIMENTO EM COTAS DE FUNDO DE INVESTIMENTO EM DIREITOS CREDITÓRIOS;2025-11-30;1056991;Valores a receber;;;648;;2026-02-28
CLASSES - FIDC;48.360.157/0001-54;XPLORE FUNDO DE INVESTIMENTO EM COTAS DE FUNDOS DE INVESTIMENTO EM DIREITOS  CREDITÓRIOS;2025-11-30;1061224;Cotas de Fundos;;;23043928;;2026-02-28
CLASSES - FIDC;48.360.157/0001-54;XPLORE FUNDO DE INVESTIMENTO EM COTAS DE FUNDOS DE INVESTIMENTO EM DIREITOS  CREDITÓRIOS;2025-11-30;1061224;Valores a pagar;;;10163;;2026-02-28
CLASSES - FIDC;48.360.157/0001-54;XPLORE FUNDO DE INVESTIMENTO EM COTAS DE FUNDOS DE INVESTIMENTO EM DIREITOS  CREDITÓRIOS;2025-11-30;1061224;Valores a receber;;;522;;2026-02-28
CLASSES - FIDC;48.360.202/0001-70;GUIMMAR FI EM COTAS DE FUNDOS DE INVESTIMENTO EM DIREITOS CREDITÓRIOS RESPONSABILIDADE LIMITADA;2025-11-30;1061006;Cotas de Fundos;;;19014449;;2026-02-28
CLASSES - FIDC;48.360.202/0001-70;GUIMMAR FI EM COTAS DE FUNDOS DE INVESTIMENTO EM DIREITOS CREDITÓRIOS RESPONSABILIDADE LIMITADA;2025-11-30;1061006;Valores a pagar;;;9261;;2026-02-28
CLASSES - FIDC;48.360.202/0001-70;GUIMMAR FI EM COTAS DE FUNDOS DE INVESTIMENTO EM DIREITOS CREDITÓRIOS RESPONSABILIDADE LIMITADA;2025-11-30;1061006;Valores a receber;;;3565;;2026-02-28
CLASSES - FIDC;49.000.918/0001-20;SARDENHA FUNDO DE INVESTIMENTO EM COTAS DE FUNDO DE INVESTIMENTO EM DIREITOS CREDITÓRIOS;2025-11-30;1051617;Cotas de Fundos;0;0;9155799;;2026-02-28
CLASSES - FIDC;49.000.918/0001-20;SARDENHA FUNDO DE INVESTIMENTO EM COTAS DE FUNDO DE INVESTIMENTO EM DIREITOS CREDITÓRIOS;2025-11-30;1051617;Valores a pagar;;;38114;;2026-02-28
CLASSES - FIDC;49.000.918/0001-20;SARDENHA FUNDO DE INVESTIMENTO EM COTAS DE FUNDO DE INVESTIMENTO EM DIREITOS CREDITÓRIOS;2025-11-30;1051617;Valores a receber;;;5447;;2026-02-28
CLASSES - FIDC;49.726.804/0001-61;GALAPAGOS INSTITUCIONAL FUNDO DE INVESTIMENTO EM COTAS DE FUNDOS DE INVESTIMENTO EM DIREITOS CREDITÓ;2025-11-30;1051434;Cotas de Fundos;0;0;102944073;;2026-02-28
CLASSES - FIDC;49.726.804/0001-61;GALAPAGOS INSTITUCIONAL FUNDO DE INVESTIMENTO EM COTAS DE FUNDOS DE INVESTIMENTO EM DIREITOS CREDITÓ;2025-11-30;1051434;Valores a pagar;;;137374;;2026-02-28
CLASSES - FIDC;49.726.804/0001-61;GALAPAGOS INSTITUCIONAL FUNDO DE INVESTIMENTO EM COTAS DE FUNDOS DE INVESTIMENTO EM DIREITOS CREDITÓ;2025-11-30;1051434;Valores a receber;;;14415;;2026-02-28
CLASSES - FIDC;49.916.055/0001-35;ASA FIC DE FUNDO DE INVESTIMENTO EM  DIREITOS CREDITÓRIOS 90 RESPONSABILIDADE LIMITADA;2025-11-30;1051569;Cotas de Fundos;0;0;103646484;;2026-02-28
CLASSES - FIDC;49.916.055/0001-35;ASA FIC DE FUNDO DE INVESTIMENTO EM  DIREITOS CREDITÓRIOS 90 RESPONSABILIDADE LIMITADA;2025-11-30;1051569;Valores a pagar;;;52716;;2026-02-28
CLASSES - FIDC;49.916.055/0001-35;ASA FIC DE FUNDO DE INVESTIMENTO EM  DIREITOS CREDITÓRIOS 90 RESPONSABILIDADE LIMITADA;2025-11-30;1051569;Valores a receber;;;12458;;2026-02-28
CLASSES - FIDC;49.916.151/0001-83;ASA LONGO PRAZO FUNDO DE INVESTIMENTO EM COTAS DE FUNDO DE INVEST EM DIREITOS CREDITÓRIOS RESP. LTDA;2025-11-30;1051547;Cotas de Fundos;0;0;933869046;;2026-02-28
CLASSES - FIDC;49.916.151/0001-83;ASA LONGO PRAZO FUNDO DE INVESTIMENTO EM COTAS DE FUNDO DE INVEST EM DIREITOS CREDITÓRIOS RESP. LTDA;2025-11-30;1051547;DIFERENCIAL DE SWAP A PAGAR;;;1105155;;2026-02-28
CLASSES - FIDC;49.916.151/0001-83;ASA LONGO PRAZO FUNDO DE INVESTIMENTO EM COTAS DE FUNDO DE INVEST EM DIREITOS CREDITÓRIOS RESP. LTDA;2025-11-30;1051547;DIFERENCIAL DE SWAP A RECEBER;;;3971;;2026-02-28
CLASSES - FIDC;49.916.151/0001-83;ASA LONGO PRAZO FUNDO DE INVESTIMENTO EM COTAS DE FUNDO DE INVEST EM DIREITOS CREDITÓRIOS RESP. LTDA;2025-11-30;1051547;Valores a pagar;;;524686;;2026-02-28
CLASSES - FIDC;49.916.151/0001-83;ASA LONGO PRAZO FUNDO DE INVESTIMENTO EM COTAS DE FUNDO DE INVEST EM DIREITOS CREDITÓRIOS RESP. LTDA;2025-11-30;1051547;Valores a receber;;;42350;;2026-02-28
CLASSES - FIDC;50.284.896/0001-56;VSG FUNDO DE INVESTIMENTO EM COTAS DE FUNDO DE INVESTIMENTO EM DIREITOS CREDITÓRIOS;2025-11-30;1051835;Cotas de Fundos;0;0;32818142;;2026-02-28
CLASSES - FIDC;50.284.896/0001-56;VSG FUNDO DE INVESTIMENTO EM COTAS DE FUNDO DE INVESTIMENTO EM DIREITOS CREDITÓRIOS;2025-11-30;1051835;Valores a pagar;;;20608;;2026-02-28
CLASSES - FIDC;50.284.896/0001-56;VSG FUNDO DE INVESTIMENTO EM COTAS DE FUNDO DE INVESTIMENTO EM DIREITOS CREDITÓRIOS;2025-11-30;1051835;Valores a receber;;;8281;;2026-02-28
CLASSES - FIDC;50.655.268/0001-30;LONGSHIP FUNDO DE INVESTIMENTO EM COTAS DE FUNDO DE INVESTIMENTO EM DIREITOS CREDITÓRIOS;2025-11-30;1051440;Cotas de Fundos;0;0;79663223;;2026-02-28
CLASSES - FIDC;50.655.268/0001-30;LONGSHIP FUNDO DE INVESTIMENTO EM COTAS DE FUNDO DE INVESTIMENTO EM DIREITOS CREDITÓRIOS;2025-11-30;1051440;Valores a pagar;;;271500;;2026-02-28
CLASSES - FIDC;50.655.268/0001-30;LONGSHIP FUNDO DE INVESTIMENTO EM COTAS DE FUNDO DE INVESTIMENTO EM DIREITOS CREDITÓRIOS;2025-11-30;1051440;Valores a receber;;;3955;;2026-02-28
CLASSES - FIDC;50.901.127/0001-50;IOX 90 FUNDO DE INVESTIMENTO EM COTAS DE FUNDO DE INVESTIMENTO EM DIREITOS CREDITÓRIOS;2025-11-30;1051431;Cotas de Fundos;0;0;10140086;;2026-02-28
CLASSES - FIDC;50.901.127/0001-50;IOX 90 FUNDO DE INVESTIMENTO EM COTAS DE FUNDO DE INVESTIMENTO EM DIREITOS CREDITÓRIOS;2025-11-30;1051431;Valores a pagar;;;12185;;2026-02-28
CLASSES - FIDC;50.901.127/0001-50;IOX 90 FUNDO DE INVESTIMENTO EM COTAS DE FUNDO DE INVESTIMENTO EM DIREITOS CREDITÓRIOS;2025-11-30;1051431;Valores a receber;;;89636;;2026-02-28
CLASSES - FIDC;51.364.521/0001-69;ORRAM 90 FUNDO DE INVESTIMENTO EM COTAS DE FUNDO DE INVESTIMENTO EM DIREITOS CREDITÓRIOS;2025-11-30;1051421;Cotas de Fundos;0;0;60538727;;2026-02-28
CLASSES - FIDC;51.364.521/0001-69;ORRAM 90 FUNDO DE INVESTIMENTO EM COTAS DE FUNDO DE INVESTIMENTO EM DIREITOS CREDITÓRIOS;2025-11-30;1051421;Títulos Públicos;0;0;71361;;2026-02-28
CLASSES - FIDC;51.364.521/0001-69;ORRAM 90 FUNDO DE INVESTIMENTO EM COTAS DE FUNDO DE INVESTIMENTO EM DIREITOS CREDITÓRIOS;2025-11-30;1051421;Valores a pagar;;;205407;;2026-02-28
CLASSES - FIDC;51.364.521/0001-69;ORRAM 90 FUNDO DE INVESTIMENTO EM COTAS DE FUNDO DE INVESTIMENTO EM DIREITOS CREDITÓRIOS;2025-11-30;1051421;Valores a receber;;;182482;;2026-02-28
CLASSES - FIDC;51.476.020/0001-74;ORRAM HIGH YIELD FUNDO DE INVESTIMENTO EM QUOTAS DE FUNDO DE INVESTIMENTO EM DIREITOS CREDITÓRIOS;2025-11-30;1051385;Cotas de Fundos;0;0;33759568;;2026-02-28
CLASSES - FIDC;51.476.020/0001-74;ORRAM HIGH YIELD FUNDO DE INVESTIMENTO EM QUOTAS DE FUNDO DE INVESTIMENTO EM DIREITOS CREDITÓRIOS;2025-11-30;1051385;Títulos Públicos;0;0;4080;;2026-02-28
CLASSES - FIDC;51.476.020/0001-74;ORRAM HIGH YIELD FUNDO DE INVESTIMENTO EM QUOTAS DE FUNDO DE INVESTIMENTO EM DIREITOS CREDITÓRIOS;2025-11-30;1051385;Valores a pagar;;;29612;;2026-02-28
CLASSES - FIDC;51.476.020/0001-74;ORRAM HIGH YIELD FUNDO DE INVESTIMENTO EM QUOTAS DE FUNDO DE INVESTIMENTO EM DIREITOS CREDITÓRIOS;2025-11-30;1051385;Valores a receber;;;3955;;2026-02-28
CLASSES - FIDC;52.029.150/0001-21;LONG SHOT I FUNDO DE INVESTIMENTO EM COTAS DE FUNDO DE INVESTIMENTO EM DIREITOS CREDITÓRIOS;2025-11-30;1055277;Cotas de Fundos;0;0;14848883;;2026-02-28
CLASSES - FIDC;52.029.150/0001-21;LONG SHOT I FUNDO DE INVESTIMENTO EM COTAS DE FUNDO DE INVESTIMENTO EM DIREITOS CREDITÓRIOS;2025-11-30;1055277;Valores a pagar;;;5142;;2026-02-28
CLASSES - FIDC;52.029.150/0001-21;LONG SHOT I FUNDO DE INVESTIMENTO EM COTAS DE FUNDO DE INVESTIMENTO EM DIREITOS CREDITÓRIOS;2025-11-30;1055277;Valores a receber;;;3060;;2026-02-28
CLASSES - FIDC;52.099.923/0001-46;EVERBLUE FUNDO DE INVESTIMENTO EM COTAS DE FUNDO DE INVESTIMENTO EM DIREITOS CREDITÓRIOS;2025-11-30;1051486;Cotas de Fundos;0;0;22004615;;2026-02-28
CLASSES - FIDC;52.099.923/0001-46;EVERBLUE FUNDO DE INVESTIMENTO EM COTAS DE FUNDO DE INVESTIMENTO EM DIREITOS CREDITÓRIOS;2025-11-30;1051486;Valores a pagar;;;5751;;2026-02-28
CLASSES - FIDC;52.099.923/0001-46;EVERBLUE FUNDO DE INVESTIMENTO EM COTAS DE FUNDO DE INVESTIMENTO EM DIREITOS CREDITÓRIOS;2025-11-30;1051486;Valores a receber;;;2966;;2026-02-28
CLASSES - FIDC;52.178.251/0001-64;IOX EXCLUSIVE FUNDO DE INVESTIMENTO EM COTAS DE FUNDO DE INVESTIMENTO EM DIREITOS CREDITÓRIOS;2025-11-30;1051814;Cotas de Fundos;0;0;107176717;;2026-02-28
CLASSES - FIDC;52.178.251/0001-64;IOX EXCLUSIVE FUNDO DE INVESTIMENTO EM COTAS DE FUNDO DE INVESTIMENTO EM DIREITOS CREDITÓRIOS;2025-11-30;1051814;Valores a pagar;;;10444;;2026-02-28
CLASSES - FIDC;52.178.251/0001-64;IOX EXCLUSIVE FUNDO DE INVESTIMENTO EM COTAS DE FUNDO DE INVESTIMENTO EM DIREITOS CREDITÓRIOS;2025-11-30;1051814;Valores a receber;;;192759;;2026-02-28
CLASSES - FIDC;52.178.495/0001-47;IOX 60 FUNDO DE INVESTIMENTO EM COTAS DE FUNDO DE INVESTIMENTO EM DIREITOS CREDITÓRIOS;2025-11-30;1059087;Cotas de Fundos;0;0;5343504;;2026-02-28
CLASSES - FIDC;52.178.495/0001-47;IOX 60 FUNDO DE INVESTIMENTO EM COTAS DE FUNDO DE INVESTIMENTO EM DIREITOS CREDITÓRIOS;2025-11-30;1059087;Valores a pagar;;;-478841;;2026-02-28
CLASSES - FIDC;52.178.495/0001-47;IOX 60 FUNDO DE INVESTIMENTO EM COTAS DE FUNDO DE INVESTIMENTO EM DIREITOS CREDITÓRIOS;2025-11-30;1059087;Valores a receber;;;1318;;2026-02-28
CLASSES - FIDC;52.203.566/0001-14;FUNDO DE INVESTIMENTO EM COTAS DE FUNDO DE INVESTIMENTO EM DIREITOS CREDITÓRIOS PARAGUAÇU I;2025-11-30;1051466;Cotas de Fundos;0;0;13156466;;2026-02-28
CLASSES - FIDC;52.203.566/0001-14;FUNDO DE INVESTIMENTO EM COTAS DE FUNDO DE INVESTIMENTO EM DIREITOS CREDITÓRIOS PARAGUAÇU I;2025-11-30;1051466;Títulos Públicos;0;0;115241;;2026-02-28
CLASSES - FIDC;52.203.566/0001-14;FUNDO DE INVESTIMENTO EM COTAS DE FUNDO DE INVESTIMENTO EM DIREITOS CREDITÓRIOS PARAGUAÇU I;2025-11-30;1051466;Valores a pagar;;;19333;;2026-02-28
CLASSES - FIDC;52.203.566/0001-14;FUNDO DE INVESTIMENTO EM COTAS DE FUNDO DE INVESTIMENTO EM DIREITOS CREDITÓRIOS PARAGUAÇU I;2025-11-30;1051466;Valores a receber;;;3355;;2026-02-28
CLASSES - FIDC;52.362.629/0001-85;3T - FUNDO DE INVESTIMENTO EM COTAS DE FUNDO DE INVESTIMENTO EM DIREITOS CREDITÓRIOS NÃO PADRONIZADO;2025-11-30;1051991;Cotas de Fundos;0;0;12973012;;2026-02-28
CLASSES - FIDC;52.362.629/0001-85;3T - FUNDO DE INVESTIMENTO EM COTAS DE FUNDO DE INVESTIMENTO EM DIREITOS CREDITÓRIOS NÃO PADRONIZADO;2025-11-30;1051991;Valores a pagar;;;12103;;2026-02-28
CLASSES - FIDC;52.362.629/0001-85;3T - FUNDO DE INVESTIMENTO EM COTAS DE FUNDO DE INVESTIMENTO EM DIREITOS CREDITÓRIOS NÃO PADRONIZADO;2025-11-30;1051991;Valores a receber;;;2555;;2026-02-28
CLASSES - FIDC;52.607.408/0001-20;ISIDORO FUNDO DE INVESTIMENTO EM COTAS DE FUNDO DE INVESTIMENTO EM DIREITOS CREDITÓRIOS;2025-11-30;1051427;Cotas de Fundos;0;0;8457562;;2026-02-28
CLASSES - FIDC;52.607.408/0001-20;ISIDORO FUNDO DE INVESTIMENTO EM COTAS DE FUNDO DE INVESTIMENTO EM DIREITOS CREDITÓRIOS;2025-11-30;1051427;Valores a pagar;;;23448;;2026-02-28
CLASSES - FIDC;52.607.408/0001-20;ISIDORO FUNDO DE INVESTIMENTO EM COTAS DE FUNDO DE INVESTIMENTO EM DIREITOS CREDITÓRIOS;2025-11-30;1051427;Valores a receber;;;1978;;2026-02-28
CLASSES - FIDC;53.190.018/0001-60;FUNDO DE INVESTIMENTO EM COTAS DE FUNDO DE INVESTIMENTO EM DIREITOS CREDITÓRIOS ILHA DE MARÉ;2025-11-30;1051469;Cotas de Fundos;0;0;11498559;;2026-02-28
CLASSES - FIDC;53.190.018/0001-60;FUNDO DE INVESTIMENTO EM COTAS DE FUNDO DE INVESTIMENTO EM DIREITOS CREDITÓRIOS ILHA DE MARÉ;2025-11-30;1051469;Valores a pagar;;;21645;;2026-02-28
CLASSES - FIDC;53.190.018/0001-60;FUNDO DE INVESTIMENTO EM COTAS DE FUNDO DE INVESTIMENTO EM DIREITOS CREDITÓRIOS ILHA DE MARÉ;2025-11-30;1051469;Valores a receber;;;39530;;2026-02-28
CLASSES - FIDC;53.214.754/0001-00;ANFEH FUNDO DE INVESTIMENTO EM COTAS DE FUNDO DE INVESTIMENTO EM DIREITOS CREDITÓRIOS;2025-11-30;1051424;Cotas de Fundos;0;0;936907;;2026-02-28
CLASSES - FIDC;53.214.754/0001-00;ANFEH FUNDO DE INVESTIMENTO EM COTAS DE FUNDO DE INVESTIMENTO EM DIREITOS CREDITÓRIOS;2025-11-30;1051424;Valores a pagar;;;7954;;2026-02-28
CLASSES - FIDC;53.214.754/0001-00;ANFEH FUNDO DE INVESTIMENTO EM COTAS DE FUNDO DE INVESTIMENTO EM DIREITOS CREDITÓRIOS;2025-11-30;1051424;Valores a receber;;;1318;;2026-02-28
CLASSES - FIDC;53.880.657/0001-57;G5 F GJS FUNDO DE INVESTIMENTO EM COTAS DE FUNDO DE INVESTIMENTO EM DIREITOS CREDITÓRIOS;2025-11-30;1051437;Cotas de Fundos;0;0;159498788;;2026-02-28
CLASSES - FIDC;53.880.657/0001-57;G5 F GJS FUNDO DE INVESTIMENTO EM COTAS DE FUNDO DE INVESTIMENTO EM DIREITOS CREDITÓRIOS;2025-11-30;1051437;Títulos Públicos;0;0;5304748;;2026-02-28
CLASSES - FIDC;53.880.657/0001-57;G5 F GJS FUNDO DE INVESTIMENTO EM COTAS DE FUNDO DE INVESTIMENTO EM DIREITOS CREDITÓRIOS;2025-11-30;1051437;Valores a pagar;;;17122;;2026-02-28
CLASSES - FIDC;53.880.657/0001-57;G5 F GJS FUNDO DE INVESTIMENTO EM COTAS DE FUNDO DE INVESTIMENTO EM DIREITOS CREDITÓRIOS;2025-11-30;1051437;Valores a receber;;;13621;;2026-02-28
CLASSES - FIDC;53.942.302/0001-45;M5 FALCON FUNDO DE INVESTIMENTO EM COTAS DE FUNDO DE INVESTIMENTO EM DIREITOS CREDITÓRIOS;2025-11-30;1056979;Cotas de Fundos;0;2;107961756;;2026-02-28
CLASSES - FIDC;53.942.302/0001-45;M5 FALCON FUNDO DE INVESTIMENTO EM COTAS DE FUNDO DE INVESTIMENTO EM DIREITOS CREDITÓRIOS;2025-11-30;1056979;Disponibilidades;;;6469;;2026-02-28
CLASSES - FIDC;53.942.302/0001-45;M5 FALCON FUNDO DE INVESTIMENTO EM COTAS DE FUNDO DE INVESTIMENTO EM DIREITOS CREDITÓRIOS;2025-11-30;1056979;Outras aplicações;;;93825260;;2026-02-28
CLASSES - FIDC;53.942.302/0001-45;M5 FALCON FUNDO DE INVESTIMENTO EM COTAS DE FUNDO DE INVESTIMENTO EM DIREITOS CREDITÓRIOS;2025-11-30;1056979;Valores a pagar;;;84764;;2026-02-28
CLASSES - FIDC;53.942.302/0001-45;M5 FALCON FUNDO DE INVESTIMENTO EM COTAS DE FUNDO DE INVESTIMENTO EM DIREITOS CREDITÓRIOS;2025-11-30;1056979;Valores a receber;;;0;;2026-02-28
CLASSES - FIDC;53.942.327/0001-49;MENESTYS IX FUNDO DE INVESTIMENTO EM COTAS DE FUNDO DE INVESTIMENTO EM DIREITOS CREDITÓRIOS;2025-11-30;1056981;Cotas de Fundos;50000;38005;3061206;;2026-02-28
CLASSES - FIDC;53.942.327/0001-49;MENESTYS IX FUNDO DE INVESTIMENTO EM COTAS DE FUNDO DE INVESTIMENTO EM DIREITOS CREDITÓRIOS;2025-11-30;1056981;Disponibilidades;;;9995;;2026-02-28
CLASSES - FIDC;53.942.327/0001-49;MENESTYS IX FUNDO DE INVESTIMENTO EM COTAS DE FUNDO DE INVESTIMENTO EM DIREITOS CREDITÓRIOS;2025-11-30;1056981;Outras aplicações;;;490138;;2026-02-28
CLASSES - FIDC;53.942.327/0001-49;MENESTYS IX FUNDO DE INVESTIMENTO EM COTAS DE FUNDO DE INVESTIMENTO EM DIREITOS CREDITÓRIOS;2025-11-30;1056981;Valores a pagar;;;6316;;2026-02-28
CLASSES - FIDC;53.942.327/0001-49;MENESTYS IX FUNDO DE INVESTIMENTO EM COTAS DE FUNDO DE INVESTIMENTO EM DIREITOS CREDITÓRIOS;2025-11-30;1056981;Valores a receber;;;416;;2026-02-28
CLASSES - FIDC;53.942.359/0001-44;MENESTYS IV FUNDO DE INVESTIMENTO EM COTAS DE FUNDO DE INVESTIMENTO EM DIREITOS CREDITÓRIOS;2025-11-30;1056983;Cotas de Fundos;390000;769550;137175190;;2026-02-28
CLASSES - FIDC;53.942.359/0001-44;MENESTYS IV FUNDO DE INVESTIMENTO EM COTAS DE FUNDO DE INVESTIMENTO EM DIREITOS CREDITÓRIOS;2025-11-30;1056983;Disponibilidades;;;9995;;2026-02-28
CLASSES - FIDC;53.942.359/0001-44;MENESTYS IV FUNDO DE INVESTIMENTO EM COTAS DE FUNDO DE INVESTIMENTO EM DIREITOS CREDITÓRIOS;2025-11-30;1056983;Outras aplicações;;;123556137;;2026-02-28
CLASSES - FIDC;53.942.359/0001-44;MENESTYS IV FUNDO DE INVESTIMENTO EM COTAS DE FUNDO DE INVESTIMENTO EM DIREITOS CREDITÓRIOS;2025-11-30;1056983;Valores a pagar;;;120058;;2026-02-28
CLASSES - FIDC;53.942.359/0001-44;MENESTYS IV FUNDO DE INVESTIMENTO EM COTAS DE FUNDO DE INVESTIMENTO EM DIREITOS CREDITÓRIOS;2025-11-30;1056983;Valores a receber;;;2782;;2026-02-28
CLASSES - FIDC;54.976.534/0001-87;BURITI FUNDO DE INVESTIMENTO EM COTAS DE FUNDO DE INVESTIMENTO EM DIREITOS CREDITÓRIOS;2025-11-30;1051471;Cotas de Fundos;0;0;48755546;;2026-02-28
CLASSES - FIDC;54.976.534/0001-87;BURITI FUNDO DE INVESTIMENTO EM COTAS DE FUNDO DE INVESTIMENTO EM DIREITOS CREDITÓRIOS;2025-11-30;1051471;Valores a pagar;;;34664;;2026-02-28
CLASSES - FIDC;54.976.534/0001-87;BURITI FUNDO DE INVESTIMENTO EM COTAS DE FUNDO DE INVESTIMENTO EM DIREITOS CREDITÓRIOS;2025-11-30;1051471;Valores a receber;;;3955;;2026-02-28
CLASSES - FIDC;55.085.520/0001-36;VOLAR FIC DE FUNDOS DE INVESTIMENTO EM DIREITOS CREDITÓRIOS - RESPONSABILIDADE LIMITADA;2025-11-30;1056990;Cotas de Fundos;0;338708;3524275;;2026-02-28
CLASSES - FIDC;55.085.520/0001-36;VOLAR FIC DE FUNDOS DE INVESTIMENTO EM DIREITOS CREDITÓRIOS - RESPONSABILIDADE LIMITADA;2025-11-30;1056990;Disponibilidades;;;14088;;2026-02-28
CLASSES - FIDC;55.085.520/0001-36;VOLAR FIC DE FUNDOS DE INVESTIMENTO EM DIREITOS CREDITÓRIOS - RESPONSABILIDADE LIMITADA;2025-11-30;1056990;Outras aplicações;;;3218086;;2026-02-28
CLASSES - FIDC;55.085.520/0001-36;VOLAR FIC DE FUNDOS DE INVESTIMENTO EM DIREITOS CREDITÓRIOS - RESPONSABILIDADE LIMITADA;2025-11-30;1056990;Valores a pagar;;;5500;;2026-02-28
CLASSES - FIDC;55.085.520/0001-36;VOLAR FIC DE FUNDOS DE INVESTIMENTO EM DIREITOS CREDITÓRIOS - RESPONSABILIDADE LIMITADA;2025-11-30;1056990;Valores a receber;;;419;;2026-02-28
CLASSES - FIDC;55.211.792/0001-35;BW2 FUNDO DE INVESTIMENTO EM COTAS DE FUNDO DE INVESTIMENTO EM DIREITOS CREDITÓRIOS;2025-11-30;1051441;Cotas de Fundos;0;0;45291555;;2026-02-28
CLASSES - FIDC;55.211.792/0001-35;BW2 FUNDO DE INVESTIMENTO EM COTAS DE FUNDO DE INVESTIMENTO EM DIREITOS CREDITÓRIOS;2025-11-30;1051441;Títulos Públicos;0;0;3043431;;2026-02-28
CLASSES - FIDC;55.211.792/0001-35;BW2 FUNDO DE INVESTIMENTO EM COTAS DE FUNDO DE INVESTIMENTO EM DIREITOS CREDITÓRIOS;2025-11-30;1051441;Valores a pagar;;;46628;;2026-02-28
CLASSES - FIDC;55.211.792/0001-35;BW2 FUNDO DE INVESTIMENTO EM COTAS DE FUNDO DE INVESTIMENTO EM DIREITOS CREDITÓRIOS;2025-11-30;1051441;Valores a receber;;;8349;;2026-02-28
CLASSES - FIDC;55.296.116/0001-01;MATRI NOW FUNDO DE INVESTIMENTO EM COTAS DE FUNDO DE INVESTIMENTO EM DIREITOS CREDITÓRIOS;2025-11-30;1051487;Cotas de Fundos;0;0;26788652;;2026-02-28
CLASSES - FIDC;55.296.116/0001-01;MATRI NOW FUNDO DE INVESTIMENTO EM COTAS DE FUNDO DE INVESTIMENTO EM DIREITOS CREDITÓRIOS;2025-11-30;1051487;Valores a pagar;;;-4035;;2026-02-28
CLASSES - FIDC;55.296.116/0001-01;MATRI NOW FUNDO DE INVESTIMENTO EM COTAS DE FUNDO DE INVESTIMENTO EM DIREITOS CREDITÓRIOS;2025-11-30;1051487;Valores a receber;;;3955;;2026-02-28
CLASSES - FIDC;55.485.102/0001-36;IGNIS FUNDO DE INVESTIMENTO EM COTAS DE FUNDO DE INVESTIMENTO EM DIREITOS CREDITÓRIOS;2025-11-30;1056975;Cotas de Fundos;20000;0;9084618;;2026-02-28
CLASSES - FIDC;55.485.102/0001-36;IGNIS FUNDO DE INVESTIMENTO EM COTAS DE FUNDO DE INVESTIMENTO EM DIREITOS CREDITÓRIOS;2025-11-30;1056975;Disponibilidades;;;22049;;2026-02-28
CLASSES - FIDC;55.485.102/0001-36;IGNIS FUNDO DE INVESTIMENTO EM COTAS DE FUNDO DE INVESTIMENTO EM DIREITOS CREDITÓRIOS;2025-11-30;1056975;Outras aplicações;;;4595005;;2026-02-28
CLASSES - FIDC;55.485.102/0001-36;IGNIS FUNDO DE INVESTIMENTO EM COTAS DE FUNDO DE INVESTIMENTO EM DIREITOS CREDITÓRIOS;2025-11-30;1056975;Valores a pagar;;;6000;;2026-02-28
CLASSES - FIDC;55.485.102/0001-36;IGNIS FUNDO DE INVESTIMENTO EM COTAS DE FUNDO DE INVESTIMENTO EM DIREITOS CREDITÓRIOS;2025-11-30;1056975;Valores a receber;;;624;;2026-02-28
CLASSES - FIDC;55.499.498/0001-70;MENESTYS VII GABLES FUNDO DE INVESTIMENTO EM COTAS DE FUNDO DE INVESTIMENTO EM DIREITOS CREDITÓRIOS;2025-11-30;1056987;Cotas de Fundos;0;4;23444467;;2026-02-28
CLASSES - FIDC;55.499.498/0001-70;MENESTYS VII GABLES FUNDO DE INVESTIMENTO EM COTAS DE FUNDO DE INVESTIMENTO EM DIREITOS CREDITÓRIOS;2025-11-30;1056987;Disponibilidades;;;3468;;2026-02-28
CLASSES - FIDC;55.499.498/0001-70;MENESTYS VII GABLES FUNDO DE INVESTIMENTO EM COTAS DE FUNDO DE INVESTIMENTO EM DIREITOS CREDITÓRIOS;2025-11-30;1056987;Outras aplicações;;;17597911;;2026-02-28
CLASSES - FIDC;55.499.498/0001-70;MENESTYS VII GABLES FUNDO DE INVESTIMENTO EM COTAS DE FUNDO DE INVESTIMENTO EM DIREITOS CREDITÓRIOS;2025-11-30;1056987;Valores a pagar;;;6000;;2026-02-28
CLASSES - FIDC;55.499.498/0001-70;MENESTYS VII GABLES FUNDO DE INVESTIMENTO EM COTAS DE FUNDO DE INVESTIMENTO EM DIREITOS CREDITÓRIOS;2025-11-30;1056987;Valores a receber;;;447;;2026-02-28
CLASSES - FIDC;55.619.752/0001-27;MAX 90 FUNDO DE INVESTIMENTO EM COTAS DE FUNDO DE INVESTIMENTO EM DIREITOS CREDITÓRIOS;2025-11-30;1052599;Cotas de Fundos;0;0;7246225;;2026-02-28
CLASSES - FIDC;55.619.752/0001-27;MAX 90 FUNDO DE INVESTIMENTO EM COTAS DE FUNDO DE INVESTIMENTO EM DIREITOS CREDITÓRIOS;2025-11-30;1052599;Valores a pagar;;;39039;;2026-02-28
CLASSES - FIDC;55.619.752/0001-27;MAX 90 FUNDO DE INVESTIMENTO EM COTAS DE FUNDO DE INVESTIMENTO EM DIREITOS CREDITÓRIOS;2025-11-30;1052599;Valores a receber;;;340827;;2026-02-28
CLASSES - FIDC;55.835.986/0001-01;ORRAM ESTRUTURADO FIC DE FUNDOS DE INVESTIMENTO EM DIREITOS CREDITÓRIOS - RESPONSABILIDADE LIMITADA;2025-11-30;1051460;Cotas de Fundos;0;0;70830478;;2026-02-28
CLASSES - FIDC;55.835.986/0001-01;ORRAM ESTRUTURADO FIC DE FUNDOS DE INVESTIMENTO EM DIREITOS CREDITÓRIOS - RESPONSABILIDADE LIMITADA;2025-11-30;1051460;Valores a pagar;;;39591;;2026-02-28
CLASSES - FIDC;55.835.986/0001-01;ORRAM ESTRUTURADO FIC DE FUNDOS DE INVESTIMENTO EM DIREITOS CREDITÓRIOS - RESPONSABILIDADE LIMITADA;2025-11-30;1051460;Valores a receber;;;5276;;2026-02-28
CLASSES - FIDC;55.914.922/0001-04;ORRAM VD FUNDO DE INVESTIMENTO EM COTAS DE FUNDO DE INVESTIMENTO EM DIREITOS CREDITÓRIOS - RESP LTDA;2025-11-30;1051475;Cotas de Fundos;0;0;18645872;;2026-02-28
CLASSES - FIDC;55.914.922/0001-04;ORRAM VD FUNDO DE INVESTIMENTO EM COTAS DE FUNDO DE INVESTIMENTO EM DIREITOS CREDITÓRIOS - RESP LTDA;2025-11-30;1051475;Valores a pagar;;;12492;;2026-02-28
CLASSES - FIDC;55.914.922/0001-04;ORRAM VD FUNDO DE INVESTIMENTO EM COTAS DE FUNDO DE INVESTIMENTO EM DIREITOS CREDITÓRIOS - RESP LTDA;2025-11-30;1051475;Valores a receber;;;2966;;2026-02-28
CLASSES - FIDC;55.935.259/0001-16;OCCAM FI EM COTAS DE FUNDOS DE INVESTIMENTO EM DIREITOS CREDITÓRIOS RESPONSABILIDADE LIMITADA;2025-11-30;1057181;Cotas de Fundos;;;553011341;;2026-02-28
CLASSES - FIDC;55.935.259/0001-16;OCCAM FI EM COTAS DE FUNDOS DE INVESTIMENTO EM DIREITOS CREDITÓRIOS RESPONSABILIDADE LIMITADA;2025-11-30;1057181;Disponibilidades;;;103;;2026-02-28
CLASSES - FIDC;55.935.259/0001-16;OCCAM FI EM COTAS DE FUNDOS DE INVESTIMENTO EM DIREITOS CREDITÓRIOS RESPONSABILIDADE LIMITADA;2025-11-30;1057181;Valores a pagar;;;205211;;2026-02-28
CLASSES - FIDC;55.935.259/0001-16;OCCAM FI EM COTAS DE FUNDOS DE INVESTIMENTO EM DIREITOS CREDITÓRIOS RESPONSABILIDADE LIMITADA;2025-11-30;1057181;Valores a receber;;;3969;;2026-02-28
CLASSES - FIDC;56.023.806/0001-50;CONQUISTA FUNDO DE INVESTIMENTO EM COTAS DE FUNDO DE INVESTIMENTO EM DIREITOS CREDITÓRIOS;2025-11-30;1051463;Cotas de Fundos;0;0;129188063;;2026-02-28
CLASSES - FIDC;56.023.806/0001-50;CONQUISTA FUNDO DE INVESTIMENTO EM COTAS DE FUNDO DE INVESTIMENTO EM DIREITOS CREDITÓRIOS;2025-11-30;1051463;Valores a pagar;;;42331;;2026-02-28
CLASSES - FIDC;56.023.806/0001-50;CONQUISTA FUNDO DE INVESTIMENTO EM COTAS DE FUNDO DE INVESTIMENTO EM DIREITOS CREDITÓRIOS;2025-11-30;1051463;Valores a receber;;;8405;;2026-02-28
CLASSES - FIDC;56.030.860/0001-22;FAMA FUNDO DE INVESTIMENTO EM COTAS DE FUNDO DE INVESTIMENTO EM DIREITOS CREDITÓRIOS;2025-11-30;1051419;Cotas de Fundos;0;0;2213712;;2026-02-28
CLASSES - FIDC;56.030.860/0001-22;FAMA FUNDO DE INVESTIMENTO EM COTAS DE FUNDO DE INVESTIMENTO EM DIREITOS CREDITÓRIOS;2025-11-30;1051419;Valores a pagar;;;6469;;2026-02-28
CLASSES - FIDC;56.030.860/0001-22;FAMA FUNDO DE INVESTIMENTO EM COTAS DE FUNDO DE INVESTIMENTO EM DIREITOS CREDITÓRIOS;2025-11-30;1051419;Valores a receber;;;8647;;2026-02-28
CLASSES - FIDC;56.073.212/0001-53;EVEREST TRACKER FUNDO DE INVESTIMENTO EM COTAS DE FUNDO DE INVESTIMENTO EM DIREITOS CREDITÓRIOS;2025-11-30;1052159;Cotas de Fundos;0;0;23865333;;2026-02-28
CLASSES - FIDC;56.073.212/0001-53;EVEREST TRACKER FUNDO DE INVESTIMENTO EM COTAS DE FUNDO DE INVESTIMENTO EM DIREITOS CREDITÓRIOS;2025-11-30;1052159;Valores a pagar;;;324134;;2026-02-28
CLASSES - FIDC;56.073.212/0001-53;EVEREST TRACKER FUNDO DE INVESTIMENTO EM COTAS DE FUNDO DE INVESTIMENTO EM DIREITOS CREDITÓRIOS;2025-11-30;1052159;Valores a receber;;;3005;;2026-02-28
CLASSES - FIDC;56.322.644/0001-50;REVO FUNDO DE INVESTIMENTO EM COTAS DE FUNDO DE INVESTIMENTO EM DIREITOS CREDITÓRIOS;2025-11-30;1051905;Cotas de Fundos;0;0;24305474;;2026-02-28
CLASSES - FIDC;56.322.644/0001-50;REVO FUNDO DE INVESTIMENTO EM COTAS DE FUNDO DE INVESTIMENTO EM DIREITOS CREDITÓRIOS;2025-11-30;1051905;Valores a pagar;;;6378;;2026-02-28
CLASSES - FIDC;56.322.644/0001-50;REVO FUNDO DE INVESTIMENTO EM COTAS DE FUNDO DE INVESTIMENTO EM DIREITOS CREDITÓRIOS;2025-11-30;1051905;Valores a receber;;;1978;;2026-02-28
CLASSES - FIDC;56.924.025/0001-36;ASA FUNDO DE INVESTIMENTO EM COTAS DE FUNDO DE INVESTIMENTO EM DIREITOS CREDITÓRIOS 90 II RESP LIM;2025-11-30;1051837;Cotas de Fundos;0;0;133825224;;2026-02-28
CLASSES - FIDC;56.924.025/0001-36;ASA FUNDO DE INVESTIMENTO EM COTAS DE FUNDO DE INVESTIMENTO EM DIREITOS CREDITÓRIOS 90 II RESP LIM;2025-11-30;1051837;Valores a pagar;;;153675;;2026-02-28
CLASSES - FIDC;56.924.025/0001-36;ASA FUNDO DE INVESTIMENTO EM COTAS DE FUNDO DE INVESTIMENTO EM DIREITOS CREDITÓRIOS 90 II RESP LIM;2025-11-30;1051837;Valores a receber;;;8274;;2026-02-28
CLASSES - FIDC;56.924.942/0001-10;ASA LP II FUNDO DE INVESTIMENTO EM COTAS DE FUNDO DE INVESTIMENTO EM DIREITOS CREDITÓRIOS RESP LIM;2025-11-30;1051566;Cotas de Fundos;0;0;1198724615;;2026-02-28
CLASSES - FIDC;56.924.942/0001-10;ASA LP II FUNDO DE INVESTIMENTO EM COTAS DE FUNDO DE INVESTIMENTO EM DIREITOS CREDITÓRIOS RESP LIM;2025-11-30;1051566;DIFERENCIAL DE SWAP A PAGAR;;;891795;;2026-02-28
CLASSES - FIDC;56.924.942/0001-10;ASA LP II FUNDO DE INVESTIMENTO EM COTAS DE FUNDO DE INVESTIMENTO EM DIREITOS CREDITÓRIOS RESP LIM;2025-11-30;1051566;Valores a pagar;;;716287;;2026-02-28
CLASSES - FIDC;56.924.942/0001-10;ASA LP II FUNDO DE INVESTIMENTO EM COTAS DE FUNDO DE INVESTIMENTO EM DIREITOS CREDITÓRIOS RESP LIM;2025-11-30;1051566;Valores a receber;;;25436;;2026-02-28
CLASSES - FIDC;57.325.152/0001-81;MAX 30 FUNDO DE INVESTIMENTO EM COTAS DE FUNDO DE INVESTIMENTO EM DIREITOS CREDITÓRIOS;2025-11-30;1052572;Cotas de Fundos;0;0;14665434;;2026-02-28
CLASSES - FIDC;57.325.152/0001-81;MAX 30 FUNDO DE INVESTIMENTO EM COTAS DE FUNDO DE INVESTIMENTO EM DIREITOS CREDITÓRIOS;2025-11-30;1052572;Valores a pagar;;;73919;;2026-02-28
CLASSES - FIDC;57.325.152/0001-81;MAX 30 FUNDO DE INVESTIMENTO EM COTAS DE FUNDO DE INVESTIMENTO EM DIREITOS CREDITÓRIOS;2025-11-30;1052572;Valores a receber;;;29929;;2026-02-28
CLASSES - FIDC;57.519.386/0001-60;MAX 365 FUNDO DE INVESTIMENTO EM COTAS DE FUNDO DE INVESTIMENTO EM DIREITOS CREDITÓRIOS;2025-11-30;1052571;Cotas de Fundos;0;0;5682754;;2026-02-28
CLASSES - FIDC;57.519.386/0001-60;MAX 365 FUNDO DE INVESTIMENTO EM COTAS DE FUNDO DE INVESTIMENTO EM DIREITOS CREDITÓRIOS;2025-11-30;1052571;Valores a pagar;;;38277;;2026-02-28
CLASSES - FIDC;57.519.386/0001-60;MAX 365 FUNDO DE INVESTIMENTO EM COTAS DE FUNDO DE INVESTIMENTO EM DIREITOS CREDITÓRIOS;2025-11-30;1052571;Valores a receber;;;103428;;2026-02-28
CLASSES - FIDC;58.364.147/0001-40;QUATÁ 60 FIC DE FUNDO DE INVESTIMENTO EM DIREITOS CREDITÓRIOS - RESPONSABILIDADE LIMITADA;2025-11-30;1051439;Cotas de Fundos;0;0;13844191;;2026-02-28
CLASSES - FIDC;58.364.147/0001-40;QUATÁ 60 FIC DE FUNDO DE INVESTIMENTO EM DIREITOS CREDITÓRIOS - RESPONSABILIDADE LIMITADA;2025-11-30;1051439;Valores a pagar;;;56924;;2026-02-28
CLASSES - FIDC;58.364.147/0001-40;QUATÁ 60 FIC DE FUNDO DE INVESTIMENTO EM DIREITOS CREDITÓRIOS - RESPONSABILIDADE LIMITADA;2025-11-30;1051439;Valores a receber;;;2955;;2026-02-28
CLASSES - FIDC;58.900.579/0001-29;MONEE FUNDO DE INVESTIMENTO EM COTAS DE FUNDOS DE INVESTIMENTO EM DIREITOS CREDITÓRIOS RESP LIMITADA;2025-11-30;1059186;Cotas de Fundos;0;0;1535916236;;2026-02-28
CLASSES - FIDC;58.900.579/0001-29;MONEE FUNDO DE INVESTIMENTO EM COTAS DE FUNDOS DE INVESTIMENTO EM DIREITOS CREDITÓRIOS RESP LIMITADA;2025-11-30;1059186;Valores a pagar;;;11955;;2026-02-28
CLASSES - FIDC;58.900.579/0001-29;MONEE FUNDO DE INVESTIMENTO EM COTAS DE FUNDOS DE INVESTIMENTO EM DIREITOS CREDITÓRIOS RESP LIMITADA;2025-11-30;1059186;Valores a receber;;;16879;;2026-02-28
CLASSES - FIDC;59.213.700/0001-07;ITAUNA PIPELINE FIC FIDC - RESPONSABILIDADE LIMITADA;2025-11-30;1055270;Cotas de Fundos;0;0;24424172;;2026-02-28
CLASSES - FIDC;59.213.700/0001-07;ITAUNA PIPELINE FIC FIDC - RESPONSABILIDADE LIMITADA;2025-11-30;1055270;Valores a pagar;;;89848;;2026-02-28
CLASSES - FIDC;59.213.700/0001-07;ITAUNA PIPELINE FIC FIDC - RESPONSABILIDADE LIMITADA;2025-11-30;1055270;Valores a receber;;;2955;;2026-02-28
CLASSES - FIDC;59.657.112/0001-62;AJAX PLUS FIC DE FUNDOS DE INVESTIMENTO EM DIREITOS CREDITÓRIOS RESPONSABILIDADE LIMITADA;2025-11-30;1055151;Cotas de Fundos;0;1036048;10769755;;2026-02-28
CLASSES - FIDC;59.657.112/0001-62;AJAX PLUS FIC DE FUNDOS DE INVESTIMENTO EM DIREITOS CREDITÓRIOS RESPONSABILIDADE LIMITADA;2025-11-30;1055151;Disponibilidades;;;426;;2026-02-28
CLASSES - FIDC;59.657.112/0001-62;AJAX PLUS FIC DE FUNDOS DE INVESTIMENTO EM DIREITOS CREDITÓRIOS RESPONSABILIDADE LIMITADA;2025-11-30;1055151;Operações Compromissadas;;;185406;;2026-02-28
CLASSES - FIDC;59.657.112/0001-62;AJAX PLUS FIC DE FUNDOS DE INVESTIMENTO EM DIREITOS CREDITÓRIOS RESPONSABILIDADE LIMITADA;2025-11-30;1055151;Valores a pagar;;;23799;;2026-02-28
CLASSES - FIDC;59.657.112/0001-62;AJAX PLUS FIC DE FUNDOS DE INVESTIMENTO EM DIREITOS CREDITÓRIOS RESPONSABILIDADE LIMITADA;2025-11-30;1055151;Valores a receber;;;548;;2026-02-28
CLASSES - FIDC;60.369.537/0001-55;ASA FIC FIDC D1 RESPONSABILIDADE LIMITADA;2025-11-30;1051558;Cotas de Fundos;0;0;66847929;;2026-02-28
CLASSES - FIDC;60.369.537/0001-55;ASA FIC FIDC D1 RESPONSABILIDADE LIMITADA;2025-11-30;1051558;Valores a pagar;;;74232;;2026-02-28
CLASSES - FIDC;60.369.537/0001-55;ASA FIC FIDC D1 RESPONSABILIDADE LIMITADA;2025-11-30;1051558;Valores a receber;;;2637;;2026-02-28
CLASSES - FIDC;60.369.959/0001-20;ASA FUNDO DE INVESTIMENTO EM COTAS DE FIDC 30 RESPONSABILIDADE LIMITADA;2025-11-30;1051540;Cotas de Fundos;0;0;7476233;;2026-02-28
CLASSES - FIDC;60.369.959/0001-20;ASA FUNDO DE INVESTIMENTO EM COTAS DE FIDC 30 RESPONSABILIDADE LIMITADA;2025-11-30;1051540;Valores a pagar;;;14620;;2026-02-28
CLASSES - FIDC;60.369.959/0001-20;ASA FUNDO DE INVESTIMENTO EM COTAS DE FIDC 30 RESPONSABILIDADE LIMITADA;2025-11-30;1051540;Valores a receber;;;2637;;2026-02-28
CLASSES - FIDC;60.417.354/0001-68;MENESTYS VI FUNDO DE INVESTIMENTO EM COTAS DE FUNDO DE INVESTIMENTO EM DIREITOS CREDITÓRIOS;2025-11-30;1056982;Cotas de Fundos;1057138;1091623;17589282;;2026-02-28
CLASSES - FIDC;60.417.354/0001-68;MENESTYS VI FUNDO DE INVESTIMENTO EM COTAS DE FUNDO DE INVESTIMENTO EM DIREITOS CREDITÓRIOS;2025-11-30;1056982;Disponibilidades;;;606542;;2026-02-28
CLASSES - FIDC;60.417.354/0001-68;MENESTYS VI FUNDO DE INVESTIMENTO EM COTAS DE FUNDO DE INVESTIMENTO EM DIREITOS CREDITÓRIOS;2025-11-30;1056982;Valores a pagar;;;10670;;2026-02-28
CLASSES - FIDC;60.417.354/0001-68;MENESTYS VI FUNDO DE INVESTIMENTO EM COTAS DE FUNDO DE INVESTIMENTO EM DIREITOS CREDITÓRIOS;2025-11-30;1056982;Valores a receber;;;0;;2026-02-28
CLASSES - FIDC;60.430.405/0001-91;STARKE FIC DE FIDC MC MS;2025-11-30;1051570;Cotas de Fundos;0;0;21238332;;2026-02-28
CLASSES - FIDC;60.430.405/0001-91;STARKE FIC DE FIDC MC MS;2025-11-30;1051570;Valores a pagar;;;14124;;2026-02-28
CLASSES - FIDC;60.430.405/0001-91;STARKE FIC DE FIDC MC MS;2025-11-30;1051570;Valores a receber;;;1000100;;2026-02-28
CLASSES - FIDC;60.759.253/0001-75;BRADESCO ATHOS FUNDO DE INVESTIMENTO EM DIREITOS CREDITÓRIOS - RESPONSABILIDADE LIMITADA;2025-11-30;1059395;Cotas de Fundos;;;41595677;;2026-02-28
CLASSES - FIDC;60.759.253/0001-75;BRADESCO ATHOS FUNDO DE INVESTIMENTO EM DIREITOS CREDITÓRIOS - RESPONSABILIDADE LIMITADA;2025-11-30;1059395;Disponibilidades;;;0;;2026-02-28
CLASSES - FIDC;60.759.253/0001-75;BRADESCO ATHOS FUNDO DE INVESTIMENTO EM DIREITOS CREDITÓRIOS - RESPONSABILIDADE LIMITADA;2025-11-30;1059395;Valores a pagar;;;34309;;2026-02-28
CLASSES - FIDC;60.759.253/0001-75;BRADESCO ATHOS FUNDO DE INVESTIMENTO EM DIREITOS CREDITÓRIOS - RESPONSABILIDADE LIMITADA;2025-11-30;1059395;Valores a receber;;;82283;;2026-02-28
CLASSES - FIDC;61.237.208/0001-13;ANGRA FUNDO DE INVESTIMENTO EM COTAS DE FUNDOS DE INVESTIMENTO EM DIREITOS CREDITÓRIOS;2025-11-30;1061323;Cotas de Fundos;;;34995997;;2026-02-28
CLASSES - FIDC;61.237.208/0001-13;ANGRA FUNDO DE INVESTIMENTO EM COTAS DE FUNDOS DE INVESTIMENTO EM DIREITOS CREDITÓRIOS;2025-11-30;1061323;Outras aplicações;;;2772227;;2026-02-28
CLASSES - FIDC;61.237.208/0001-13;ANGRA FUNDO DE INVESTIMENTO EM COTAS DE FUNDOS DE INVESTIMENTO EM DIREITOS CREDITÓRIOS;2025-11-30;1061323;Títulos Públicos;0;0;1104934;;2026-02-28
CLASSES - FIDC;61.237.208/0001-13;ANGRA FUNDO DE INVESTIMENTO EM COTAS DE FUNDOS DE INVESTIMENTO EM DIREITOS CREDITÓRIOS;2025-11-30;1061323;Valores a pagar;;;67895;;2026-02-28
CLASSES - FIDC;61.237.208/0001-13;ANGRA FUNDO DE INVESTIMENTO EM COTAS DE FUNDOS DE INVESTIMENTO EM DIREITOS CREDITÓRIOS;2025-11-30;1061323;Valores a receber;;;8557;;2026-02-28
CLASSES - FIDC;61.289.877/0001-39;ORRAM ALOCAÇÃO FUNDO DE INVESTIMENTO EM COTAS DE FIDC - RESPONSABILIDADE LIMITIDA;2025-11-30;1051492;Cotas de Fundos;0;0;54161109;;2026-02-28
CLASSES - FIDC;61.289.877/0001-39;ORRAM ALOCAÇÃO FUNDO DE INVESTIMENTO EM COTAS DE FIDC - RESPONSABILIDADE LIMITIDA;2025-11-30;1051492;Valores a pagar;;;7500;;2026-02-28
CLASSES - FIDC;61.289.877/0001-39;ORRAM ALOCAÇÃO FUNDO DE INVESTIMENTO EM COTAS DE FIDC - RESPONSABILIDADE LIMITIDA;2025-11-30;1051492;Valores a receber;;;23856;;2026-02-28
CLASSES - FIDC;61.331.497/0001-15;VERONA FUNDO DE INVESTIMENTOS EM COTA DE FUNDOS DE INVESTIMENTO EM DIRETIROS CREDITORIOS;2025-11-30;1052061;Cotas de Fundos;0;0;41120258;;2026-02-28
CLASSES - FIDC;61.331.497/0001-15;VERONA FUNDO DE INVESTIMENTOS EM COTA DE FUNDOS DE INVESTIMENTO EM DIRETIROS CREDITORIOS;2025-11-30;1052061;Valores a pagar;;;64072;;2026-02-28
CLASSES - FIDC;61.385.893/0001-25;FUNDO DE INVESTIMENTO EM COTAS DE FIDC SÊNIOR EXODUS INSTITUCIONAL - RESPONSABILIDADE LIMITADA;2025-11-30;1058867;Cotas de Fundos;0;0;131092191;;2026-02-28
CLASSES - FIDC;61.385.893/0001-25;FUNDO DE INVESTIMENTO EM COTAS DE FIDC SÊNIOR EXODUS INSTITUCIONAL - RESPONSABILIDADE LIMITADA;2025-11-30;1058867;Valores a pagar;;;29765;;2026-02-28
CLASSES - FIDC;61.385.893/0001-25;FUNDO DE INVESTIMENTO EM COTAS DE FIDC SÊNIOR EXODUS INSTITUCIONAL - RESPONSABILIDADE LIMITADA;2025-11-30;1058867;Valores a receber;;;161732;;2026-02-28
CLASSES - FIDC;61.653.345/0001-39;ARTESANAL BB I FI EM COTAS DE FI EM DIREITOS CREDITÓRIOS - RESPONSABILIDADE LIMITADA;2025-11-30;1057182;Cotas de Fundos;;;156443127;;2026-02-28
CLASSES - FIDC;61.653.345/0001-39;ARTESANAL BB I FI EM COTAS DE FI EM DIREITOS CREDITÓRIOS - RESPONSABILIDADE LIMITADA;2025-11-30;1057182;Disponibilidades;;;1000;;2026-02-28
CLASSES - FIDC;61.653.345/0001-39;ARTESANAL BB I FI EM COTAS DE FI EM DIREITOS CREDITÓRIOS - RESPONSABILIDADE LIMITADA;2025-11-30;1057182;Valores a pagar;;;172979;;2026-02-28
CLASSES - FIDC;61.653.345/0001-39;ARTESANAL BB I FI EM COTAS DE FI EM DIREITOS CREDITÓRIOS - RESPONSABILIDADE LIMITADA;2025-11-30;1057182;Valores a receber;;;0;;2026-02-28
CLASSES - FIDC;62.410.525/0001-52;ILLASI FUNDO DE INVESTIMENTO EM COTAS DE FUNDO DE INVESTIMENTO EM DIREITOS CREDITÓRIOS;2025-11-30;1055920;Cotas de Fundos;;;85041198;;2026-02-28
CLASSES - FIDC;62.410.525/0001-52;ILLASI FUNDO DE INVESTIMENTO EM COTAS DE FUNDO DE INVESTIMENTO EM DIREITOS CREDITÓRIOS;2025-11-30;1055920;Disponibilidades;;;10095;;2026-02-28
CLASSES - FIDC;62.410.525/0001-52;ILLASI FUNDO DE INVESTIMENTO EM COTAS DE FUNDO DE INVESTIMENTO EM DIREITOS CREDITÓRIOS;2025-11-30;1055920;Valores a pagar;;;28017;;2026-02-28
CLASSES - FIDC;62.410.525/0001-52;ILLASI FUNDO DE INVESTIMENTO EM COTAS DE FUNDO DE INVESTIMENTO EM DIREITOS CREDITÓRIOS;2025-11-30;1055920;Valores a receber;;;0;;2026-02-28
CLASSES FIIM;38.350.645/0001-27;SAFRA ETF IBOVESPA FUNDO DE INDICE - RESPONSABILIDADE LIMITADA;2025-11-30;1059146;Ações;0;0;15523696;;2026-02-28
CLASSES FIIM;38.350.645/0001-27;SAFRA ETF IBOVESPA FUNDO DE INDICE - RESPONSABILIDADE LIMITADA;2025-11-30;1059146;Ações e outros TVM cedidos em empréstimo;;;3318452;;2026-02-28
CLASSES FIIM;38.350.645/0001-27;SAFRA ETF IBOVESPA FUNDO DE INDICE - RESPONSABILIDADE LIMITADA;2025-11-30;1059146;Certificado ou recibo de depósito de valores mobiliários;0;0;603671;;2026-02-28
CLASSES FIIM;38.350.645/0001-27;SAFRA ETF IBOVESPA FUNDO DE INDICE - RESPONSABILIDADE LIMITADA;2025-11-30;1059146;Mercado Futuro - Posições compradas;0;0;33026;;2026-02-28
CLASSES FIIM;38.350.645/0001-27;SAFRA ETF IBOVESPA FUNDO DE INDICE - RESPONSABILIDADE LIMITADA;2025-11-30;1059146;Mercado Futuro - Posições vendidas;0;0;-11322;;2026-02-28
CLASSES FIIM;38.350.645/0001-27;SAFRA ETF IBOVESPA FUNDO DE INDICE - RESPONSABILIDADE LIMITADA;2025-11-30;1059146;Operações Compromissadas;;;4906248;;2026-02-28
CLASSES FIIM;43.210.658/0001-30;SAFRA ETF MULHERES NA LIDERANÇA FUNDO DE ÍNDICE DE AÇÕES INVESTIMENTO SUSTENTÁVEL - RESP LIMITADA;2025-11-30;1059134;Ações;0;0;61301563;;2026-02-28
CLASSES FIIM;43.210.658/0001-30;SAFRA ETF MULHERES NA LIDERANÇA FUNDO DE ÍNDICE DE AÇÕES INVESTIMENTO SUSTENTÁVEL - RESP LIMITADA;2025-11-30;1059134;Ações e outros TVM cedidos em empréstimo;;;19678019;;2026-02-28
CLASSES FIIM;43.210.658/0001-30;SAFRA ETF MULHERES NA LIDERANÇA FUNDO DE ÍNDICE DE AÇÕES INVESTIMENTO SUSTENTÁVEL - RESP LIMITADA;2025-11-30;1059134;Certificado ou recibo de depósito de valores mobiliários;0;0;1481097;;2026-02-28
CLASSES FIIM;43.210.658/0001-30;SAFRA ETF MULHERES NA LIDERANÇA FUNDO DE ÍNDICE DE AÇÕES INVESTIMENTO SUSTENTÁVEL - RESP LIMITADA;2025-11-30;1059134;Mercado Futuro - Posições compradas;0;0;7414;;2026-02-28
CLASSES FIIM;43.210.658/0001-30;SAFRA ETF MULHERES NA LIDERANÇA FUNDO DE ÍNDICE DE AÇÕES INVESTIMENTO SUSTENTÁVEL - RESP LIMITADA;2025-11-30;1059134;Mercado Futuro - Posições vendidas;0;0;-1351;;2026-02-28
CLASSES FIIM;43.210.658/0001-30;SAFRA ETF MULHERES NA LIDERANÇA FUNDO DE ÍNDICE DE AÇÕES INVESTIMENTO SUSTENTÁVEL - RESP LIMITADA;2025-11-30;1059134;Operações Compromissadas;;;447313;;2026-02-28
CLASSES FIIM;57.091.195/0001-40;SAFRA ETF IBOVESPA EMPRESAS PRIVADAS FUNDO DE INDICE - RESPONSABILIDADE LIMITADA;2025-11-30;1059103;Ações;0;0;26222030;;2026-02-28
CLASSES FIIM;57.091.195/0001-40;SAFRA ETF IBOVESPA EMPRESAS PRIVADAS FUNDO DE INDICE - RESPONSABILIDADE LIMITADA;2025-11-30;1059103;Certificado ou recibo de depósito de valores mobiliários;0;0;1802406;;2026-02-28
CLASSES FIIM;57.091.195/0001-40;SAFRA ETF IBOVESPA EMPRESAS PRIVADAS FUNDO DE INDICE - RESPONSABILIDADE LIMITADA;2025-11-30;1059103;Mercado Futuro - Posições compradas;0;0;1752;;2026-02-28
CLASSES FIIM;57.091.195/0001-40;SAFRA ETF IBOVESPA EMPRESAS PRIVADAS FUNDO DE INDICE - RESPONSABILIDADE LIMITADA;2025-11-30;1059103;Operações Compromissadas;;;86326;;2026-02-28
CLASSES FIIM;57.091.195/0001-40;SAFRA ETF IBOVESPA EMPRESAS PRIVADAS FUNDO DE INDICE - RESPONSABILIDADE LIMITADA;2025-11-30;1059103;Títulos Públicos;0;0;71447;;2026-02-28
CLASSES FIIM;57.091.257/0001-13;SAFRA ETF IBOVESPA EMPRESAS ESTATAIS FUNDO DE INDICE - RESPONSABILIDADE LIMITADA;2025-11-30;1059108;Ações;0;0;10485890;;2026-02-28
CLASSES FIIM;57.091.257/0001-13;SAFRA ETF IBOVESPA EMPRESAS ESTATAIS FUNDO DE INDICE - RESPONSABILIDADE LIMITADA;2025-11-30;1059108;Mercado Futuro - Posições compradas;0;0;2696;;2026-02-28
CLASSES FIIM;57.091.257/0001-13;SAFRA ETF IBOVESPA EMPRESAS ESTATAIS FUNDO DE INDICE - RESPONSABILIDADE LIMITADA;2025-11-30;1059108;Mercado Futuro - Posições vendidas;0;0;-674;;2026-02-28
CLASSES FIIM;57.091.257/0001-13;SAFRA ETF IBOVESPA EMPRESAS ESTATAIS FUNDO DE INDICE - RESPONSABILIDADE LIMITADA;2025-11-30;1059108;Operações Compromissadas;;;27982;;2026-02-28
CLASSES FIIM;57.091.257/0001-13;SAFRA ETF IBOVESPA EMPRESAS ESTATAIS FUNDO DE INDICE - RESPONSABILIDADE LIMITADA;2025-11-30;1059108;Títulos Públicos;0;0;35723;;2026-02-28
CLASSES FIIM;61.736.225/0001-03;GENIAL TEVA DEBÊNTURES DI QUALITY HIGH BETA  FUNDO DE ÍNDICE;2025-11-30;1059906;Cotas de Fundos;;;822816;;2026-02-28
CLASSES FIIM;61.736.225/0001-03;GENIAL TEVA DEBÊNTURES DI QUALITY HIGH BETA  FUNDO DE ÍNDICE;2025-11-30;1059906;Debêntures;;;42464223;;2026-02-28
CLASSES FIIM;61.736.225/0001-03;GENIAL TEVA DEBÊNTURES DI QUALITY HIGH BETA  FUNDO DE ÍNDICE;2025-11-30;1059906;Disponibilidades;;;3000;;2026-02-28
CLASSES FIIM;61.736.225/0001-03;GENIAL TEVA DEBÊNTURES DI QUALITY HIGH BETA  FUNDO DE ÍNDICE;2025-11-30;1059906;Títulos Públicos;0;0;426497;;2026-02-28
CLASSES FIIM;61.736.225/0001-03;GENIAL TEVA DEBÊNTURES DI QUALITY HIGH BETA  FUNDO DE ÍNDICE;2025-11-30;1059906;Valores a pagar;;;15056;;2026-02-28
CLASSES FIIM;61.736.225/0001-03;GENIAL TEVA DEBÊNTURES DI QUALITY HIGH BETA  FUNDO DE ÍNDICE;2025-11-30;1059906;Valores a receber;;;2019;;2026-02-28
CLASSES FIIM;62.211.601/0001-09;BUENA VISTA NEOS GOLD HIGH INCOME INDEX FUNDO DE ÍNDICE DE RESPONSABILIDADE LIMITADA;2025-11-30;1057344;Investimento no Exterior;0;3176460;22862424;;2026-02-28
CLASSES FIIM;63.209.544/0001-88;BUENA VISTA DEX NEOS INTERNATIONAL HIGH INCOME FUNDO DE ÍNDICE DE RESPONSABILIDADE LIMITADA;2025-11-30;1057346;Investimento no Exterior;0;127832;8820613;;2026-02-28
FIDC;11.702.303/0001-72;CAPITAL ONE FUNDO DE INVESTIMENTO EM COTAS DE FUNDOS DE INVESTIMENTO DIREITOS CREDITÓRIOS;2025-11-30;1061324;Cotas de Fundos;;;55567288;;2026-02-28
FIDC;11.702.303/0001-72;CAPITAL ONE FUNDO DE INVESTIMENTO EM COTAS DE FUNDOS DE INVESTIMENTO DIREITOS CREDITÓRIOS;2025-11-30;1061324;Outras aplicações;;;1513514;;2026-02-28
FIDC;11.702.303/0001-72;CAPITAL ONE FUNDO DE INVESTIMENTO EM COTAS DE FUNDOS DE INVESTIMENTO DIREITOS CREDITÓRIOS;2025-11-30;1061324;Títulos Públicos;0;0;3555833;;2026-02-28
FIDC;11.702.303/0001-72;CAPITAL ONE FUNDO DE INVESTIMENTO EM COTAS DE FUNDOS DE INVESTIMENTO DIREITOS CREDITÓRIOS;2025-11-30;1061324;Valores a pagar;;;653683;;2026-02-28
FIDC;11.702.303/0001-72;CAPITAL ONE FUNDO DE INVESTIMENTO EM COTAS DE FUNDOS DE INVESTIMENTO DIREITOS CREDITÓRIOS;2025-11-30;1061324;Valores a receber;;;4453;;2026-02-28
FIDC;37.013.332/0001-10;VERDE AM CE II FUNDO DE INVESTIMENTO EM COTAS DE FIDC RESPONSABILIDADE LIMITADA;2025-11-30;1055867;Cotas de Fundos;;;257685745;;2026-02-28
FIDC;39.285.627/0001-71;GV LAGUNA FUNDO DE INVESTIMENTO EM COTAS DE FUNDO DE INVESTIMENTO EM DIREITOS CREDITÓRIOS;2025-11-30;1055130;Cotas de Fundos;;;158576490;;2026-02-28
FIDC;39.285.627/0001-71;GV LAGUNA FUNDO DE INVESTIMENTO EM COTAS DE FUNDO DE INVESTIMENTO EM DIREITOS CREDITÓRIOS;2025-11-30;1055130;Disponibilidades;;;55;;2026-02-28
FIDC;39.285.627/0001-71;GV LAGUNA FUNDO DE INVESTIMENTO EM COTAS DE FUNDO DE INVESTIMENTO EM DIREITOS CREDITÓRIOS;2025-11-30;1055130;Valores a pagar;;;283680;;2026-02-28
FIDC;39.285.627/0001-71;GV LAGUNA FUNDO DE INVESTIMENTO EM COTAS DE FUNDO DE INVESTIMENTO EM DIREITOS CREDITÓRIOS;2025-11-30;1055130;Valores a receber;;;5008445;;2026-02-28
FIDC;42.827.518/0001-43;VERDE AM CRÉDITO ESTRUTURADO FIDC - CIC EM DIREITOS CREDITÓRIOS - RESPONSABILIDADE LIMITADA;2025-11-30;1055868;Cotas de Fundos;0;0;916240696;;2026-02-28
FIDC;45.026.487/0001-10;EVEREST 30 FUNDO DE INVESTIMENTO EM COTAS DE FUNDO DE INVESTIMENTO EM DIREITOS CREDITÓRIOS;2025-11-30;1055121;Cotas de Fundos;;;29687743;;2026-02-28
FIDC;45.026.487/0001-10;EVEREST 30 FUNDO DE INVESTIMENTO EM COTAS DE FUNDO DE INVESTIMENTO EM DIREITOS CREDITÓRIOS;2025-11-30;1055121;Disponibilidades;;;19;;2026-02-28
FIDC;45.026.487/0001-10;EVEREST 30 FUNDO DE INVESTIMENTO EM COTAS DE FUNDO DE INVESTIMENTO EM DIREITOS CREDITÓRIOS;2025-11-30;1055121;Valores a pagar;;;211536;;2026-02-28
FIDC;45.026.487/0001-10;EVEREST 30 FUNDO DE INVESTIMENTO EM COTAS DE FUNDO DE INVESTIMENTO EM DIREITOS CREDITÓRIOS;2025-11-30;1055121;Valores a receber;;;3940;;2026-02-28
FIDC;50.059.717/0001-87;STARKE 180 FUNDO DE INVESTIMENTO EM COTAS DE FIDC - RESPONSABILIDADE LIMITADA;2025-11-30;1055131;Cotas de Fundos;;;16961834;;2026-02-28
FIDC;50.059.717/0001-87;STARKE 180 FUNDO DE INVESTIMENTO EM COTAS DE FIDC - RESPONSABILIDADE LIMITADA;2025-11-30;1055131;Disponibilidades;;;70;;2026-02-28
FIDC;50.059.717/0001-87;STARKE 180 FUNDO DE INVESTIMENTO EM COTAS DE FIDC - RESPONSABILIDADE LIMITADA;2025-11-30;1055131;Valores a pagar;;;19079;;2026-02-28
FIDC;50.059.717/0001-87;STARKE 180 FUNDO DE INVESTIMENTO EM COTAS DE FIDC - RESPONSABILIDADE LIMITADA;2025-11-30;1055131;Valores a receber;;;2955;;2026-02-28
FIDC;56.823.028/0001-83;CLASSE ÚNICA DE COTAS DO CLUBE DO VALOR SELEÇÃO CRÉDITO ESTRUTURADO FIC DE FIDC RESP LIMITADA;2025-11-30;1059857;Cotas de Fundos;;;13122528;;2026-02-28
FIDC;56.823.028/0001-83;CLASSE ÚNICA DE COTAS DO CLUBE DO VALOR SELEÇÃO CRÉDITO ESTRUTURADO FIC DE FIDC RESP LIMITADA;2025-11-30;1059857;Disponibilidades;;;1000;;2026-02-28
FIDC;56.823.028/0001-83;CLASSE ÚNICA DE COTAS DO CLUBE DO VALOR SELEÇÃO CRÉDITO ESTRUTURADO FIC DE FIDC RESP LIMITADA;2025-11-30;1059857;Valores a pagar;;;8057;;2026-02-28
FIDC;56.823.028/0001-83;CLASSE ÚNICA DE COTAS DO CLUBE DO VALOR SELEÇÃO CRÉDITO ESTRUTURADO FIC DE FIDC RESP LIMITADA;2025-11-30;1059857;Valores a receber;;;680;;2026-02-28
FIDC;56.964.123/0001-05;CAVORETTO FUNDO DE INVESTIMENTO EM COTAS DE FUNDO DE INVESTIMENTO EM DIREITOS CREDITÓRIOS;2025-11-30;1055120;Cotas de Fundos;;;31286939;;2026-02-28
FIDC;56.964.123/0001-05;CAVORETTO FUNDO DE INVESTIMENTO EM COTAS DE FUNDO DE INVESTIMENTO EM DIREITOS CREDITÓRIOS;2025-11-30;1055120;Disponibilidades;;;0;;2026-02-28
FIDC;56.964.123/0001-05;CAVORETTO FUNDO DE INVESTIMENTO EM COTAS DE FUNDO DE INVESTIMENTO EM DIREITOS CREDITÓRIOS;2025-11-30;1055120;Valores a pagar;;;41017;;2026-02-28
FIDC;56.964.123/0001-05;CAVORETTO FUNDO DE INVESTIMENTO EM COTAS DE FUNDO DE INVESTIMENTO EM DIREITOS CREDITÓRIOS;2025-11-30;1055120;Valores a receber;;;6566;;2026-02-28
FIDC;57.025.352/0001-19;M7 CAPITAL FUNDO DE INVESTIMENTO EM COTAS DE FUNDO DE INVESTIMENTO EM DIREITOS CREDITÓRIOS-RESP LIM;2025-11-30;1055126;Cotas de Fundos;;;7945839;;2026-02-28
FIDC;57.025.352/0001-19;M7 CAPITAL FUNDO DE INVESTIMENTO EM COTAS DE FUNDO DE INVESTIMENTO EM DIREITOS CREDITÓRIOS-RESP LIM;2025-11-30;1055126;Disponibilidades;;;7028;;2026-02-28
FIDC;57.025.352/0001-19;M7 CAPITAL FUNDO DE INVESTIMENTO EM COTAS DE FUNDO DE INVESTIMENTO EM DIREITOS CREDITÓRIOS-RESP LIM;2025-11-30;1055126;Títulos Públicos;0;0;4080;;2026-02-28
FIDC;57.025.352/0001-19;M7 CAPITAL FUNDO DE INVESTIMENTO EM COTAS DE FUNDO DE INVESTIMENTO EM DIREITOS CREDITÓRIOS-RESP LIM;2025-11-30;1055126;Valores a pagar;;;14523;;2026-02-28
FIDC;57.025.352/0001-19;M7 CAPITAL FUNDO DE INVESTIMENTO EM COTAS DE FUNDO DE INVESTIMENTO EM DIREITOS CREDITÓRIOS-RESP LIM;2025-11-30;1055126;Valores a receber;;;1313;;2026-02-28
FIDC;57.339.373/0001-09;EMPHASIS FUNDO DE INVESTIMENTO EM DIREITOS CREDITÓRIOS;2025-11-30;1055122;Cotas de Fundos;;;87228739;;2026-02-28
FIDC;57.339.373/0001-09;EMPHASIS FUNDO DE INVESTIMENTO EM DIREITOS CREDITÓRIOS;2025-11-30;1055122;Disponibilidades;;;100;;2026-02-28
FIDC;57.339.373/0001-09;EMPHASIS FUNDO DE INVESTIMENTO EM DIREITOS CREDITÓRIOS;2025-11-30;1055122;Valores a pagar;;;74005;;2026-02-28
FIDC;57.339.373/0001-09;EMPHASIS FUNDO DE INVESTIMENTO EM DIREITOS CREDITÓRIOS;2025-11-30;1055122;Valores a receber;;;18152;;2026-02-28
FIDC;59.260.452/0001-55;GOPIN FUNDO DE INVESTIMENTO EM COTAS DE FUNDO DE INVESTIMENTO EM DIREITOS CREDITÓRIOS;2025-11-30;1055123;Cotas de Fundos;;;35500382;;2026-02-28
FIDC;59.260.452/0001-55;GOPIN FUNDO DE INVESTIMENTO EM COTAS DE FUNDO DE INVESTIMENTO EM DIREITOS CREDITÓRIOS;2025-11-30;1055123;Disponibilidades;;;3361;;2026-02-28
FIDC;59.260.452/0001-55;GOPIN FUNDO DE INVESTIMENTO EM COTAS DE FUNDO DE INVESTIMENTO EM DIREITOS CREDITÓRIOS;2025-11-30;1055123;Valores a pagar;;;11526;;2026-02-28
FIDC;59.260.452/0001-55;GOPIN FUNDO DE INVESTIMENTO EM COTAS DE FUNDO DE INVESTIMENTO EM DIREITOS CREDITÓRIOS;2025-11-30;1055123;Valores a receber;;;2955;;2026-02-28
FIDC;59.791.370/0001-37;TATUHY FUNDO DE INVESTIMENTO EM COTAS DE FUNDO DE INVESTIMENTO EM DIREITOS CREDITÓRIOS;2025-11-30;1055135;Cotas de Fundos;;;4008001;;2026-02-28
FIDC;59.791.370/0001-37;TATUHY FUNDO DE INVESTIMENTO EM COTAS DE FUNDO DE INVESTIMENTO EM DIREITOS CREDITÓRIOS;2025-11-30;1055135;Disponibilidades;;;76805;;2026-02-28
FIDC;59.791.370/0001-37;TATUHY FUNDO DE INVESTIMENTO EM COTAS DE FUNDO DE INVESTIMENTO EM DIREITOS CREDITÓRIOS;2025-11-30;1055135;Valores a pagar;;;11723;;2026-02-28
FIDC;59.791.370/0001-37;TATUHY FUNDO DE INVESTIMENTO EM COTAS DE FUNDO DE INVESTIMENTO EM DIREITOS CREDITÓRIOS;2025-11-30;1055135;Valores a receber;;;0;;2026-02-28
FIDC;60.095.738/0001-01;REACH CRÉDITO ESTRUTURADO FIC DE FIDC RESP LIMITADA;2025-11-30;1059828;Cotas de Fundos;;;71206242;;2026-02-28
FIDC;60.095.738/0001-01;REACH CRÉDITO ESTRUTURADO FIC DE FIDC RESP LIMITADA;2025-11-30;1059828;Disponibilidades;;;1000;;2026-02-28
FIDC;60.095.738/0001-01;REACH CRÉDITO ESTRUTURADO FIC DE FIDC RESP LIMITADA;2025-11-30;1059828;Valores a pagar;;;177388;;2026-02-28
FIDC;60.095.738/0001-01;REACH CRÉDITO ESTRUTURADO FIC DE FIDC RESP LIMITADA;2025-11-30;1059828;Valores a receber;;;66993;;2026-02-28
FIIM;60.553.995/0001-40;ISHARES BOVESPA BR+ CAP 5% B3 CLASSE DE ÍNDICE - RESPONSABILIDADE LIMITADA;2025-11-30;1059328;Ações;44601;102517;15975004;;2026-02-28
FIIM;60.553.995/0001-40;ISHARES BOVESPA BR+ CAP 5% B3 CLASSE DE ÍNDICE - RESPONSABILIDADE LIMITADA;2025-11-30;1059328;Brazilian Depository Receipt - BDR;;;3136377;;2026-02-28
FIIM;60.553.995/0001-40;ISHARES BOVESPA BR+ CAP 5% B3 CLASSE DE ÍNDICE - RESPONSABILIDADE LIMITADA;2025-11-30;1059328;Certificado ou recibo de depósito de valores mobiliários;;;1111069;;2026-02-28
FIIM;60.553.995/0001-40;ISHARES BOVESPA BR+ CAP 5% B3 CLASSE DE ÍNDICE - RESPONSABILIDADE LIMITADA;2025-11-30;1059328;Disponibilidades;;;10232;;2026-02-28
FIIM;60.553.995/0001-40;ISHARES BOVESPA BR+ CAP 5% B3 CLASSE DE ÍNDICE - RESPONSABILIDADE LIMITADA;2025-11-30;1059328;Mercado Futuro - Posições compradas;;;404;;2026-02-28
FIIM;60.553.995/0001-40;ISHARES BOVESPA BR+ CAP 5% B3 CLASSE DE ÍNDICE - RESPONSABILIDADE LIMITADA;2025-11-30;1059328;Operações Compromissadas;;;46903;;2026-02-28
FIIM;60.553.995/0001-40;ISHARES BOVESPA BR+ CAP 5% B3 CLASSE DE ÍNDICE - RESPONSABILIDADE LIMITADA;2025-11-30;1059328;Valores a pagar;;;10029;;2026-02-28
FIIM;60.553.995/0001-40;ISHARES BOVESPA BR+ CAP 5% B3 CLASSE DE ÍNDICE - RESPONSABILIDADE LIMITADA;2025-11-30;1059328;Valores a receber;;;127718;;2026-02-28
FIIM;60.554.347/0001-08;ISHARES BOVESPA BR+ EQUAL WEIGHT B3 CLASSE DE ÍNDICE - RESPONSABILIDADE LIMITADA;2025-11-30;1059327;Ações;0;37811;16667747;;2026-02-28
FIIM;60.554.347/0001-08;ISHARES BOVESPA BR+ EQUAL WEIGHT B3 CLASSE DE ÍNDICE - RESPONSABILIDADE LIMITADA;2025-11-30;1059327;Brazilian Depository Receipt - BDR;;;1516488;;2026-02-28
FIIM;60.554.347/0001-08;ISHARES BOVESPA BR+ EQUAL WEIGHT B3 CLASSE DE ÍNDICE - RESPONSABILIDADE LIMITADA;2025-11-30;1059327;Certificado ou recibo de depósito de valores mobiliários;;;1452403;;2026-02-28
FIIM;60.554.347/0001-08;ISHARES BOVESPA BR+ EQUAL WEIGHT B3 CLASSE DE ÍNDICE - RESPONSABILIDADE LIMITADA;2025-11-30;1059327;Disponibilidades;;;13858;;2026-02-28
FIIM;60.554.347/0001-08;ISHARES BOVESPA BR+ EQUAL WEIGHT B3 CLASSE DE ÍNDICE - RESPONSABILIDADE LIMITADA;2025-11-30;1059327;Mercado Futuro - Posições compradas;;;269;;2026-02-28
FIIM;60.554.347/0001-08;ISHARES BOVESPA BR+ EQUAL WEIGHT B3 CLASSE DE ÍNDICE - RESPONSABILIDADE LIMITADA;2025-11-30;1059327;Operações Compromissadas;;;23451;;2026-02-28
FIIM;60.554.347/0001-08;ISHARES BOVESPA BR+ EQUAL WEIGHT B3 CLASSE DE ÍNDICE - RESPONSABILIDADE LIMITADA;2025-11-30;1059327;Valores a pagar;;;10040;;2026-02-28
FIIM;60.554.347/0001-08;ISHARES BOVESPA BR+ EQUAL WEIGHT B3 CLASSE DE ÍNDICE - RESPONSABILIDADE LIMITADA;2025-11-30;1059327;Valores a receber;;;101701;;2026-02-28
FIIM;61.846.717/0001-43;NU NASDAQ BRAZIL BITCOIN CARRY FUTURES  CLASSE DE ÍNDICE - RESPONSABILIDADE LIMITADA;2025-11-30;1056942;Cotas de Fundos;;;533085;;2026-02-28
FIIM;61.846.717/0001-43;NU NASDAQ BRAZIL BITCOIN CARRY FUTURES  CLASSE DE ÍNDICE - RESPONSABILIDADE LIMITADA;2025-11-30;1056942;Disponibilidades;;;3000;;2026-02-28
FIIM;61.846.717/0001-43;NU NASDAQ BRAZIL BITCOIN CARRY FUTURES  CLASSE DE ÍNDICE - RESPONSABILIDADE LIMITADA;2025-11-30;1056942;Mercado Futuro - Posições compradas;;;-18227;;2026-02-28
FIIM;61.846.717/0001-43;NU NASDAQ BRAZIL BITCOIN CARRY FUTURES  CLASSE DE ÍNDICE - RESPONSABILIDADE LIMITADA;2025-11-30;1056942;Títulos Públicos;975303;0;3348300;;2026-02-28
FIIM;61.846.717/0001-43;NU NASDAQ BRAZIL BITCOIN CARRY FUTURES  CLASSE DE ÍNDICE - RESPONSABILIDADE LIMITADA;2025-11-30;1056942;Valores a pagar;;;10414;;2026-02-28
FIIM;61.846.717/0001-43;NU NASDAQ BRAZIL BITCOIN CARRY FUTURES  CLASSE DE ÍNDICE - RESPONSABILIDADE LIMITADA;2025-11-30;1056942;Valores a receber;;;2241;;2026-02-28
FIIM;62.344.693/0001-97;NU IBOXX HIGH YIELD HEDGE CARRY BRL CLASSE  DE ÍNDICE - RESPONSABILIDADE LIMITADA;2025-11-30;1059289;Brazilian Depository Receipt - BDR;;;321656;;2026-02-28
FIIM;62.344.693/0001-97;NU IBOXX HIGH YIELD HEDGE CARRY BRL CLASSE  DE ÍNDICE - RESPONSABILIDADE LIMITADA;2025-11-30;1059289;Cotas de Fundos;;;829598;;2026-02-28
FIIM;62.344.693/0001-97;NU IBOXX HIGH YIELD HEDGE CARRY BRL CLASSE  DE ÍNDICE - RESPONSABILIDADE LIMITADA;2025-11-30;1059289;Disponibilidades;;;26537;;2026-02-28
FIIM;62.344.693/0001-97;NU IBOXX HIGH YIELD HEDGE CARRY BRL CLASSE  DE ÍNDICE - RESPONSABILIDADE LIMITADA;2025-11-30;1059289;Investimento no Exterior;;;10442727;;2026-02-28
FIIM;62.344.693/0001-97;NU IBOXX HIGH YIELD HEDGE CARRY BRL CLASSE  DE ÍNDICE - RESPONSABILIDADE LIMITADA;2025-11-30;1059289;Mercado Futuro - Posições vendidas;;;59692;;2026-02-28
FIIM;62.344.693/0001-97;NU IBOXX HIGH YIELD HEDGE CARRY BRL CLASSE  DE ÍNDICE - RESPONSABILIDADE LIMITADA;2025-11-30;1059289;Títulos Públicos;0;1332462;3725594;;2026-02-28
FIIM;62.344.693/0001-97;NU IBOXX HIGH YIELD HEDGE CARRY BRL CLASSE  DE ÍNDICE - RESPONSABILIDADE LIMITADA;2025-11-30;1059289;Valores a pagar;;;3114;;2026-02-28
FIIM;62.344.693/0001-97;NU IBOXX HIGH YIELD HEDGE CARRY BRL CLASSE  DE ÍNDICE - RESPONSABILIDADE LIMITADA;2025-11-30;1059289;Valores a receber;;;2109;;2026-02-28
FIIM;62.344.793/0001-13;NU IBOXX INVESTMENT GRADE HEDGE CARRY BRL  CLASSE DE ÍNDICE - RESPONSABILIDADE LIMITADA;2025-11-30;1057554;Brazilian Depository Receipt - BDR;;;126076;;2026-02-28
FIIM;62.344.793/0001-13;NU IBOXX INVESTMENT GRADE HEDGE CARRY BRL  CLASSE DE ÍNDICE - RESPONSABILIDADE LIMITADA;2025-11-30;1057554;Cotas de Fundos;;;201370;;2026-02-28
FIIM;62.344.793/0001-13;NU IBOXX INVESTMENT GRADE HEDGE CARRY BRL  CLASSE DE ÍNDICE - RESPONSABILIDADE LIMITADA;2025-11-30;1057554;Disponibilidades;;;22908;;2026-02-28
FIIM;62.344.793/0001-13;NU IBOXX INVESTMENT GRADE HEDGE CARRY BRL  CLASSE DE ÍNDICE - RESPONSABILIDADE LIMITADA;2025-11-30;1057554;Investimento no Exterior;;;4478918;;2026-02-28
FIIM;62.344.793/0001-13;NU IBOXX INVESTMENT GRADE HEDGE CARRY BRL  CLASSE DE ÍNDICE - RESPONSABILIDADE LIMITADA;2025-11-30;1057554;Mercado Futuro - Posições vendidas;;;25667;;2026-02-28
FIIM;62.344.793/0001-13;NU IBOXX INVESTMENT GRADE HEDGE CARRY BRL  CLASSE DE ÍNDICE - RESPONSABILIDADE LIMITADA;2025-11-30;1057554;Títulos Públicos;0;3472091;10535054;;2026-02-28
FIIM;62.344.793/0001-13;NU IBOXX INVESTMENT GRADE HEDGE CARRY BRL  CLASSE DE ÍNDICE - RESPONSABILIDADE LIMITADA;2025-11-30;1057554;Valores a pagar;;;2059;;2026-02-28
FIIM;62.344.793/0001-13;NU IBOXX INVESTMENT GRADE HEDGE CARRY BRL  CLASSE DE ÍNDICE - RESPONSABILIDADE LIMITADA;2025-11-30;1057554;Valores a receber;;;2119;;2026-02-28
FIIM;63.001.985/0001-90;NU CDI TESOURO SELIC B3 CLASSE DE ÍNDICE - RESPONSABILIDADE LIMITADA;2025-11-30;1059290;Cotas de Fundos;;;407026;;2026-02-28
FIIM;63.001.985/0001-90;NU CDI TESOURO SELIC B3 CLASSE DE ÍNDICE - RESPONSABILIDADE LIMITADA;2025-11-30;1059290;Disponibilidades;;;3000;;2026-02-28
FIIM;63.001.985/0001-90;NU CDI TESOURO SELIC B3 CLASSE DE ÍNDICE - RESPONSABILIDADE LIMITADA;2025-11-30;1059290;Títulos Públicos;0;14866949;25001871;;2026-02-28
FIIM;63.001.985/0001-90;NU CDI TESOURO SELIC B3 CLASSE DE ÍNDICE - RESPONSABILIDADE LIMITADA;2025-11-30;1059290;Valores a pagar;;;2860;;2026-02-28
FIIM;63.001.985/0001-90;NU CDI TESOURO SELIC B3 CLASSE DE ÍNDICE - RESPONSABILIDADE LIMITADA;2025-11-30;1059290;Valores a receber;;;0;;2026-02-28
